{"level":30,"time":1770885387672,"env":"development","version":"2.6.5","pid":39784,"requestId":"A3EKB-JO6NU","timestamp":"2026-02-12T08:36:27.670Z","operation":"loggerInit","msg":"Logger initialized. MCP level: debug."}
{"level":30,"time":1770885387673,"env":"development","version":"2.6.5","pid":39784,"requestId":"QDX5Z-67O0S","timestamp":"2026-02-12T08:36:27.673Z","operation":"LoggerInit","msg":"Logger initialized. Effective MCP logging level: debug."}
{"level":30,"time":1770885387673,"env":"development","version":"2.6.5","pid":39784,"runtime":"node","runtimeVersion":"Node.js 25.6.1","requestId":"FSILF-MGDW5","timestamp":"2026-02-12T08:36:27.673Z","operation":"RuntimeDetection","msg":"Runtime detected: Node.js 25.6.1"}
{"level":30,"time":1770885387673,"env":"development","version":"2.6.5","pid":39784,"requestId":"PMG76-QTQ57","timestamp":"2026-02-12T08:36:27.673Z","operation":"StorageInit","msg":"Storage service initialized with provider: in-memory"}
{"level":30,"time":1770885387673,"env":"development","version":"2.6.5","pid":39784,"applicationName":"@cyanheads/git-mcp-server","applicationVersion":"2.6.5","nodeEnvironment":"development","requestId":"9NVCY-293Q4","timestamp":"2026-02-12T08:36:27.673Z","operation":"ServerStartup","msg":"Starting @cyanheads/git-mcp-server (v2.6.5)..."}
{"level":30,"time":1770885387673,"env":"development","version":"2.6.5","pid":39784,"transport":"stdio","requestId":"DJK44-G8D2Y","timestamp":"2026-02-12T08:36:27.673Z","operation":"TransportManager.start","msg":"Starting transport: stdio"}
{"level":30,"time":1770885387673,"env":"development","version":"2.6.5","pid":39784,"requestId":"N4144-AED2W","timestamp":"2026-02-12T08:36:27.673Z","operation":"createMcpServerInstance","msg":"Initializing MCP server instance"}
{"level":20,"time":1770885387673,"env":"development","version":"2.6.5","pid":39784,"requestId":"8JEWL-IE7SN","timestamp":"2026-02-12T08:36:27.673Z","newConfigState":{"appName":"@cyanheads/git-mcp-server","appVersion":"2.6.5","environment":"development"},"operation":"RequestContextService.configure","msg":"RequestContextService configuration updated"}
{"level":20,"time":1770885387677,"env":"development","version":"2.6.5","pid":39784,"requestId":"N4144-AED2W","timestamp":"2026-02-12T08:36:27.673Z","operation":"createMcpServerInstance","msg":"Registering all MCP capabilities via registries..."}
{"level":30,"time":1770885387678,"env":"development","version":"2.6.5","pid":39784,"requestId":"Q4ASS-EZFTU","timestamp":"2026-02-12T08:36:27.678Z","operation":"ToolRegistry.registerAll","msg":"Registering 27 tool(s)..."}
{"level":20,"time":1770885387678,"env":"development","version":"2.6.5","pid":39784,"toolName":"git_add","requestId":"GTTCI-HEW1U","timestamp":"2026-02-12T08:36:27.678Z","operation":"ToolRegistry.registerTool","msg":"Registering tool: 'git_add'"}
{"level":30,"time":1770885387678,"env":"development","version":"2.6.5","pid":39784,"toolName":"git_add","requestId":"GTTCI-HEW1U","timestamp":"2026-02-12T08:36:27.678Z","operation":"ToolRegistry.registerTool","msg":"Tool 'git_add' registered successfully."}
{"level":20,"time":1770885387678,"env":"development","version":"2.6.5","pid":39784,"toolName":"git_blame","requestId":"031H1-XMEHE","timestamp":"2026-02-12T08:36:27.678Z","operation":"ToolRegistry.registerTool","msg":"Registering tool: 'git_blame'"}
{"level":30,"time":1770885387678,"env":"development","version":"2.6.5","pid":39784,"toolName":"git_blame","requestId":"031H1-XMEHE","timestamp":"2026-02-12T08:36:27.678Z","operation":"ToolRegistry.registerTool","msg":"Tool 'git_blame' registered successfully."}
{"level":20,"time":1770885387678,"env":"development","version":"2.6.5","pid":39784,"toolName":"git_branch","requestId":"JSBSK-LN70L","timestamp":"2026-02-12T08:36:27.678Z","operation":"ToolRegistry.registerTool","msg":"Registering tool: 'git_branch'"}
{"level":30,"time":1770885387678,"env":"development","version":"2.6.5","pid":39784,"toolName":"git_branch","requestId":"JSBSK-LN70L","timestamp":"2026-02-12T08:36:27.678Z","operation":"ToolRegistry.registerTool","msg":"Tool 'git_branch' registered successfully."}
{"level":20,"time":1770885387679,"env":"development","version":"2.6.5","pid":39784,"toolName":"git_checkout","requestId":"DQQSK-CWEO5","timestamp":"2026-02-12T08:36:27.679Z","operation":"ToolRegistry.registerTool","msg":"Registering tool: 'git_checkout'"}
{"level":30,"time":1770885387679,"env":"development","version":"2.6.5","pid":39784,"toolName":"git_checkout","requestId":"DQQSK-CWEO5","timestamp":"2026-02-12T08:36:27.679Z","operation":"ToolRegistry.registerTool","msg":"Tool 'git_checkout' registered successfully."}
{"level":20,"time":1770885387679,"env":"development","version":"2.6.5","pid":39784,"toolName":"git_cherry_pick","requestId":"DG1NC-HI2MI","timestamp":"2026-02-12T08:36:27.679Z","operation":"ToolRegistry.registerTool","msg":"Registering tool: 'git_cherry_pick'"}
{"level":30,"time":1770885387679,"env":"development","version":"2.6.5","pid":39784,"toolName":"git_cherry_pick","requestId":"DG1NC-HI2MI","timestamp":"2026-02-12T08:36:27.679Z","operation":"ToolRegistry.registerTool","msg":"Tool 'git_cherry_pick' registered successfully."}
{"level":20,"time":1770885387679,"env":"development","version":"2.6.5","pid":39784,"toolName":"git_clean","requestId":"4WS5D-8ZQG7","timestamp":"2026-02-12T08:36:27.679Z","operation":"ToolRegistry.registerTool","msg":"Registering tool: 'git_clean'"}
{"level":30,"time":1770885387679,"env":"development","version":"2.6.5","pid":39784,"toolName":"git_clean","requestId":"4WS5D-8ZQG7","timestamp":"2026-02-12T08:36:27.679Z","operation":"ToolRegistry.registerTool","msg":"Tool 'git_clean' registered successfully."}
{"level":20,"time":1770885387679,"env":"development","version":"2.6.5","pid":39784,"toolName":"git_clear_working_dir","requestId":"BTXJ6-FEA6W","timestamp":"2026-02-12T08:36:27.679Z","operation":"ToolRegistry.registerTool","msg":"Registering tool: 'git_clear_working_dir'"}
{"level":30,"time":1770885387679,"env":"development","version":"2.6.5","pid":39784,"toolName":"git_clear_working_dir","requestId":"BTXJ6-FEA6W","timestamp":"2026-02-12T08:36:27.679Z","operation":"ToolRegistry.registerTool","msg":"Tool 'git_clear_working_dir' registered successfully."}
{"level":20,"time":1770885387679,"env":"development","version":"2.6.5","pid":39784,"toolName":"git_clone","requestId":"Z0ULE-R5ZFM","timestamp":"2026-02-12T08:36:27.679Z","operation":"ToolRegistry.registerTool","msg":"Registering tool: 'git_clone'"}
{"level":30,"time":1770885387679,"env":"development","version":"2.6.5","pid":39784,"toolName":"git_clone","requestId":"Z0ULE-R5ZFM","timestamp":"2026-02-12T08:36:27.679Z","operation":"ToolRegistry.registerTool","msg":"Tool 'git_clone' registered successfully."}
{"level":20,"time":1770885387679,"env":"development","version":"2.6.5","pid":39784,"toolName":"git_commit","requestId":"1W4EZ-2RVD1","timestamp":"2026-02-12T08:36:27.679Z","operation":"ToolRegistry.registerTool","msg":"Registering tool: 'git_commit'"}
{"level":30,"time":1770885387679,"env":"development","version":"2.6.5","pid":39784,"toolName":"git_commit","requestId":"1W4EZ-2RVD1","timestamp":"2026-02-12T08:36:27.679Z","operation":"ToolRegistry.registerTool","msg":"Tool 'git_commit' registered successfully."}
{"level":20,"time":1770885387679,"env":"development","version":"2.6.5","pid":39784,"toolName":"git_diff","requestId":"88HEP-2PBP6","timestamp":"2026-02-12T08:36:27.679Z","operation":"ToolRegistry.registerTool","msg":"Registering tool: 'git_diff'"}
{"level":30,"time":1770885387679,"env":"development","version":"2.6.5","pid":39784,"toolName":"git_diff","requestId":"88HEP-2PBP6","timestamp":"2026-02-12T08:36:27.679Z","operation":"ToolRegistry.registerTool","msg":"Tool 'git_diff' registered successfully."}
{"level":20,"time":1770885387679,"env":"development","version":"2.6.5","pid":39784,"toolName":"git_fetch","requestId":"INRUT-V9226","timestamp":"2026-02-12T08:36:27.679Z","operation":"ToolRegistry.registerTool","msg":"Registering tool: 'git_fetch'"}
{"level":30,"time":1770885387679,"env":"development","version":"2.6.5","pid":39784,"toolName":"git_fetch","requestId":"INRUT-V9226","timestamp":"2026-02-12T08:36:27.679Z","operation":"ToolRegistry.registerTool","msg":"Tool 'git_fetch' registered successfully."}
{"level":20,"time":1770885387679,"env":"development","version":"2.6.5","pid":39784,"toolName":"git_init","requestId":"JAVR3-HTR91","timestamp":"2026-02-12T08:36:27.679Z","operation":"ToolRegistry.registerTool","msg":"Registering tool: 'git_init'"}
{"level":30,"time":1770885387679,"env":"development","version":"2.6.5","pid":39784,"toolName":"git_init","requestId":"JAVR3-HTR91","timestamp":"2026-02-12T08:36:27.679Z","operation":"ToolRegistry.registerTool","msg":"Tool 'git_init' registered successfully."}
{"level":20,"time":1770885387679,"env":"development","version":"2.6.5","pid":39784,"toolName":"git_log","requestId":"0WHHT-BPOOV","timestamp":"2026-02-12T08:36:27.679Z","operation":"ToolRegistry.registerTool","msg":"Registering tool: 'git_log'"}
{"level":30,"time":1770885387679,"env":"development","version":"2.6.5","pid":39784,"toolName":"git_log","requestId":"0WHHT-BPOOV","timestamp":"2026-02-12T08:36:27.679Z","operation":"ToolRegistry.registerTool","msg":"Tool 'git_log' registered successfully."}
{"level":20,"time":1770885387679,"env":"development","version":"2.6.5","pid":39784,"toolName":"git_merge","requestId":"YQ967-Z3WD4","timestamp":"2026-02-12T08:36:27.679Z","operation":"ToolRegistry.registerTool","msg":"Registering tool: 'git_merge'"}
{"level":30,"time":1770885387679,"env":"development","version":"2.6.5","pid":39784,"toolName":"git_merge","requestId":"YQ967-Z3WD4","timestamp":"2026-02-12T08:36:27.679Z","operation":"ToolRegistry.registerTool","msg":"Tool 'git_merge' registered successfully."}
{"level":20,"time":1770885387679,"env":"development","version":"2.6.5","pid":39784,"toolName":"git_pull","requestId":"FKMD9-C8TSK","timestamp":"2026-02-12T08:36:27.679Z","operation":"ToolRegistry.registerTool","msg":"Registering tool: 'git_pull'"}
{"level":30,"time":1770885387679,"env":"development","version":"2.6.5","pid":39784,"toolName":"git_pull","requestId":"FKMD9-C8TSK","timestamp":"2026-02-12T08:36:27.679Z","operation":"ToolRegistry.registerTool","msg":"Tool 'git_pull' registered successfully."}
{"level":20,"time":1770885387679,"env":"development","version":"2.6.5","pid":39784,"toolName":"git_push","requestId":"Z2YQL-F81HW","timestamp":"2026-02-12T08:36:27.679Z","operation":"ToolRegistry.registerTool","msg":"Registering tool: 'git_push'"}
{"level":30,"time":1770885387679,"env":"development","version":"2.6.5","pid":39784,"toolName":"git_push","requestId":"Z2YQL-F81HW","timestamp":"2026-02-12T08:36:27.679Z","operation":"ToolRegistry.registerTool","msg":"Tool 'git_push' registered successfully."}
{"level":20,"time":1770885387679,"env":"development","version":"2.6.5","pid":39784,"toolName":"git_rebase","requestId":"WLC4A-0Z88M","timestamp":"2026-02-12T08:36:27.679Z","operation":"ToolRegistry.registerTool","msg":"Registering tool: 'git_rebase'"}
{"level":30,"time":1770885387679,"env":"development","version":"2.6.5","pid":39784,"toolName":"git_rebase","requestId":"WLC4A-0Z88M","timestamp":"2026-02-12T08:36:27.679Z","operation":"ToolRegistry.registerTool","msg":"Tool 'git_rebase' registered successfully."}
{"level":20,"time":1770885387679,"env":"development","version":"2.6.5","pid":39784,"toolName":"git_reflog","requestId":"HSLGX-038PA","timestamp":"2026-02-12T08:36:27.679Z","operation":"ToolRegistry.registerTool","msg":"Registering tool: 'git_reflog'"}
{"level":30,"time":1770885387679,"env":"development","version":"2.6.5","pid":39784,"toolName":"git_reflog","requestId":"HSLGX-038PA","timestamp":"2026-02-12T08:36:27.679Z","operation":"ToolRegistry.registerTool","msg":"Tool 'git_reflog' registered successfully."}
{"level":20,"time":1770885387679,"env":"development","version":"2.6.5","pid":39784,"toolName":"git_remote","requestId":"NUSCK-87YBD","timestamp":"2026-02-12T08:36:27.679Z","operation":"ToolRegistry.registerTool","msg":"Registering tool: 'git_remote'"}
{"level":30,"time":1770885387679,"env":"development","version":"2.6.5","pid":39784,"toolName":"git_remote","requestId":"NUSCK-87YBD","timestamp":"2026-02-12T08:36:27.679Z","operation":"ToolRegistry.registerTool","msg":"Tool 'git_remote' registered successfully."}
{"level":20,"time":1770885387679,"env":"development","version":"2.6.5","pid":39784,"toolName":"git_reset","requestId":"UK0SM-VD0MC","timestamp":"2026-02-12T08:36:27.679Z","operation":"ToolRegistry.registerTool","msg":"Registering tool: 'git_reset'"}
{"level":30,"time":1770885387679,"env":"development","version":"2.6.5","pid":39784,"toolName":"git_reset","requestId":"UK0SM-VD0MC","timestamp":"2026-02-12T08:36:27.679Z","operation":"ToolRegistry.registerTool","msg":"Tool 'git_reset' registered successfully."}
{"level":20,"time":1770885387680,"env":"development","version":"2.6.5","pid":39784,"toolName":"git_set_working_dir","requestId":"GR0BF-I8ZF0","timestamp":"2026-02-12T08:36:27.680Z","operation":"ToolRegistry.registerTool","msg":"Registering tool: 'git_set_working_dir'"}
{"level":30,"time":1770885387680,"env":"development","version":"2.6.5","pid":39784,"toolName":"git_set_working_dir","requestId":"GR0BF-I8ZF0","timestamp":"2026-02-12T08:36:27.680Z","operation":"ToolRegistry.registerTool","msg":"Tool 'git_set_working_dir' registered successfully."}
{"level":20,"time":1770885387680,"env":"development","version":"2.6.5","pid":39784,"toolName":"git_show","requestId":"6NJ3C-88NCI","timestamp":"2026-02-12T08:36:27.680Z","operation":"ToolRegistry.registerTool","msg":"Registering tool: 'git_show'"}
{"level":30,"time":1770885387680,"env":"development","version":"2.6.5","pid":39784,"toolName":"git_show","requestId":"6NJ3C-88NCI","timestamp":"2026-02-12T08:36:27.680Z","operation":"ToolRegistry.registerTool","msg":"Tool 'git_show' registered successfully."}
{"level":20,"time":1770885387680,"env":"development","version":"2.6.5","pid":39784,"toolName":"git_stash","requestId":"PXG3Q-V387S","timestamp":"2026-02-12T08:36:27.680Z","operation":"ToolRegistry.registerTool","msg":"Registering tool: 'git_stash'"}
{"level":30,"time":1770885387680,"env":"development","version":"2.6.5","pid":39784,"toolName":"git_stash","requestId":"PXG3Q-V387S","timestamp":"2026-02-12T08:36:27.680Z","operation":"ToolRegistry.registerTool","msg":"Tool 'git_stash' registered successfully."}
{"level":20,"time":1770885387680,"env":"development","version":"2.6.5","pid":39784,"toolName":"git_status","requestId":"V87B1-JE5E4","timestamp":"2026-02-12T08:36:27.680Z","operation":"ToolRegistry.registerTool","msg":"Registering tool: 'git_status'"}
{"level":30,"time":1770885387680,"env":"development","version":"2.6.5","pid":39784,"toolName":"git_status","requestId":"V87B1-JE5E4","timestamp":"2026-02-12T08:36:27.680Z","operation":"ToolRegistry.registerTool","msg":"Tool 'git_status' registered successfully."}
{"level":20,"time":1770885387680,"env":"development","version":"2.6.5","pid":39784,"toolName":"git_tag","requestId":"6SQUL-4W5D4","timestamp":"2026-02-12T08:36:27.680Z","operation":"ToolRegistry.registerTool","msg":"Registering tool: 'git_tag'"}
{"level":30,"time":1770885387680,"env":"development","version":"2.6.5","pid":39784,"toolName":"git_tag","requestId":"6SQUL-4W5D4","timestamp":"2026-02-12T08:36:27.680Z","operation":"ToolRegistry.registerTool","msg":"Tool 'git_tag' registered successfully."}
{"level":20,"time":1770885387680,"env":"development","version":"2.6.5","pid":39784,"toolName":"git_worktree","requestId":"MXH6Q-EJQVF","timestamp":"2026-02-12T08:36:27.680Z","operation":"ToolRegistry.registerTool","msg":"Registering tool: 'git_worktree'"}
{"level":30,"time":1770885387680,"env":"development","version":"2.6.5","pid":39784,"toolName":"git_worktree","requestId":"MXH6Q-EJQVF","timestamp":"2026-02-12T08:36:27.680Z","operation":"ToolRegistry.registerTool","msg":"Tool 'git_worktree' registered successfully."}
{"level":20,"time":1770885387680,"env":"development","version":"2.6.5","pid":39784,"toolName":"git_wrapup_instructions","requestId":"GO0M1-L9W7H","timestamp":"2026-02-12T08:36:27.680Z","operation":"ToolRegistry.registerTool","msg":"Registering tool: 'git_wrapup_instructions'"}
{"level":30,"time":1770885387680,"env":"development","version":"2.6.5","pid":39784,"toolName":"git_wrapup_instructions","requestId":"GO0M1-L9W7H","timestamp":"2026-02-12T08:36:27.680Z","operation":"ToolRegistry.registerTool","msg":"Tool 'git_wrapup_instructions' registered successfully."}
{"level":30,"time":1770885387680,"env":"development","version":"2.6.5","pid":39784,"requestId":"TY4TI-35EM9","timestamp":"2026-02-12T08:36:27.680Z","operation":"ResourceRegistry.registerAll","msg":"Registering 1 resource(s)..."}
{"level":30,"time":1770885387680,"env":"development","version":"2.6.5","pid":39784,"requestId":"NKUF3-QXEDJ","timestamp":"2026-02-12T08:36:27.680Z","resourceName":"git-working-directory","operation":"RegisterResource","msg":"Registering resource: 'git-working-directory'"}
{"level":30,"time":1770885387680,"env":"development","version":"2.6.5","pid":39784,"requestId":"NKUF3-QXEDJ","timestamp":"2026-02-12T08:36:27.680Z","resourceName":"git-working-directory","operation":"RegisterResource","msg":"Resource 'git-working-directory' registered successfully."}
{"level":20,"time":1770885387681,"env":"development","version":"2.6.5","pid":39784,"requestId":"V17OQ-7DDBO","timestamp":"2026-02-12T08:36:27.681Z","operation":"PromptRegistry.registerAll","msg":"Registering 1 prompts..."}
{"level":20,"time":1770885387681,"env":"development","version":"2.6.5","pid":39784,"requestId":"V17OQ-7DDBO","timestamp":"2026-02-12T08:36:27.681Z","operation":"PromptRegistry.registerAll","msg":"Registering prompt: git_wrapup"}
{"level":30,"time":1770885387681,"env":"development","version":"2.6.5","pid":39784,"requestId":"V17OQ-7DDBO","timestamp":"2026-02-12T08:36:27.681Z","operation":"PromptRegistry.registerAll","msg":"Registered prompt: git_wrapup"}
{"level":30,"time":1770885387681,"env":"development","version":"2.6.5","pid":39784,"requestId":"V17OQ-7DDBO","timestamp":"2026-02-12T08:36:27.681Z","operation":"PromptRegistry.registerAll","msg":"Successfully registered 1 prompts"}
{"level":20,"time":1770885387681,"env":"development","version":"2.6.5","pid":39784,"requestId":"62NXQ-198G4","timestamp":"2026-02-12T08:36:27.681Z","operation":"RootsRegistry.registerAll","msg":"Roots capability enabled (client-provided roots)"}
{"level":30,"time":1770885387681,"env":"development","version":"2.6.5","pid":39784,"requestId":"62NXQ-198G4","timestamp":"2026-02-12T08:36:27.681Z","operation":"RootsRegistry.registerAll","msg":"Roots capability registered successfully"}
{"level":30,"time":1770885387681,"env":"development","version":"2.6.5","pid":39784,"requestId":"N4144-AED2W","timestamp":"2026-02-12T08:36:27.673Z","operation":"createMcpServerInstance","msg":"All MCP capabilities registered successfully"}
{"level":30,"time":1770885387681,"env":"development","version":"2.6.5","pid":39784,"transport":"stdio","requestId":"DJK44-G8D2Y","timestamp":"2026-02-12T08:36:27.673Z","operation":"connectStdioTransport","transportType":"Stdio","msg":"Attempting to connect stdio transport..."}
{"level":20,"time":1770885387681,"env":"development","version":"2.6.5","pid":39784,"transport":"stdio","requestId":"DJK44-G8D2Y","timestamp":"2026-02-12T08:36:27.673Z","operation":"connectStdioTransport","transportType":"Stdio","msg":"Creating StdioServerTransport instance..."}
{"level":20,"time":1770885387681,"env":"development","version":"2.6.5","pid":39784,"transport":"stdio","requestId":"DJK44-G8D2Y","timestamp":"2026-02-12T08:36:27.673Z","operation":"connectStdioTransport","transportType":"Stdio","msg":"Connecting McpServer instance to StdioServerTransport..."}
{"level":30,"time":1770885387682,"env":"development","version":"2.6.5","pid":39784,"transport":"stdio","requestId":"DJK44-G8D2Y","timestamp":"2026-02-12T08:36:27.673Z","operation":"connectStdioTransport","transportType":"Stdio","msg":"MCP Server connected and listening via stdio transport."}
{"level":30,"time":1770885387682,"env":"development","version":"2.6.5","pid":39784,"applicationName":"@cyanheads/git-mcp-server","applicationVersion":"2.6.5","nodeEnvironment":"development","requestId":"9NVCY-293Q4","timestamp":"2026-02-12T08:36:27.673Z","operation":"ServerStartup","msg":"@cyanheads/git-mcp-server is now running and ready."}
{"level":30,"time":1770885647809,"env":"development","version":"2.6.5","pid":43504,"requestId":"PSUAR-3XX0M","timestamp":"2026-02-12T08:40:47.807Z","operation":"loggerInit","msg":"Logger initialized. MCP level: debug."}
{"level":30,"time":1770885647809,"env":"development","version":"2.6.5","pid":43504,"requestId":"69NKZ-Y0D7U","timestamp":"2026-02-12T08:40:47.809Z","operation":"LoggerInit","msg":"Logger initialized. Effective MCP logging level: debug."}
{"level":30,"time":1770885647810,"env":"development","version":"2.6.5","pid":43504,"runtime":"node","runtimeVersion":"Node.js 25.6.1","requestId":"XCPAN-V5D70","timestamp":"2026-02-12T08:40:47.810Z","operation":"RuntimeDetection","msg":"Runtime detected: Node.js 25.6.1"}
{"level":30,"time":1770885647810,"env":"development","version":"2.6.5","pid":43504,"requestId":"77NCM-X4YQG","timestamp":"2026-02-12T08:40:47.810Z","operation":"StorageInit","msg":"Storage service initialized with provider: in-memory"}
{"level":30,"time":1770885647810,"env":"development","version":"2.6.5","pid":43504,"applicationName":"@cyanheads/git-mcp-server","applicationVersion":"2.6.5","nodeEnvironment":"development","requestId":"P12E8-95LBJ","timestamp":"2026-02-12T08:40:47.810Z","operation":"ServerStartup","msg":"Starting @cyanheads/git-mcp-server (v2.6.5)..."}
{"level":30,"time":1770885647810,"env":"development","version":"2.6.5","pid":43504,"transport":"stdio","requestId":"02D2I-Q3L9K","timestamp":"2026-02-12T08:40:47.810Z","operation":"TransportManager.start","msg":"Starting transport: stdio"}
{"level":30,"time":1770885647810,"env":"development","version":"2.6.5","pid":43504,"requestId":"TQQS4-7ZIRQ","timestamp":"2026-02-12T08:40:47.810Z","operation":"createMcpServerInstance","msg":"Initializing MCP server instance"}
{"level":20,"time":1770885647810,"env":"development","version":"2.6.5","pid":43504,"requestId":"YCHWV-TVQC0","timestamp":"2026-02-12T08:40:47.810Z","newConfigState":{"appName":"@cyanheads/git-mcp-server","appVersion":"2.6.5","environment":"development"},"operation":"RequestContextService.configure","msg":"RequestContextService configuration updated"}
{"level":20,"time":1770885647815,"env":"development","version":"2.6.5","pid":43504,"requestId":"TQQS4-7ZIRQ","timestamp":"2026-02-12T08:40:47.810Z","operation":"createMcpServerInstance","msg":"Registering all MCP capabilities via registries..."}
{"level":30,"time":1770885647815,"env":"development","version":"2.6.5","pid":43504,"requestId":"295TR-ISO6F","timestamp":"2026-02-12T08:40:47.815Z","operation":"ToolRegistry.registerAll","msg":"Registering 27 tool(s)..."}
{"level":20,"time":1770885647815,"env":"development","version":"2.6.5","pid":43504,"toolName":"git_add","requestId":"754YG-IZ84D","timestamp":"2026-02-12T08:40:47.815Z","operation":"ToolRegistry.registerTool","msg":"Registering tool: 'git_add'"}
{"level":30,"time":1770885647816,"env":"development","version":"2.6.5","pid":43504,"toolName":"git_add","requestId":"754YG-IZ84D","timestamp":"2026-02-12T08:40:47.815Z","operation":"ToolRegistry.registerTool","msg":"Tool 'git_add' registered successfully."}
{"level":20,"time":1770885647816,"env":"development","version":"2.6.5","pid":43504,"toolName":"git_blame","requestId":"8CLY2-1D2B2","timestamp":"2026-02-12T08:40:47.816Z","operation":"ToolRegistry.registerTool","msg":"Registering tool: 'git_blame'"}
{"level":30,"time":1770885647816,"env":"development","version":"2.6.5","pid":43504,"toolName":"git_blame","requestId":"8CLY2-1D2B2","timestamp":"2026-02-12T08:40:47.816Z","operation":"ToolRegistry.registerTool","msg":"Tool 'git_blame' registered successfully."}
{"level":20,"time":1770885647816,"env":"development","version":"2.6.5","pid":43504,"toolName":"git_branch","requestId":"J2F4W-SFQ84","timestamp":"2026-02-12T08:40:47.816Z","operation":"ToolRegistry.registerTool","msg":"Registering tool: 'git_branch'"}
{"level":30,"time":1770885647817,"env":"development","version":"2.6.5","pid":43504,"toolName":"git_branch","requestId":"J2F4W-SFQ84","timestamp":"2026-02-12T08:40:47.816Z","operation":"ToolRegistry.registerTool","msg":"Tool 'git_branch' registered successfully."}
{"level":20,"time":1770885647817,"env":"development","version":"2.6.5","pid":43504,"toolName":"git_checkout","requestId":"639B6-CIKG0","timestamp":"2026-02-12T08:40:47.817Z","operation":"ToolRegistry.registerTool","msg":"Registering tool: 'git_checkout'"}
{"level":30,"time":1770885647817,"env":"development","version":"2.6.5","pid":43504,"toolName":"git_checkout","requestId":"639B6-CIKG0","timestamp":"2026-02-12T08:40:47.817Z","operation":"ToolRegistry.registerTool","msg":"Tool 'git_checkout' registered successfully."}
{"level":20,"time":1770885647817,"env":"development","version":"2.6.5","pid":43504,"toolName":"git_cherry_pick","requestId":"RE4JH-SZTIN","timestamp":"2026-02-12T08:40:47.817Z","operation":"ToolRegistry.registerTool","msg":"Registering tool: 'git_cherry_pick'"}
{"level":30,"time":1770885647817,"env":"development","version":"2.6.5","pid":43504,"toolName":"git_cherry_pick","requestId":"RE4JH-SZTIN","timestamp":"2026-02-12T08:40:47.817Z","operation":"ToolRegistry.registerTool","msg":"Tool 'git_cherry_pick' registered successfully."}
{"level":20,"time":1770885647817,"env":"development","version":"2.6.5","pid":43504,"toolName":"git_clean","requestId":"O41OY-V925Y","timestamp":"2026-02-12T08:40:47.817Z","operation":"ToolRegistry.registerTool","msg":"Registering tool: 'git_clean'"}
{"level":30,"time":1770885647817,"env":"development","version":"2.6.5","pid":43504,"toolName":"git_clean","requestId":"O41OY-V925Y","timestamp":"2026-02-12T08:40:47.817Z","operation":"ToolRegistry.registerTool","msg":"Tool 'git_clean' registered successfully."}
{"level":20,"time":1770885647817,"env":"development","version":"2.6.5","pid":43504,"toolName":"git_clear_working_dir","requestId":"2KBTL-EO7B0","timestamp":"2026-02-12T08:40:47.817Z","operation":"ToolRegistry.registerTool","msg":"Registering tool: 'git_clear_working_dir'"}
{"level":30,"time":1770885647817,"env":"development","version":"2.6.5","pid":43504,"toolName":"git_clear_working_dir","requestId":"2KBTL-EO7B0","timestamp":"2026-02-12T08:40:47.817Z","operation":"ToolRegistry.registerTool","msg":"Tool 'git_clear_working_dir' registered successfully."}
{"level":20,"time":1770885647817,"env":"development","version":"2.6.5","pid":43504,"toolName":"git_clone","requestId":"JQ1A5-STOEZ","timestamp":"2026-02-12T08:40:47.817Z","operation":"ToolRegistry.registerTool","msg":"Registering tool: 'git_clone'"}
{"level":30,"time":1770885647817,"env":"development","version":"2.6.5","pid":43504,"toolName":"git_clone","requestId":"JQ1A5-STOEZ","timestamp":"2026-02-12T08:40:47.817Z","operation":"ToolRegistry.registerTool","msg":"Tool 'git_clone' registered successfully."}
{"level":20,"time":1770885647818,"env":"development","version":"2.6.5","pid":43504,"toolName":"git_commit","requestId":"VP3EP-69KBC","timestamp":"2026-02-12T08:40:47.817Z","operation":"ToolRegistry.registerTool","msg":"Registering tool: 'git_commit'"}
{"level":30,"time":1770885647818,"env":"development","version":"2.6.5","pid":43504,"toolName":"git_commit","requestId":"VP3EP-69KBC","timestamp":"2026-02-12T08:40:47.817Z","operation":"ToolRegistry.registerTool","msg":"Tool 'git_commit' registered successfully."}
{"level":20,"time":1770885647818,"env":"development","version":"2.6.5","pid":43504,"toolName":"git_diff","requestId":"5IT4M-6QF5U","timestamp":"2026-02-12T08:40:47.818Z","operation":"ToolRegistry.registerTool","msg":"Registering tool: 'git_diff'"}
{"level":30,"time":1770885647818,"env":"development","version":"2.6.5","pid":43504,"toolName":"git_diff","requestId":"5IT4M-6QF5U","timestamp":"2026-02-12T08:40:47.818Z","operation":"ToolRegistry.registerTool","msg":"Tool 'git_diff' registered successfully."}
{"level":20,"time":1770885647818,"env":"development","version":"2.6.5","pid":43504,"toolName":"git_fetch","requestId":"KXTDD-EG9F7","timestamp":"2026-02-12T08:40:47.818Z","operation":"ToolRegistry.registerTool","msg":"Registering tool: 'git_fetch'"}
{"level":30,"time":1770885647818,"env":"development","version":"2.6.5","pid":43504,"toolName":"git_fetch","requestId":"KXTDD-EG9F7","timestamp":"2026-02-12T08:40:47.818Z","operation":"ToolRegistry.registerTool","msg":"Tool 'git_fetch' registered successfully."}
{"level":20,"time":1770885647818,"env":"development","version":"2.6.5","pid":43504,"toolName":"git_init","requestId":"RXL07-PB962","timestamp":"2026-02-12T08:40:47.818Z","operation":"ToolRegistry.registerTool","msg":"Registering tool: 'git_init'"}
{"level":30,"time":1770885647818,"env":"development","version":"2.6.5","pid":43504,"toolName":"git_init","requestId":"RXL07-PB962","timestamp":"2026-02-12T08:40:47.818Z","operation":"ToolRegistry.registerTool","msg":"Tool 'git_init' registered successfully."}
{"level":20,"time":1770885647818,"env":"development","version":"2.6.5","pid":43504,"toolName":"git_log","requestId":"O2F7F-WGIAY","timestamp":"2026-02-12T08:40:47.818Z","operation":"ToolRegistry.registerTool","msg":"Registering tool: 'git_log'"}
{"level":30,"time":1770885647818,"env":"development","version":"2.6.5","pid":43504,"toolName":"git_log","requestId":"O2F7F-WGIAY","timestamp":"2026-02-12T08:40:47.818Z","operation":"ToolRegistry.registerTool","msg":"Tool 'git_log' registered successfully."}
{"level":20,"time":1770885647818,"env":"development","version":"2.6.5","pid":43504,"toolName":"git_merge","requestId":"00ZWP-9VWF0","timestamp":"2026-02-12T08:40:47.818Z","operation":"ToolRegistry.registerTool","msg":"Registering tool: 'git_merge'"}
{"level":30,"time":1770885647818,"env":"development","version":"2.6.5","pid":43504,"toolName":"git_merge","requestId":"00ZWP-9VWF0","timestamp":"2026-02-12T08:40:47.818Z","operation":"ToolRegistry.registerTool","msg":"Tool 'git_merge' registered successfully."}
{"level":20,"time":1770885647818,"env":"development","version":"2.6.5","pid":43504,"toolName":"git_pull","requestId":"56DYM-ZJJ86","timestamp":"2026-02-12T08:40:47.818Z","operation":"ToolRegistry.registerTool","msg":"Registering tool: 'git_pull'"}
{"level":30,"time":1770885647818,"env":"development","version":"2.6.5","pid":43504,"toolName":"git_pull","requestId":"56DYM-ZJJ86","timestamp":"2026-02-12T08:40:47.818Z","operation":"ToolRegistry.registerTool","msg":"Tool 'git_pull' registered successfully."}
{"level":20,"time":1770885647818,"env":"development","version":"2.6.5","pid":43504,"toolName":"git_push","requestId":"OBJ1X-IUGZG","timestamp":"2026-02-12T08:40:47.818Z","operation":"ToolRegistry.registerTool","msg":"Registering tool: 'git_push'"}
{"level":30,"time":1770885647818,"env":"development","version":"2.6.5","pid":43504,"toolName":"git_push","requestId":"OBJ1X-IUGZG","timestamp":"2026-02-12T08:40:47.818Z","operation":"ToolRegistry.registerTool","msg":"Tool 'git_push' registered successfully."}
{"level":20,"time":1770885647818,"env":"development","version":"2.6.5","pid":43504,"toolName":"git_rebase","requestId":"IN2U4-XHG34","timestamp":"2026-02-12T08:40:47.818Z","operation":"ToolRegistry.registerTool","msg":"Registering tool: 'git_rebase'"}
{"level":30,"time":1770885647818,"env":"development","version":"2.6.5","pid":43504,"toolName":"git_rebase","requestId":"IN2U4-XHG34","timestamp":"2026-02-12T08:40:47.818Z","operation":"ToolRegistry.registerTool","msg":"Tool 'git_rebase' registered successfully."}
{"level":20,"time":1770885647818,"env":"development","version":"2.6.5","pid":43504,"toolName":"git_reflog","requestId":"4NYL1-D7Z06","timestamp":"2026-02-12T08:40:47.818Z","operation":"ToolRegistry.registerTool","msg":"Registering tool: 'git_reflog'"}
{"level":30,"time":1770885647818,"env":"development","version":"2.6.5","pid":43504,"toolName":"git_reflog","requestId":"4NYL1-D7Z06","timestamp":"2026-02-12T08:40:47.818Z","operation":"ToolRegistry.registerTool","msg":"Tool 'git_reflog' registered successfully."}
{"level":20,"time":1770885647819,"env":"development","version":"2.6.5","pid":43504,"toolName":"git_remote","requestId":"IGTM3-N32CR","timestamp":"2026-02-12T08:40:47.819Z","operation":"ToolRegistry.registerTool","msg":"Registering tool: 'git_remote'"}
{"level":30,"time":1770885647819,"env":"development","version":"2.6.5","pid":43504,"toolName":"git_remote","requestId":"IGTM3-N32CR","timestamp":"2026-02-12T08:40:47.819Z","operation":"ToolRegistry.registerTool","msg":"Tool 'git_remote' registered successfully."}
{"level":20,"time":1770885647819,"env":"development","version":"2.6.5","pid":43504,"toolName":"git_reset","requestId":"7BA8W-DTY7X","timestamp":"2026-02-12T08:40:47.819Z","operation":"ToolRegistry.registerTool","msg":"Registering tool: 'git_reset'"}
{"level":30,"time":1770885647819,"env":"development","version":"2.6.5","pid":43504,"toolName":"git_reset","requestId":"7BA8W-DTY7X","timestamp":"2026-02-12T08:40:47.819Z","operation":"ToolRegistry.registerTool","msg":"Tool 'git_reset' registered successfully."}
{"level":20,"time":1770885647819,"env":"development","version":"2.6.5","pid":43504,"toolName":"git_set_working_dir","requestId":"KUJHX-O4LHK","timestamp":"2026-02-12T08:40:47.819Z","operation":"ToolRegistry.registerTool","msg":"Registering tool: 'git_set_working_dir'"}
{"level":30,"time":1770885647819,"env":"development","version":"2.6.5","pid":43504,"toolName":"git_set_working_dir","requestId":"KUJHX-O4LHK","timestamp":"2026-02-12T08:40:47.819Z","operation":"ToolRegistry.registerTool","msg":"Tool 'git_set_working_dir' registered successfully."}
{"level":20,"time":1770885647819,"env":"development","version":"2.6.5","pid":43504,"toolName":"git_show","requestId":"LBX2H-CQVHV","timestamp":"2026-02-12T08:40:47.819Z","operation":"ToolRegistry.registerTool","msg":"Registering tool: 'git_show'"}
{"level":30,"time":1770885647819,"env":"development","version":"2.6.5","pid":43504,"toolName":"git_show","requestId":"LBX2H-CQVHV","timestamp":"2026-02-12T08:40:47.819Z","operation":"ToolRegistry.registerTool","msg":"Tool 'git_show' registered successfully."}
{"level":20,"time":1770885647819,"env":"development","version":"2.6.5","pid":43504,"toolName":"git_stash","requestId":"32NSG-JQZLM","timestamp":"2026-02-12T08:40:47.819Z","operation":"ToolRegistry.registerTool","msg":"Registering tool: 'git_stash'"}
{"level":30,"time":1770885647819,"env":"development","version":"2.6.5","pid":43504,"toolName":"git_stash","requestId":"32NSG-JQZLM","timestamp":"2026-02-12T08:40:47.819Z","operation":"ToolRegistry.registerTool","msg":"Tool 'git_stash' registered successfully."}
{"level":20,"time":1770885647819,"env":"development","version":"2.6.5","pid":43504,"toolName":"git_status","requestId":"NO8QU-2AF00","timestamp":"2026-02-12T08:40:47.819Z","operation":"ToolRegistry.registerTool","msg":"Registering tool: 'git_status'"}
{"level":30,"time":1770885647819,"env":"development","version":"2.6.5","pid":43504,"toolName":"git_status","requestId":"NO8QU-2AF00","timestamp":"2026-02-12T08:40:47.819Z","operation":"ToolRegistry.registerTool","msg":"Tool 'git_status' registered successfully."}
{"level":20,"time":1770885647819,"env":"development","version":"2.6.5","pid":43504,"toolName":"git_tag","requestId":"9NDRG-GFOT5","timestamp":"2026-02-12T08:40:47.819Z","operation":"ToolRegistry.registerTool","msg":"Registering tool: 'git_tag'"}
{"level":30,"time":1770885647819,"env":"development","version":"2.6.5","pid":43504,"toolName":"git_tag","requestId":"9NDRG-GFOT5","timestamp":"2026-02-12T08:40:47.819Z","operation":"ToolRegistry.registerTool","msg":"Tool 'git_tag' registered successfully."}
{"level":20,"time":1770885647819,"env":"development","version":"2.6.5","pid":43504,"toolName":"git_worktree","requestId":"APRAX-OPZ41","timestamp":"2026-02-12T08:40:47.819Z","operation":"ToolRegistry.registerTool","msg":"Registering tool: 'git_worktree'"}
{"level":30,"time":1770885647819,"env":"development","version":"2.6.5","pid":43504,"toolName":"git_worktree","requestId":"APRAX-OPZ41","timestamp":"2026-02-12T08:40:47.819Z","operation":"ToolRegistry.registerTool","msg":"Tool 'git_worktree' registered successfully."}
{"level":20,"time":1770885647819,"env":"development","version":"2.6.5","pid":43504,"toolName":"git_wrapup_instructions","requestId":"8GC5P-CUTMD","timestamp":"2026-02-12T08:40:47.819Z","operation":"ToolRegistry.registerTool","msg":"Registering tool: 'git_wrapup_instructions'"}
{"level":30,"time":1770885647819,"env":"development","version":"2.6.5","pid":43504,"toolName":"git_wrapup_instructions","requestId":"8GC5P-CUTMD","timestamp":"2026-02-12T08:40:47.819Z","operation":"ToolRegistry.registerTool","msg":"Tool 'git_wrapup_instructions' registered successfully."}
{"level":30,"time":1770885647819,"env":"development","version":"2.6.5","pid":43504,"requestId":"T41CK-95DW9","timestamp":"2026-02-12T08:40:47.819Z","operation":"ResourceRegistry.registerAll","msg":"Registering 1 resource(s)..."}
{"level":30,"time":1770885647820,"env":"development","version":"2.6.5","pid":43504,"requestId":"4WBX9-LPUHG","timestamp":"2026-02-12T08:40:47.820Z","resourceName":"git-working-directory","operation":"RegisterResource","msg":"Registering resource: 'git-working-directory'"}
{"level":30,"time":1770885647820,"env":"development","version":"2.6.5","pid":43504,"requestId":"4WBX9-LPUHG","timestamp":"2026-02-12T08:40:47.820Z","resourceName":"git-working-directory","operation":"RegisterResource","msg":"Resource 'git-working-directory' registered successfully."}
{"level":20,"time":1770885647821,"env":"development","version":"2.6.5","pid":43504,"requestId":"G9BDZ-6GA10","timestamp":"2026-02-12T08:40:47.821Z","operation":"PromptRegistry.registerAll","msg":"Registering 1 prompts..."}
{"level":20,"time":1770885647821,"env":"development","version":"2.6.5","pid":43504,"requestId":"G9BDZ-6GA10","timestamp":"2026-02-12T08:40:47.821Z","operation":"PromptRegistry.registerAll","msg":"Registering prompt: git_wrapup"}
{"level":30,"time":1770885647821,"env":"development","version":"2.6.5","pid":43504,"requestId":"G9BDZ-6GA10","timestamp":"2026-02-12T08:40:47.821Z","operation":"PromptRegistry.registerAll","msg":"Registered prompt: git_wrapup"}
{"level":30,"time":1770885647821,"env":"development","version":"2.6.5","pid":43504,"requestId":"G9BDZ-6GA10","timestamp":"2026-02-12T08:40:47.821Z","operation":"PromptRegistry.registerAll","msg":"Successfully registered 1 prompts"}
{"level":20,"time":1770885647821,"env":"development","version":"2.6.5","pid":43504,"requestId":"05WYA-7IAMM","timestamp":"2026-02-12T08:40:47.821Z","operation":"RootsRegistry.registerAll","msg":"Roots capability enabled (client-provided roots)"}
{"level":30,"time":1770885647821,"env":"development","version":"2.6.5","pid":43504,"requestId":"05WYA-7IAMM","timestamp":"2026-02-12T08:40:47.821Z","operation":"RootsRegistry.registerAll","msg":"Roots capability registered successfully"}
{"level":30,"time":1770885647821,"env":"development","version":"2.6.5","pid":43504,"requestId":"TQQS4-7ZIRQ","timestamp":"2026-02-12T08:40:47.810Z","operation":"createMcpServerInstance","msg":"All MCP capabilities registered successfully"}
{"level":30,"time":1770885647822,"env":"development","version":"2.6.5","pid":43504,"transport":"stdio","requestId":"02D2I-Q3L9K","timestamp":"2026-02-12T08:40:47.810Z","operation":"connectStdioTransport","transportType":"Stdio","msg":"Attempting to connect stdio transport..."}
{"level":20,"time":1770885647822,"env":"development","version":"2.6.5","pid":43504,"transport":"stdio","requestId":"02D2I-Q3L9K","timestamp":"2026-02-12T08:40:47.810Z","operation":"connectStdioTransport","transportType":"Stdio","msg":"Creating StdioServerTransport instance..."}
{"level":20,"time":1770885647822,"env":"development","version":"2.6.5","pid":43504,"transport":"stdio","requestId":"02D2I-Q3L9K","timestamp":"2026-02-12T08:40:47.810Z","operation":"connectStdioTransport","transportType":"Stdio","msg":"Connecting McpServer instance to StdioServerTransport..."}
{"level":30,"time":1770885647822,"env":"development","version":"2.6.5","pid":43504,"transport":"stdio","requestId":"02D2I-Q3L9K","timestamp":"2026-02-12T08:40:47.810Z","operation":"connectStdioTransport","transportType":"Stdio","msg":"MCP Server connected and listening via stdio transport."}
{"level":30,"time":1770885647822,"env":"development","version":"2.6.5","pid":43504,"applicationName":"@cyanheads/git-mcp-server","applicationVersion":"2.6.5","nodeEnvironment":"development","requestId":"P12E8-95LBJ","timestamp":"2026-02-12T08:40:47.810Z","operation":"ServerStartup","msg":"@cyanheads/git-mcp-server is now running and ready."}
{"level":20,"time":1770885719439,"env":"development","version":"2.6.5","pid":43504,"requestId":"H3DGY-ATJN9","timestamp":"2026-02-12T08:41:59.439Z","requiredScopes":["tool:git:read"],"operation":"withRequiredScopesCheck","msg":"No authentication context found. Defaulting to allowed for demonstration purposes."}
{"level":30,"time":1770885719440,"env":"development","version":"2.6.5","pid":43504,"requestId":"N3C1F-YNVZA","timestamp":"2026-02-12T08:41:59.440Z","operation":"createStorageProvider","msg":"Creating storage provider of type: in-memory"}
{"level":20,"time":1770885719440,"env":"development","version":"2.6.5","pid":43504,"signal":{},"_meta":{"progressToken":4,"claudecode/toolUseId":"toolu_01SNRfdk2eWzSUFsQGftRDmM"},"requestId":"OZKHJ-SMAQZ","timestamp":"2026-02-12T08:41:59.439Z","toolName":"git_status","input":{"path":".","includeUntracked":true},"operation":"HandleToolRequest","hasStorage":true,"hasFactory":true,"msg":"Initialized tool handler dependencies"}
{"level":20,"time":1770885719440,"env":"development","version":"2.6.5","pid":43504,"signal":{},"_meta":{"progressToken":4,"claudecode/toolUseId":"toolu_01SNRfdk2eWzSUFsQGftRDmM"},"requestId":"OZKHJ-SMAQZ","timestamp":"2026-02-12T08:41:59.439Z","toolName":"git_status","input":{"path":".","includeUntracked":true},"operation":"HandleToolRequest","toolInput":{"path":".","includeUntracked":true},"msg":"Executing tool with handler factory"}
{"level":30,"time":1770885719440,"env":"development","version":"2.6.5","pid":43504,"requestId":"factory","timestamp":"1770885719440","type":"cli","version":"1.0.0","msg":"Git provider initialized"}
{"level":20,"time":1770885719440,"env":"development","version":"2.6.5","pid":43504,"signal":{},"_meta":{"progressToken":4,"claudecode/toolUseId":"toolu_01SNRfdk2eWzSUFsQGftRDmM"},"requestId":"OZKHJ-SMAQZ","timestamp":"2026-02-12T08:41:59.439Z","toolName":"git_status","input":{"path":".","includeUntracked":true},"operation":"HandleToolRequest","tenantId":"default-tenant","msg":"Resolving session working directory"}
{"level":20,"time":1770885719440,"env":"development","version":"2.6.5","pid":43504,"signal":{},"_meta":{"progressToken":4,"claudecode/toolUseId":"toolu_01SNRfdk2eWzSUFsQGftRDmM"},"requestId":"OZKHJ-SMAQZ","timestamp":"2026-02-12T08:41:59.439Z","toolName":"git_status","input":{"path":".","includeUntracked":true},"operation":"HandleToolRequest","tenantId":"default-tenant","msg":"[InMemoryProvider] Getting key: session:workingDir:default-tenant for tenant: default-tenant"}
{"level":30,"time":1770885719441,"env":"development","version":"2.6.5","pid":43504,"signal":{},"_meta":{"progressToken":4,"claudecode/toolUseId":"toolu_01SNRfdk2eWzSUFsQGftRDmM"},"requestId":"OZKHJ-SMAQZ","timestamp":"2026-02-12T08:41:59.439Z","toolName":"git_status","input":{"path":".","includeUntracked":true},"operation":"HandleToolRequest","metrics":{"durationMs":1.36,"isSuccess":false,"errorCode":"-32007","inputBytes":36,"outputBytes":0,"memory":{"rss":{"before":145616896,"after":145670144,"delta":53248},"heapUsed":{"before":44058000,"after":44141400,"delta":83400}}},"msg":"Tool execution finished."}
{"level":50,"time":1770885719447,"env":"development","version":"2.6.5","pid":43504,"signal":{},"_meta":{"progressToken":4,"claudecode/toolUseId":"toolu_01SNRfdk2eWzSUFsQGftRDmM"},"requestId":"OZKHJ-SMAQZ","timestamp":"2026-02-12T08:41:59.439Z","toolName":"git_status","input":{"path":".","includeUntracked":true},"operation":"HandleToolRequest","error":"No session working directory set. Please specify a 'path' or use 'git_set_working_dir' first.","errorStack":"McpError: No session working directory set. Please specify a 'path' or use 'git_set_working_dir' first.\n    at resolveWorkingDirectory (file:///C:/Users/cotal/AppData/Local/npm-cache/_npx/28a7655f837f2293/node_modules/@cyanheads/git-mcp-server/dist/index.js:186609:13)\n    at process.processTicksAndRejections (node:internal/process/task_queues:104:5)\n    at async file:///C:/Users/cotal/AppData/Local/npm-cache/_npx/28a7655f837f2293/node_modules/@cyanheads/git-mcp-server/dist/index.js:186765:22\n    at async file:///C:/Users/cotal/AppData/Local/npm-cache/_npx/28a7655f837f2293/node_modules/@cyanheads/git-mcp-server/dist/index.js:117018:22\n    at async file:///C:/Users/cotal/AppData/Local/npm-cache/_npx/28a7655f837f2293/node_modules/@cyanheads/git-mcp-server/dist/index.js:186692:22\n    at async McpServer.executeToolHandler (file:///C:/Users/cotal/AppData/Local/npm-cache/_npx/28a7655f837f2293/node_modules/@cyanheads/git-mcp-server/dist/index.js:185731:14)\n    at async file:///C:/Users/cotal/AppData/Local/npm-cache/_npx/28a7655f837f2293/node_modules/@cyanheads/git-mcp-server/dist/index.js:185650:24\n    at async wrappedHandler (file:///C:/Users/cotal/AppData/Local/npm-cache/_npx/28a7655f837f2293/node_modules/@cyanheads/git-mcp-server/dist/index.js:184985:24)","inputKeys":["path","includeUntracked"],"msg":"Tool execution failed"}
{"level":50,"time":1770885719448,"env":"development","version":"2.6.5","pid":43504,"requestId":"OZKHJ-SMAQZ","timestamp":"2026-02-12T08:41:59.439Z","operation":"HandleToolRequest","input":{"path":".","includeUntracked":true},"critical":false,"errorCode":-32007,"originalErrorType":"McpError","finalErrorType":"McpError","signal":{},"_meta":{"progressToken":4,"claudecode/toolUseId":"toolu_01SNRfdk2eWzSUFsQGftRDmM"},"toolName":"git_status","errorData":{"signal":{},"_meta":{"progressToken":4,"claudecode/toolUseId":"toolu_01SNRfdk2eWzSUFsQGftRDmM"},"requestId":"OZKHJ-SMAQZ","timestamp":"2026-02-12T08:41:59.439Z","toolName":"git_status","input":{"path":".","includeUntracked":true},"operation":"HandleToolRequest","originalErrorName":"McpError","originalMessage":"No session working directory set. Please specify a 'path' or use 'git_set_working_dir' first.","originalStack":"McpError: No session working directory set. Please specify a 'path' or use 'git_set_working_dir' first.\n    at resolveWorkingDirectory (file:///C:/Users/cotal/AppData/Local/npm-cache/_npx/28a7655f837f2293/node_modules/@cyanheads/git-mcp-server/dist/index.js:186609:13)\n    at process.processTicksAndRejections (node:internal/process/task_queues:104:5)\n    at async file:///C:/Users/cotal/AppData/Local/npm-cache/_npx/28a7655f837f2293/node_modules/@cyanheads/git-mcp-server/dist/index.js:186765:22\n    at async file:///C:/Users/cotal/AppData/Local/npm-cache/_npx/28a7655f837f2293/node_modules/@cyanheads/git-mcp-server/dist/index.js:117018:22\n    at async file:///C:/Users/cotal/AppData/Local/npm-cache/_npx/28a7655f837f2293/node_modules/@cyanheads/git-mcp-server/dist/index.js:186692:22\n    at async McpServer.executeToolHandler (file:///C:/Users/cotal/AppData/Local/npm-cache/_npx/28a7655f837f2293/node_modules/@cyanheads/git-mcp-server/dist/index.js:185731:14)\n    at async file:///C:/Users/cotal/AppData/Local/npm-cache/_npx/28a7655f837f2293/node_modules/@cyanheads/git-mcp-server/dist/index.js:185650:24\n    at async wrappedHandler (file:///C:/Users/cotal/AppData/Local/npm-cache/_npx/28a7655f837f2293/node_modules/@cyanheads/git-mcp-server/dist/index.js:184985:24)","rootCause":{"name":"McpError","message":"No session working directory set. Please specify a 'path' or use 'git_set_working_dir' first."}},"stack":"McpError: No session working directory set. Please specify a 'path' or use 'git_set_working_dir' first.\n    at ErrorHandler.handleError (file:///C:/Users/cotal/AppData/Local/npm-cache/_npx/28a7655f837f2293/node_modules/@cyanheads/git-mcp-server/dist/index.js:116797:57)\n    at file:///C:/Users/cotal/AppData/Local/npm-cache/_npx/28a7655f837f2293/node_modules/@cyanheads/git-mcp-server/dist/index.js:186705:37\n    at process.processTicksAndRejections (node:internal/process/task_queues:104:5)\n    at async McpServer.executeToolHandler (file:///C:/Users/cotal/AppData/Local/npm-cache/_npx/28a7655f837f2293/node_modules/@cyanheads/git-mcp-server/dist/index.js:185731:14)\n    at async file:///C:/Users/cotal/AppData/Local/npm-cache/_npx/28a7655f837f2293/node_modules/@cyanheads/git-mcp-server/dist/index.js:185650:24\n    at async wrappedHandler (file:///C:/Users/cotal/AppData/Local/npm-cache/_npx/28a7655f837f2293/node_modules/@cyanheads/git-mcp-server/dist/index.js:184985:24)","msg":"Error in tool:git_status: No session working directory set. Please specify a 'path' or use 'git_set_working_dir' first."}
{"level":20,"time":1770886148213,"env":"development","version":"2.6.5","pid":43504,"requestId":"QYLE9-BONDV","timestamp":"2026-02-12T08:49:08.213Z","requiredScopes":["tool:git:write"],"operation":"withRequiredScopesCheck","msg":"No authentication context found. Defaulting to allowed for demonstration purposes."}
{"level":20,"time":1770886148213,"env":"development","version":"2.6.5","pid":43504,"signal":{},"_meta":{"progressToken":5,"claudecode/toolUseId":"toolu_01PhyfD1EneyJV8WWzdraLJC"},"requestId":"RLEKA-K879Z","timestamp":"2026-02-12T08:49:08.213Z","toolName":"git_set_working_dir","input":{"path":"D:\\workspace\\AI_Vibe_Coding","validateGitRepo":true,"initializeIfNotPresent":false,"includeMetadata":true},"operation":"HandleToolRequest","hasStorage":true,"hasFactory":true,"skipPathResolution":true,"msg":"Initialized tool handler dependencies"}
{"level":20,"time":1770886148213,"env":"development","version":"2.6.5","pid":43504,"signal":{},"_meta":{"progressToken":5,"claudecode/toolUseId":"toolu_01PhyfD1EneyJV8WWzdraLJC"},"requestId":"RLEKA-K879Z","timestamp":"2026-02-12T08:49:08.213Z","toolName":"git_set_working_dir","input":{"path":"D:\\workspace\\AI_Vibe_Coding","validateGitRepo":true,"initializeIfNotPresent":false,"includeMetadata":true},"operation":"HandleToolRequest","toolInput":{"path":"D:\\workspace\\AI_Vibe_Coding","validateGitRepo":true,"initializeIfNotPresent":false,"includeMetadata":true},"skipPathResolution":true,"msg":"Executing tool with handler factory"}
{"level":20,"time":1770886148213,"env":"development","version":"2.6.5","pid":43504,"requestId":"factory","timestamp":"1770886148213","type":"cli","msg":"Using cached git provider"}
{"level":20,"time":1770886148213,"env":"development","version":"2.6.5","pid":43504,"signal":{},"_meta":{"progressToken":5,"claudecode/toolUseId":"toolu_01PhyfD1EneyJV8WWzdraLJC"},"requestId":"RLEKA-K879Z","timestamp":"2026-02-12T08:49:08.213Z","toolName":"git_set_working_dir","input":{"path":"D:\\workspace\\AI_Vibe_Coding","validateGitRepo":true,"initializeIfNotPresent":false,"includeMetadata":true},"operation":"HandleToolRequest","provider":"cli","workingDirectory":"D:\\workspace\\AI_Vibe_Coding","tenantId":"default-tenant","options":{"path":"D:\\workspace\\AI_Vibe_Coding"},"msg":"Starting git validateRepository"}
{"level":30,"time":1770886148298,"env":"development","version":"2.6.5","pid":43504,"signal":{},"_meta":{"progressToken":5,"claudecode/toolUseId":"toolu_01PhyfD1EneyJV8WWzdraLJC"},"requestId":"RLEKA-K879Z","timestamp":"2026-02-12T08:49:08.213Z","toolName":"git_set_working_dir","input":{"path":"D:\\workspace\\AI_Vibe_Coding","validateGitRepo":true,"initializeIfNotPresent":false,"includeMetadata":true},"operation":"HandleToolRequest","provider":"cli","workingDirectory":"D:\\workspace\\AI_Vibe_Coding","tenantId":"default-tenant","result":{"path":"D:\\workspace\\AI_Vibe_Coding"},"msg":"Git validateRepository completed successfully"}
{"level":20,"time":1770886148298,"env":"development","version":"2.6.5","pid":43504,"signal":{},"_meta":{"progressToken":5,"claudecode/toolUseId":"toolu_01PhyfD1EneyJV8WWzdraLJC"},"requestId":"RLEKA-K879Z","timestamp":"2026-02-12T08:49:08.213Z","toolName":"git_set_working_dir","input":{"path":"D:\\workspace\\AI_Vibe_Coding","validateGitRepo":true,"initializeIfNotPresent":false,"includeMetadata":true},"operation":"HandleToolRequest","msg":"[InMemoryProvider] Setting key: session:workingDir:default-tenant for tenant: default-tenant"}
{"level":20,"time":1770886148299,"env":"development","version":"2.6.5","pid":43504,"signal":{},"_meta":{"progressToken":5,"claudecode/toolUseId":"toolu_01PhyfD1EneyJV8WWzdraLJC"},"requestId":"RLEKA-K879Z","timestamp":"2026-02-12T08:49:08.213Z","toolName":"git_set_working_dir","input":{"path":"D:\\workspace\\AI_Vibe_Coding","validateGitRepo":true,"initializeIfNotPresent":false,"includeMetadata":true},"operation":"HandleToolRequest","provider":"cli","workingDirectory":"D:\\workspace\\AI_Vibe_Coding","tenantId":"default-tenant","options":{"includeUntracked":true},"msg":"Starting git status"}
{"level":20,"time":1770886148327,"env":"development","version":"2.6.5","pid":43504,"signal":{},"_meta":{"progressToken":5,"claudecode/toolUseId":"toolu_01PhyfD1EneyJV8WWzdraLJC"},"requestId":"RLEKA-K879Z","timestamp":"2026-02-12T08:49:08.213Z","toolName":"git_set_working_dir","input":{"path":"D:\\workspace\\AI_Vibe_Coding","validateGitRepo":true,"initializeIfNotPresent":false,"includeMetadata":true},"operation":"HandleToolRequest","provider":"cli","workingDirectory":"D:\\workspace\\AI_Vibe_Coding","tenantId":"default-tenant","options":{"mode":"list","remote":true},"msg":"Starting git branch"}
{"level":20,"time":1770886148356,"env":"development","version":"2.6.5","pid":43504,"signal":{},"_meta":{"progressToken":5,"claudecode/toolUseId":"toolu_01PhyfD1EneyJV8WWzdraLJC"},"requestId":"RLEKA-K879Z","timestamp":"2026-02-12T08:49:08.213Z","toolName":"git_set_working_dir","input":{"path":"D:\\workspace\\AI_Vibe_Coding","validateGitRepo":true,"initializeIfNotPresent":false,"includeMetadata":true},"operation":"HandleToolRequest","provider":"cli","workingDirectory":"D:\\workspace\\AI_Vibe_Coding","tenantId":"default-tenant","options":{"mode":"list"},"msg":"Starting git remote"}
{"level":20,"time":1770886148385,"env":"development","version":"2.6.5","pid":43504,"signal":{},"_meta":{"progressToken":5,"claudecode/toolUseId":"toolu_01PhyfD1EneyJV8WWzdraLJC"},"requestId":"RLEKA-K879Z","timestamp":"2026-02-12T08:49:08.213Z","toolName":"git_set_working_dir","input":{"path":"D:\\workspace\\AI_Vibe_Coding","validateGitRepo":true,"initializeIfNotPresent":false,"includeMetadata":true},"operation":"HandleToolRequest","provider":"cli","workingDirectory":"D:\\workspace\\AI_Vibe_Coding","tenantId":"default-tenant","options":{"maxCount":5},"msg":"Starting git log"}
{"level":30,"time":1770886148418,"env":"development","version":"2.6.5","pid":43504,"signal":{},"_meta":{"progressToken":5,"claudecode/toolUseId":"toolu_01PhyfD1EneyJV8WWzdraLJC"},"requestId":"RLEKA-K879Z","timestamp":"2026-02-12T08:49:08.213Z","toolName":"git_set_working_dir","input":{"path":"D:\\workspace\\AI_Vibe_Coding","validateGitRepo":true,"initializeIfNotPresent":false,"includeMetadata":true},"operation":"HandleToolRequest","provider":"cli","workingDirectory":"D:\\workspace\\AI_Vibe_Coding","tenantId":"default-tenant","result":{"mode":"list"},"msg":"Git branch completed successfully"}
{"level":30,"time":1770886148418,"env":"development","version":"2.6.5","pid":43504,"signal":{},"_meta":{"progressToken":5,"claudecode/toolUseId":"toolu_01PhyfD1EneyJV8WWzdraLJC"},"requestId":"RLEKA-K879Z","timestamp":"2026-02-12T08:49:08.213Z","toolName":"git_set_working_dir","input":{"path":"D:\\workspace\\AI_Vibe_Coding","validateGitRepo":true,"initializeIfNotPresent":false,"includeMetadata":true},"operation":"HandleToolRequest","provider":"cli","workingDirectory":"D:\\workspace\\AI_Vibe_Coding","tenantId":"default-tenant","result":{"isClean":false},"msg":"Git status completed successfully"}
{"level":30,"time":1770886148444,"env":"development","version":"2.6.5","pid":43504,"signal":{},"_meta":{"progressToken":5,"claudecode/toolUseId":"toolu_01PhyfD1EneyJV8WWzdraLJC"},"requestId":"RLEKA-K879Z","timestamp":"2026-02-12T08:49:08.213Z","toolName":"git_set_working_dir","input":{"path":"D:\\workspace\\AI_Vibe_Coding","validateGitRepo":true,"initializeIfNotPresent":false,"includeMetadata":true},"operation":"HandleToolRequest","provider":"cli","workingDirectory":"D:\\workspace\\AI_Vibe_Coding","tenantId":"default-tenant","result":{"mode":"list"},"msg":"Git remote completed successfully"}
{"level":30,"time":1770886148473,"env":"development","version":"2.6.5","pid":43504,"signal":{},"_meta":{"progressToken":5,"claudecode/toolUseId":"toolu_01PhyfD1EneyJV8WWzdraLJC"},"requestId":"RLEKA-K879Z","timestamp":"2026-02-12T08:49:08.213Z","toolName":"git_set_working_dir","input":{"path":"D:\\workspace\\AI_Vibe_Coding","validateGitRepo":true,"initializeIfNotPresent":false,"includeMetadata":true},"operation":"HandleToolRequest","provider":"cli","workingDirectory":"D:\\workspace\\AI_Vibe_Coding","tenantId":"default-tenant","result":{"commitCount":1},"msg":"Git log completed successfully"}
{"level":30,"time":1770886148473,"env":"development","version":"2.6.5","pid":43504,"signal":{},"_meta":{"progressToken":5,"claudecode/toolUseId":"toolu_01PhyfD1EneyJV8WWzdraLJC"},"requestId":"RLEKA-K879Z","timestamp":"2026-02-12T08:49:08.213Z","toolName":"git_set_working_dir","input":{"path":"D:\\workspace\\AI_Vibe_Coding","validateGitRepo":true,"initializeIfNotPresent":false,"includeMetadata":true},"operation":"HandleToolRequest","metrics":{"durationMs":259.85,"isSuccess":true,"inputBytes":117,"outputBytes":617,"memory":{"rss":{"before":148312064,"after":150429696,"delta":2117632},"heapUsed":{"before":46117704,"after":46136592,"delta":18888}}},"msg":"Tool execution finished."}
{"level":30,"time":1770900302410,"env":"development","version":"2.6.5","pid":37156,"requestId":"B3P6V-9WRF8","timestamp":"2026-02-12T12:45:02.408Z","operation":"loggerInit","msg":"Logger initialized. MCP level: debug."}
{"level":30,"time":1770900302410,"env":"development","version":"2.6.5","pid":37156,"requestId":"XMSIS-TLDLR","timestamp":"2026-02-12T12:45:02.410Z","operation":"LoggerInit","msg":"Logger initialized. Effective MCP logging level: debug."}
{"level":30,"time":1770900302410,"env":"development","version":"2.6.5","pid":37156,"runtime":"node","runtimeVersion":"Node.js 25.6.1","requestId":"QCJN6-ATHD3","timestamp":"2026-02-12T12:45:02.410Z","operation":"RuntimeDetection","msg":"Runtime detected: Node.js 25.6.1"}
{"level":30,"time":1770900302410,"env":"development","version":"2.6.5","pid":37156,"requestId":"U8YEO-J8SEW","timestamp":"2026-02-12T12:45:02.410Z","operation":"StorageInit","msg":"Storage service initialized with provider: in-memory"}
{"level":30,"time":1770900302411,"env":"development","version":"2.6.5","pid":37156,"applicationName":"@cyanheads/git-mcp-server","applicationVersion":"2.6.5","nodeEnvironment":"development","requestId":"ICWRJ-E8XCW","timestamp":"2026-02-12T12:45:02.411Z","operation":"ServerStartup","msg":"Starting @cyanheads/git-mcp-server (v2.6.5)..."}
{"level":30,"time":1770900302411,"env":"development","version":"2.6.5","pid":37156,"transport":"stdio","requestId":"TCGSL-QOB8K","timestamp":"2026-02-12T12:45:02.411Z","operation":"TransportManager.start","msg":"Starting transport: stdio"}
{"level":30,"time":1770900302411,"env":"development","version":"2.6.5","pid":37156,"requestId":"MJDM3-BEFRK","timestamp":"2026-02-12T12:45:02.411Z","operation":"createMcpServerInstance","msg":"Initializing MCP server instance"}
{"level":20,"time":1770900302411,"env":"development","version":"2.6.5","pid":37156,"requestId":"A6BHB-83X7P","timestamp":"2026-02-12T12:45:02.411Z","newConfigState":{"appName":"@cyanheads/git-mcp-server","appVersion":"2.6.5","environment":"development"},"operation":"RequestContextService.configure","msg":"RequestContextService configuration updated"}
{"level":20,"time":1770900302414,"env":"development","version":"2.6.5","pid":37156,"requestId":"MJDM3-BEFRK","timestamp":"2026-02-12T12:45:02.411Z","operation":"createMcpServerInstance","msg":"Registering all MCP capabilities via registries..."}
{"level":30,"time":1770900302415,"env":"development","version":"2.6.5","pid":37156,"requestId":"HSBUB-6YIV2","timestamp":"2026-02-12T12:45:02.414Z","operation":"ToolRegistry.registerAll","msg":"Registering 27 tool(s)..."}
{"level":20,"time":1770900302415,"env":"development","version":"2.6.5","pid":37156,"toolName":"git_add","requestId":"2O96W-LMZRA","timestamp":"2026-02-12T12:45:02.415Z","operation":"ToolRegistry.registerTool","msg":"Registering tool: 'git_add'"}
{"level":30,"time":1770900302415,"env":"development","version":"2.6.5","pid":37156,"toolName":"git_add","requestId":"2O96W-LMZRA","timestamp":"2026-02-12T12:45:02.415Z","operation":"ToolRegistry.registerTool","msg":"Tool 'git_add' registered successfully."}
{"level":20,"time":1770900302415,"env":"development","version":"2.6.5","pid":37156,"toolName":"git_blame","requestId":"H8K1X-LHQKK","timestamp":"2026-02-12T12:45:02.415Z","operation":"ToolRegistry.registerTool","msg":"Registering tool: 'git_blame'"}
{"level":30,"time":1770900302415,"env":"development","version":"2.6.5","pid":37156,"toolName":"git_blame","requestId":"H8K1X-LHQKK","timestamp":"2026-02-12T12:45:02.415Z","operation":"ToolRegistry.registerTool","msg":"Tool 'git_blame' registered successfully."}
{"level":20,"time":1770900302415,"env":"development","version":"2.6.5","pid":37156,"toolName":"git_branch","requestId":"9NKHV-GI3ZS","timestamp":"2026-02-12T12:45:02.415Z","operation":"ToolRegistry.registerTool","msg":"Registering tool: 'git_branch'"}
{"level":30,"time":1770900302415,"env":"development","version":"2.6.5","pid":37156,"toolName":"git_branch","requestId":"9NKHV-GI3ZS","timestamp":"2026-02-12T12:45:02.415Z","operation":"ToolRegistry.registerTool","msg":"Tool 'git_branch' registered successfully."}
{"level":20,"time":1770900302415,"env":"development","version":"2.6.5","pid":37156,"toolName":"git_checkout","requestId":"E8KY6-HMF3U","timestamp":"2026-02-12T12:45:02.415Z","operation":"ToolRegistry.registerTool","msg":"Registering tool: 'git_checkout'"}
{"level":30,"time":1770900302416,"env":"development","version":"2.6.5","pid":37156,"toolName":"git_checkout","requestId":"E8KY6-HMF3U","timestamp":"2026-02-12T12:45:02.415Z","operation":"ToolRegistry.registerTool","msg":"Tool 'git_checkout' registered successfully."}
{"level":20,"time":1770900302416,"env":"development","version":"2.6.5","pid":37156,"toolName":"git_cherry_pick","requestId":"DPURZ-XMTPM","timestamp":"2026-02-12T12:45:02.416Z","operation":"ToolRegistry.registerTool","msg":"Registering tool: 'git_cherry_pick'"}
{"level":30,"time":1770900302416,"env":"development","version":"2.6.5","pid":37156,"toolName":"git_cherry_pick","requestId":"DPURZ-XMTPM","timestamp":"2026-02-12T12:45:02.416Z","operation":"ToolRegistry.registerTool","msg":"Tool 'git_cherry_pick' registered successfully."}
{"level":20,"time":1770900302416,"env":"development","version":"2.6.5","pid":37156,"toolName":"git_clean","requestId":"2IOKS-TSZBY","timestamp":"2026-02-12T12:45:02.416Z","operation":"ToolRegistry.registerTool","msg":"Registering tool: 'git_clean'"}
{"level":30,"time":1770900302416,"env":"development","version":"2.6.5","pid":37156,"toolName":"git_clean","requestId":"2IOKS-TSZBY","timestamp":"2026-02-12T12:45:02.416Z","operation":"ToolRegistry.registerTool","msg":"Tool 'git_clean' registered successfully."}
{"level":20,"time":1770900302416,"env":"development","version":"2.6.5","pid":37156,"toolName":"git_clear_working_dir","requestId":"HL53B-RKDDU","timestamp":"2026-02-12T12:45:02.416Z","operation":"ToolRegistry.registerTool","msg":"Registering tool: 'git_clear_working_dir'"}
{"level":30,"time":1770900302416,"env":"development","version":"2.6.5","pid":37156,"toolName":"git_clear_working_dir","requestId":"HL53B-RKDDU","timestamp":"2026-02-12T12:45:02.416Z","operation":"ToolRegistry.registerTool","msg":"Tool 'git_clear_working_dir' registered successfully."}
{"level":20,"time":1770900302416,"env":"development","version":"2.6.5","pid":37156,"toolName":"git_clone","requestId":"BY6MO-NEA8F","timestamp":"2026-02-12T12:45:02.416Z","operation":"ToolRegistry.registerTool","msg":"Registering tool: 'git_clone'"}
{"level":30,"time":1770900302416,"env":"development","version":"2.6.5","pid":37156,"toolName":"git_clone","requestId":"BY6MO-NEA8F","timestamp":"2026-02-12T12:45:02.416Z","operation":"ToolRegistry.registerTool","msg":"Tool 'git_clone' registered successfully."}
{"level":20,"time":1770900302416,"env":"development","version":"2.6.5","pid":37156,"toolName":"git_commit","requestId":"7LMWG-V0GWD","timestamp":"2026-02-12T12:45:02.416Z","operation":"ToolRegistry.registerTool","msg":"Registering tool: 'git_commit'"}
{"level":30,"time":1770900302416,"env":"development","version":"2.6.5","pid":37156,"toolName":"git_commit","requestId":"7LMWG-V0GWD","timestamp":"2026-02-12T12:45:02.416Z","operation":"ToolRegistry.registerTool","msg":"Tool 'git_commit' registered successfully."}
{"level":20,"time":1770900302416,"env":"development","version":"2.6.5","pid":37156,"toolName":"git_diff","requestId":"Z6GAI-XFRPH","timestamp":"2026-02-12T12:45:02.416Z","operation":"ToolRegistry.registerTool","msg":"Registering tool: 'git_diff'"}
{"level":30,"time":1770900302416,"env":"development","version":"2.6.5","pid":37156,"toolName":"git_diff","requestId":"Z6GAI-XFRPH","timestamp":"2026-02-12T12:45:02.416Z","operation":"ToolRegistry.registerTool","msg":"Tool 'git_diff' registered successfully."}
{"level":20,"time":1770900302416,"env":"development","version":"2.6.5","pid":37156,"toolName":"git_fetch","requestId":"CDUZ0-KYC84","timestamp":"2026-02-12T12:45:02.416Z","operation":"ToolRegistry.registerTool","msg":"Registering tool: 'git_fetch'"}
{"level":30,"time":1770900302416,"env":"development","version":"2.6.5","pid":37156,"toolName":"git_fetch","requestId":"CDUZ0-KYC84","timestamp":"2026-02-12T12:45:02.416Z","operation":"ToolRegistry.registerTool","msg":"Tool 'git_fetch' registered successfully."}
{"level":20,"time":1770900302416,"env":"development","version":"2.6.5","pid":37156,"toolName":"git_init","requestId":"6J2RN-O20S5","timestamp":"2026-02-12T12:45:02.416Z","operation":"ToolRegistry.registerTool","msg":"Registering tool: 'git_init'"}
{"level":30,"time":1770900302416,"env":"development","version":"2.6.5","pid":37156,"toolName":"git_init","requestId":"6J2RN-O20S5","timestamp":"2026-02-12T12:45:02.416Z","operation":"ToolRegistry.registerTool","msg":"Tool 'git_init' registered successfully."}
{"level":20,"time":1770900302416,"env":"development","version":"2.6.5","pid":37156,"toolName":"git_log","requestId":"M3CRL-E5CZE","timestamp":"2026-02-12T12:45:02.416Z","operation":"ToolRegistry.registerTool","msg":"Registering tool: 'git_log'"}
{"level":30,"time":1770900302416,"env":"development","version":"2.6.5","pid":37156,"toolName":"git_log","requestId":"M3CRL-E5CZE","timestamp":"2026-02-12T12:45:02.416Z","operation":"ToolRegistry.registerTool","msg":"Tool 'git_log' registered successfully."}
{"level":20,"time":1770900302416,"env":"development","version":"2.6.5","pid":37156,"toolName":"git_merge","requestId":"2H557-SXBUN","timestamp":"2026-02-12T12:45:02.416Z","operation":"ToolRegistry.registerTool","msg":"Registering tool: 'git_merge'"}
{"level":30,"time":1770900302416,"env":"development","version":"2.6.5","pid":37156,"toolName":"git_merge","requestId":"2H557-SXBUN","timestamp":"2026-02-12T12:45:02.416Z","operation":"ToolRegistry.registerTool","msg":"Tool 'git_merge' registered successfully."}
{"level":20,"time":1770900302416,"env":"development","version":"2.6.5","pid":37156,"toolName":"git_pull","requestId":"L34SH-M14SS","timestamp":"2026-02-12T12:45:02.416Z","operation":"ToolRegistry.registerTool","msg":"Registering tool: 'git_pull'"}
{"level":30,"time":1770900302416,"env":"development","version":"2.6.5","pid":37156,"toolName":"git_pull","requestId":"L34SH-M14SS","timestamp":"2026-02-12T12:45:02.416Z","operation":"ToolRegistry.registerTool","msg":"Tool 'git_pull' registered successfully."}
{"level":20,"time":1770900302416,"env":"development","version":"2.6.5","pid":37156,"toolName":"git_push","requestId":"M44VY-0HJNO","timestamp":"2026-02-12T12:45:02.416Z","operation":"ToolRegistry.registerTool","msg":"Registering tool: 'git_push'"}
{"level":30,"time":1770900302416,"env":"development","version":"2.6.5","pid":37156,"toolName":"git_push","requestId":"M44VY-0HJNO","timestamp":"2026-02-12T12:45:02.416Z","operation":"ToolRegistry.registerTool","msg":"Tool 'git_push' registered successfully."}
{"level":20,"time":1770900302416,"env":"development","version":"2.6.5","pid":37156,"toolName":"git_rebase","requestId":"Z4BK2-Q6YU3","timestamp":"2026-02-12T12:45:02.416Z","operation":"ToolRegistry.registerTool","msg":"Registering tool: 'git_rebase'"}
{"level":30,"time":1770900302416,"env":"development","version":"2.6.5","pid":37156,"toolName":"git_rebase","requestId":"Z4BK2-Q6YU3","timestamp":"2026-02-12T12:45:02.416Z","operation":"ToolRegistry.registerTool","msg":"Tool 'git_rebase' registered successfully."}
{"level":20,"time":1770900302416,"env":"development","version":"2.6.5","pid":37156,"toolName":"git_reflog","requestId":"OIG8Y-EDQD5","timestamp":"2026-02-12T12:45:02.416Z","operation":"ToolRegistry.registerTool","msg":"Registering tool: 'git_reflog'"}
{"level":30,"time":1770900302416,"env":"development","version":"2.6.5","pid":37156,"toolName":"git_reflog","requestId":"OIG8Y-EDQD5","timestamp":"2026-02-12T12:45:02.416Z","operation":"ToolRegistry.registerTool","msg":"Tool 'git_reflog' registered successfully."}
{"level":20,"time":1770900302416,"env":"development","version":"2.6.5","pid":37156,"toolName":"git_remote","requestId":"0PTHW-BM3M1","timestamp":"2026-02-12T12:45:02.416Z","operation":"ToolRegistry.registerTool","msg":"Registering tool: 'git_remote'"}
{"level":30,"time":1770900302416,"env":"development","version":"2.6.5","pid":37156,"toolName":"git_remote","requestId":"0PTHW-BM3M1","timestamp":"2026-02-12T12:45:02.416Z","operation":"ToolRegistry.registerTool","msg":"Tool 'git_remote' registered successfully."}
{"level":20,"time":1770900302416,"env":"development","version":"2.6.5","pid":37156,"toolName":"git_reset","requestId":"QVFRS-QKOPL","timestamp":"2026-02-12T12:45:02.416Z","operation":"ToolRegistry.registerTool","msg":"Registering tool: 'git_reset'"}
{"level":30,"time":1770900302416,"env":"development","version":"2.6.5","pid":37156,"toolName":"git_reset","requestId":"QVFRS-QKOPL","timestamp":"2026-02-12T12:45:02.416Z","operation":"ToolRegistry.registerTool","msg":"Tool 'git_reset' registered successfully."}
{"level":20,"time":1770900302416,"env":"development","version":"2.6.5","pid":37156,"toolName":"git_set_working_dir","requestId":"PB6XP-CGEQ3","timestamp":"2026-02-12T12:45:02.416Z","operation":"ToolRegistry.registerTool","msg":"Registering tool: 'git_set_working_dir'"}
{"level":30,"time":1770900302416,"env":"development","version":"2.6.5","pid":37156,"toolName":"git_set_working_dir","requestId":"PB6XP-CGEQ3","timestamp":"2026-02-12T12:45:02.416Z","operation":"ToolRegistry.registerTool","msg":"Tool 'git_set_working_dir' registered successfully."}
{"level":20,"time":1770900302417,"env":"development","version":"2.6.5","pid":37156,"toolName":"git_show","requestId":"JS9ZF-2DSF8","timestamp":"2026-02-12T12:45:02.417Z","operation":"ToolRegistry.registerTool","msg":"Registering tool: 'git_show'"}
{"level":30,"time":1770900302417,"env":"development","version":"2.6.5","pid":37156,"toolName":"git_show","requestId":"JS9ZF-2DSF8","timestamp":"2026-02-12T12:45:02.417Z","operation":"ToolRegistry.registerTool","msg":"Tool 'git_show' registered successfully."}
{"level":20,"time":1770900302417,"env":"development","version":"2.6.5","pid":37156,"toolName":"git_stash","requestId":"ALA8R-DGK6Z","timestamp":"2026-02-12T12:45:02.417Z","operation":"ToolRegistry.registerTool","msg":"Registering tool: 'git_stash'"}
{"level":30,"time":1770900302417,"env":"development","version":"2.6.5","pid":37156,"toolName":"git_stash","requestId":"ALA8R-DGK6Z","timestamp":"2026-02-12T12:45:02.417Z","operation":"ToolRegistry.registerTool","msg":"Tool 'git_stash' registered successfully."}
{"level":20,"time":1770900302417,"env":"development","version":"2.6.5","pid":37156,"toolName":"git_status","requestId":"56HZ8-JHIDK","timestamp":"2026-02-12T12:45:02.417Z","operation":"ToolRegistry.registerTool","msg":"Registering tool: 'git_status'"}
{"level":30,"time":1770900302417,"env":"development","version":"2.6.5","pid":37156,"toolName":"git_status","requestId":"56HZ8-JHIDK","timestamp":"2026-02-12T12:45:02.417Z","operation":"ToolRegistry.registerTool","msg":"Tool 'git_status' registered successfully."}
{"level":20,"time":1770900302417,"env":"development","version":"2.6.5","pid":37156,"toolName":"git_tag","requestId":"LVRZ9-BXIUO","timestamp":"2026-02-12T12:45:02.417Z","operation":"ToolRegistry.registerTool","msg":"Registering tool: 'git_tag'"}
{"level":30,"time":1770900302417,"env":"development","version":"2.6.5","pid":37156,"toolName":"git_tag","requestId":"LVRZ9-BXIUO","timestamp":"2026-02-12T12:45:02.417Z","operation":"ToolRegistry.registerTool","msg":"Tool 'git_tag' registered successfully."}
{"level":20,"time":1770900302417,"env":"development","version":"2.6.5","pid":37156,"toolName":"git_worktree","requestId":"TKCW3-AVXZM","timestamp":"2026-02-12T12:45:02.417Z","operation":"ToolRegistry.registerTool","msg":"Registering tool: 'git_worktree'"}
{"level":30,"time":1770900302417,"env":"development","version":"2.6.5","pid":37156,"toolName":"git_worktree","requestId":"TKCW3-AVXZM","timestamp":"2026-02-12T12:45:02.417Z","operation":"ToolRegistry.registerTool","msg":"Tool 'git_worktree' registered successfully."}
{"level":20,"time":1770900302417,"env":"development","version":"2.6.5","pid":37156,"toolName":"git_wrapup_instructions","requestId":"843WK-B2EOF","timestamp":"2026-02-12T12:45:02.417Z","operation":"ToolRegistry.registerTool","msg":"Registering tool: 'git_wrapup_instructions'"}
{"level":30,"time":1770900302417,"env":"development","version":"2.6.5","pid":37156,"toolName":"git_wrapup_instructions","requestId":"843WK-B2EOF","timestamp":"2026-02-12T12:45:02.417Z","operation":"ToolRegistry.registerTool","msg":"Tool 'git_wrapup_instructions' registered successfully."}
{"level":30,"time":1770900302417,"env":"development","version":"2.6.5","pid":37156,"requestId":"JRISM-PNWV0","timestamp":"2026-02-12T12:45:02.417Z","operation":"ResourceRegistry.registerAll","msg":"Registering 1 resource(s)..."}
{"level":30,"time":1770900302417,"env":"development","version":"2.6.5","pid":37156,"requestId":"KB8JV-UXV5P","timestamp":"2026-02-12T12:45:02.417Z","resourceName":"git-working-directory","operation":"RegisterResource","msg":"Registering resource: 'git-working-directory'"}
{"level":30,"time":1770900302417,"env":"development","version":"2.6.5","pid":37156,"requestId":"KB8JV-UXV5P","timestamp":"2026-02-12T12:45:02.417Z","resourceName":"git-working-directory","operation":"RegisterResource","msg":"Resource 'git-working-directory' registered successfully."}
{"level":20,"time":1770900302418,"env":"development","version":"2.6.5","pid":37156,"requestId":"FWQWL-6DNRK","timestamp":"2026-02-12T12:45:02.418Z","operation":"PromptRegistry.registerAll","msg":"Registering 1 prompts..."}
{"level":20,"time":1770900302418,"env":"development","version":"2.6.5","pid":37156,"requestId":"FWQWL-6DNRK","timestamp":"2026-02-12T12:45:02.418Z","operation":"PromptRegistry.registerAll","msg":"Registering prompt: git_wrapup"}
{"level":30,"time":1770900302418,"env":"development","version":"2.6.5","pid":37156,"requestId":"FWQWL-6DNRK","timestamp":"2026-02-12T12:45:02.418Z","operation":"PromptRegistry.registerAll","msg":"Registered prompt: git_wrapup"}
{"level":30,"time":1770900302418,"env":"development","version":"2.6.5","pid":37156,"requestId":"FWQWL-6DNRK","timestamp":"2026-02-12T12:45:02.418Z","operation":"PromptRegistry.registerAll","msg":"Successfully registered 1 prompts"}
{"level":20,"time":1770900302418,"env":"development","version":"2.6.5","pid":37156,"requestId":"LQ5GH-MFOH4","timestamp":"2026-02-12T12:45:02.418Z","operation":"RootsRegistry.registerAll","msg":"Roots capability enabled (client-provided roots)"}
{"level":30,"time":1770900302418,"env":"development","version":"2.6.5","pid":37156,"requestId":"LQ5GH-MFOH4","timestamp":"2026-02-12T12:45:02.418Z","operation":"RootsRegistry.registerAll","msg":"Roots capability registered successfully"}
{"level":30,"time":1770900302418,"env":"development","version":"2.6.5","pid":37156,"requestId":"MJDM3-BEFRK","timestamp":"2026-02-12T12:45:02.411Z","operation":"createMcpServerInstance","msg":"All MCP capabilities registered successfully"}
{"level":30,"time":1770900302418,"env":"development","version":"2.6.5","pid":37156,"transport":"stdio","requestId":"TCGSL-QOB8K","timestamp":"2026-02-12T12:45:02.411Z","operation":"connectStdioTransport","transportType":"Stdio","msg":"Attempting to connect stdio transport..."}
{"level":20,"time":1770900302418,"env":"development","version":"2.6.5","pid":37156,"transport":"stdio","requestId":"TCGSL-QOB8K","timestamp":"2026-02-12T12:45:02.411Z","operation":"connectStdioTransport","transportType":"Stdio","msg":"Creating StdioServerTransport instance..."}
{"level":20,"time":1770900302418,"env":"development","version":"2.6.5","pid":37156,"transport":"stdio","requestId":"TCGSL-QOB8K","timestamp":"2026-02-12T12:45:02.411Z","operation":"connectStdioTransport","transportType":"Stdio","msg":"Connecting McpServer instance to StdioServerTransport..."}
{"level":30,"time":1770900302418,"env":"development","version":"2.6.5","pid":37156,"transport":"stdio","requestId":"TCGSL-QOB8K","timestamp":"2026-02-12T12:45:02.411Z","operation":"connectStdioTransport","transportType":"Stdio","msg":"MCP Server connected and listening via stdio transport."}
{"level":30,"time":1770900302418,"env":"development","version":"2.6.5","pid":37156,"applicationName":"@cyanheads/git-mcp-server","applicationVersion":"2.6.5","nodeEnvironment":"development","requestId":"ICWRJ-E8XCW","timestamp":"2026-02-12T12:45:02.411Z","operation":"ServerStartup","msg":"@cyanheads/git-mcp-server is now running and ready."}
{"level":20,"time":1770900353427,"env":"development","version":"2.6.5","pid":37156,"requestId":"SO1VX-CWDRL","timestamp":"2026-02-12T12:45:53.427Z","requiredScopes":["tool:git:write"],"operation":"withRequiredScopesCheck","msg":"No authentication context found. Defaulting to allowed for demonstration purposes."}
{"level":30,"time":1770900353427,"env":"development","version":"2.6.5","pid":37156,"requestId":"38ELM-KYL83","timestamp":"2026-02-12T12:45:53.427Z","operation":"createStorageProvider","msg":"Creating storage provider of type: in-memory"}
{"level":20,"time":1770900353427,"env":"development","version":"2.6.5","pid":37156,"signal":{},"_meta":{"progressToken":4,"claudecode/toolUseId":"toolu_01Cu7VFQ3fcpWYucC1GmkeYM"},"requestId":"DAV2O-JU6YY","timestamp":"2026-02-12T12:45:53.426Z","toolName":"git_add","input":{"path":"D:\\workspace\\AI_Vibe_Coding","files":["test.txt"],"update":false,"all":false,"force":false},"operation":"HandleToolRequest","hasStorage":true,"hasFactory":true,"msg":"Initialized tool handler dependencies"}
{"level":20,"time":1770900353427,"env":"development","version":"2.6.5","pid":37156,"signal":{},"_meta":{"progressToken":4,"claudecode/toolUseId":"toolu_01Cu7VFQ3fcpWYucC1GmkeYM"},"requestId":"DAV2O-JU6YY","timestamp":"2026-02-12T12:45:53.426Z","toolName":"git_add","input":{"path":"D:\\workspace\\AI_Vibe_Coding","files":["test.txt"],"update":false,"all":false,"force":false},"operation":"HandleToolRequest","toolInput":{"path":"D:\\workspace\\AI_Vibe_Coding","files":["test.txt"],"update":false,"all":false,"force":false},"msg":"Executing tool with handler factory"}
{"level":30,"time":1770900353427,"env":"development","version":"2.6.5","pid":37156,"requestId":"factory","timestamp":"1770900353427","type":"cli","version":"1.0.0","msg":"Git provider initialized"}
{"level":20,"time":1770900353428,"env":"development","version":"2.6.5","pid":37156,"signal":{},"_meta":{"progressToken":4,"claudecode/toolUseId":"toolu_01Cu7VFQ3fcpWYucC1GmkeYM"},"requestId":"DAV2O-JU6YY","timestamp":"2026-02-12T12:45:53.426Z","toolName":"git_add","input":{"path":"D:\\workspace\\AI_Vibe_Coding","files":["test.txt"],"update":false,"all":false,"force":false},"operation":"HandleToolRequest","workingDir":"D:\\workspace\\AI_Vibe_Coding","msg":"Using provided path as working directory"}
{"level":20,"time":1770900353428,"env":"development","version":"2.6.5","pid":37156,"signal":{},"_meta":{"progressToken":4,"claudecode/toolUseId":"toolu_01Cu7VFQ3fcpWYucC1GmkeYM"},"requestId":"DAV2O-JU6YY","timestamp":"2026-02-12T12:45:53.426Z","toolName":"git_add","input":{"path":"D:\\workspace\\AI_Vibe_Coding","files":["test.txt"],"update":false,"all":false,"force":false},"operation":"HandleToolRequest","original":"D:\\workspace\\AI_Vibe_Coding","sanitized":"D:\\workspace\\AI_Vibe_Coding","msg":"Sanitized working directory path"}
{"level":20,"time":1770900353428,"env":"development","version":"2.6.5","pid":37156,"signal":{},"_meta":{"progressToken":4,"claudecode/toolUseId":"toolu_01Cu7VFQ3fcpWYucC1GmkeYM"},"requestId":"DAV2O-JU6YY","timestamp":"2026-02-12T12:45:53.426Z","toolName":"git_add","input":{"path":"D:\\workspace\\AI_Vibe_Coding","files":["test.txt"],"update":false,"all":false,"force":false},"operation":"HandleToolRequest","inputPath":"D:\\workspace\\AI_Vibe_Coding","resolvedPath":"D:\\workspace\\AI_Vibe_Coding","msg":"Resolved working directory"}
{"level":20,"time":1770900353428,"env":"development","version":"2.6.5","pid":37156,"signal":{},"_meta":{"progressToken":4,"claudecode/toolUseId":"toolu_01Cu7VFQ3fcpWYucC1GmkeYM"},"requestId":"DAV2O-JU6YY","timestamp":"2026-02-12T12:45:53.426Z","toolName":"git_add","input":{"path":"D:\\workspace\\AI_Vibe_Coding","files":["test.txt"],"update":false,"all":false,"force":false},"operation":"HandleToolRequest","provider":"cli","workingDirectory":"D:\\workspace\\AI_Vibe_Coding","tenantId":"default-tenant","options":{"paths":["test.txt"],"update":false,"all":false,"force":false},"msg":"Starting git add"}
{"level":30,"time":1770900353521,"env":"development","version":"2.6.5","pid":37156,"signal":{},"_meta":{"progressToken":4,"claudecode/toolUseId":"toolu_01Cu7VFQ3fcpWYucC1GmkeYM"},"requestId":"DAV2O-JU6YY","timestamp":"2026-02-12T12:45:53.426Z","toolName":"git_add","input":{"path":"D:\\workspace\\AI_Vibe_Coding","files":["test.txt"],"update":false,"all":false,"force":false},"operation":"HandleToolRequest","provider":"cli","workingDirectory":"D:\\workspace\\AI_Vibe_Coding","tenantId":"default-tenant","result":{"filesStaged":1},"msg":"Git add completed successfully"}
{"level":20,"time":1770900353521,"env":"development","version":"2.6.5","pid":37156,"signal":{},"_meta":{"progressToken":4,"claudecode/toolUseId":"toolu_01Cu7VFQ3fcpWYucC1GmkeYM"},"requestId":"DAV2O-JU6YY","timestamp":"2026-02-12T12:45:53.426Z","toolName":"git_add","input":{"path":"D:\\workspace\\AI_Vibe_Coding","files":["test.txt"],"update":false,"all":false,"force":false},"operation":"HandleToolRequest","provider":"cli","workingDirectory":"D:\\workspace\\AI_Vibe_Coding","tenantId":"default-tenant","options":{"includeUntracked":true},"msg":"Starting git status"}
{"level":30,"time":1770900353616,"env":"development","version":"2.6.5","pid":37156,"signal":{},"_meta":{"progressToken":4,"claudecode/toolUseId":"toolu_01Cu7VFQ3fcpWYucC1GmkeYM"},"requestId":"DAV2O-JU6YY","timestamp":"2026-02-12T12:45:53.426Z","toolName":"git_add","input":{"path":"D:\\workspace\\AI_Vibe_Coding","files":["test.txt"],"update":false,"all":false,"force":false},"operation":"HandleToolRequest","provider":"cli","workingDirectory":"D:\\workspace\\AI_Vibe_Coding","tenantId":"default-tenant","result":{"isClean":false},"msg":"Git status completed successfully"}
{"level":30,"time":1770900353617,"env":"development","version":"2.6.5","pid":37156,"signal":{},"_meta":{"progressToken":4,"claudecode/toolUseId":"toolu_01Cu7VFQ3fcpWYucC1GmkeYM"},"requestId":"DAV2O-JU6YY","timestamp":"2026-02-12T12:45:53.426Z","toolName":"git_add","input":{"path":"D:\\workspace\\AI_Vibe_Coding","files":["test.txt"],"update":false,"all":false,"force":false},"operation":"HandleToolRequest","metrics":{"durationMs":190.03,"isSuccess":true,"inputBytes":102,"outputBytes":494,"memory":{"rss":{"before":145055744,"after":146513920,"delta":1458176},"heapUsed":{"before":44010504,"after":44743304,"delta":732800}}},"msg":"Tool execution finished."}
{"level":20,"time":1770900360009,"env":"development","version":"2.6.5","pid":37156,"requestId":"F1G71-GJG32","timestamp":"2026-02-12T12:46:00.009Z","requiredScopes":["tool:git:write"],"operation":"withRequiredScopesCheck","msg":"No authentication context found. Defaulting to allowed for demonstration purposes."}
{"level":20,"time":1770900360009,"env":"development","version":"2.6.5","pid":37156,"signal":{},"_meta":{"progressToken":5,"claudecode/toolUseId":"toolu_01BQjowcPYaBzC3SAm7tUaDv"},"requestId":"EWKX2-N60PR","timestamp":"2026-02-12T12:46:00.008Z","toolName":"git_commit","input":{"path":"D:\\workspace\\AI_Vibe_Coding","message":"테스트 파일 추가","amend":false,"allowEmpty":false,"noVerify":false,"forceUnsignedOnFailure":false},"operation":"HandleToolRequest","hasStorage":true,"hasFactory":true,"msg":"Initialized tool handler dependencies"}
{"level":20,"time":1770900360009,"env":"development","version":"2.6.5","pid":37156,"signal":{},"_meta":{"progressToken":5,"claudecode/toolUseId":"toolu_01BQjowcPYaBzC3SAm7tUaDv"},"requestId":"EWKX2-N60PR","timestamp":"2026-02-12T12:46:00.008Z","toolName":"git_commit","input":{"path":"D:\\workspace\\AI_Vibe_Coding","message":"테스트 파일 추가","amend":false,"allowEmpty":false,"noVerify":false,"forceUnsignedOnFailure":false},"operation":"HandleToolRequest","toolInput":{"path":"D:\\workspace\\AI_Vibe_Coding","message":"테스트 파일 추가","amend":false,"allowEmpty":false,"noVerify":false,"forceUnsignedOnFailure":false},"msg":"Executing tool with handler factory"}
{"level":20,"time":1770900360009,"env":"development","version":"2.6.5","pid":37156,"requestId":"factory","timestamp":"1770900360009","type":"cli","msg":"Using cached git provider"}
{"level":20,"time":1770900360009,"env":"development","version":"2.6.5","pid":37156,"signal":{},"_meta":{"progressToken":5,"claudecode/toolUseId":"toolu_01BQjowcPYaBzC3SAm7tUaDv"},"requestId":"EWKX2-N60PR","timestamp":"2026-02-12T12:46:00.008Z","toolName":"git_commit","input":{"path":"D:\\workspace\\AI_Vibe_Coding","message":"테스트 파일 추가","amend":false,"allowEmpty":false,"noVerify":false,"forceUnsignedOnFailure":false},"operation":"HandleToolRequest","workingDir":"D:\\workspace\\AI_Vibe_Coding","msg":"Using provided path as working directory"}
{"level":20,"time":1770900360009,"env":"development","version":"2.6.5","pid":37156,"signal":{},"_meta":{"progressToken":5,"claudecode/toolUseId":"toolu_01BQjowcPYaBzC3SAm7tUaDv"},"requestId":"EWKX2-N60PR","timestamp":"2026-02-12T12:46:00.008Z","toolName":"git_commit","input":{"path":"D:\\workspace\\AI_Vibe_Coding","message":"테스트 파일 추가","amend":false,"allowEmpty":false,"noVerify":false,"forceUnsignedOnFailure":false},"operation":"HandleToolRequest","original":"D:\\workspace\\AI_Vibe_Coding","sanitized":"D:\\workspace\\AI_Vibe_Coding","msg":"Sanitized working directory path"}
{"level":20,"time":1770900360009,"env":"development","version":"2.6.5","pid":37156,"signal":{},"_meta":{"progressToken":5,"claudecode/toolUseId":"toolu_01BQjowcPYaBzC3SAm7tUaDv"},"requestId":"EWKX2-N60PR","timestamp":"2026-02-12T12:46:00.008Z","toolName":"git_commit","input":{"path":"D:\\workspace\\AI_Vibe_Coding","message":"테스트 파일 추가","amend":false,"allowEmpty":false,"noVerify":false,"forceUnsignedOnFailure":false},"operation":"HandleToolRequest","inputPath":"D:\\workspace\\AI_Vibe_Coding","resolvedPath":"D:\\workspace\\AI_Vibe_Coding","msg":"Resolved working directory"}
{"level":20,"time":1770900360009,"env":"development","version":"2.6.5","pid":37156,"signal":{},"_meta":{"progressToken":5,"claudecode/toolUseId":"toolu_01BQjowcPYaBzC3SAm7tUaDv"},"requestId":"EWKX2-N60PR","timestamp":"2026-02-12T12:46:00.008Z","toolName":"git_commit","input":{"path":"D:\\workspace\\AI_Vibe_Coding","message":"테스트 파일 추가","amend":false,"allowEmpty":false,"noVerify":false,"forceUnsignedOnFailure":false},"operation":"HandleToolRequest","provider":"cli","workingDirectory":"D:\\workspace\\AI_Vibe_Coding","tenantId":"default-tenant","options":{"message":"테스트 파일 추가"},"msg":"Starting git commit"}
{"level":30,"time":1770900360333,"env":"development","version":"2.6.5","pid":37156,"signal":{},"_meta":{"progressToken":5,"claudecode/toolUseId":"toolu_01BQjowcPYaBzC3SAm7tUaDv"},"requestId":"EWKX2-N60PR","timestamp":"2026-02-12T12:46:00.008Z","toolName":"git_commit","input":{"path":"D:\\workspace\\AI_Vibe_Coding","message":"테스트 파일 추가","amend":false,"allowEmpty":false,"noVerify":false,"forceUnsignedOnFailure":false},"operation":"HandleToolRequest","provider":"cli","workingDirectory":"D:\\workspace\\AI_Vibe_Coding","tenantId":"default-tenant","result":{"hash":"91bddaa393c8676c67893fa08f5f56498c2d3340"},"msg":"Git commit completed successfully"}
{"level":20,"time":1770900360333,"env":"development","version":"2.6.5","pid":37156,"signal":{},"_meta":{"progressToken":5,"claudecode/toolUseId":"toolu_01BQjowcPYaBzC3SAm7tUaDv"},"requestId":"EWKX2-N60PR","timestamp":"2026-02-12T12:46:00.008Z","toolName":"git_commit","input":{"path":"D:\\workspace\\AI_Vibe_Coding","message":"테스트 파일 추가","amend":false,"allowEmpty":false,"noVerify":false,"forceUnsignedOnFailure":false},"operation":"HandleToolRequest","provider":"cli","workingDirectory":"D:\\workspace\\AI_Vibe_Coding","tenantId":"default-tenant","options":{"includeUntracked":true},"msg":"Starting git status"}
{"level":30,"time":1770900360426,"env":"development","version":"2.6.5","pid":37156,"signal":{},"_meta":{"progressToken":5,"claudecode/toolUseId":"toolu_01BQjowcPYaBzC3SAm7tUaDv"},"requestId":"EWKX2-N60PR","timestamp":"2026-02-12T12:46:00.008Z","toolName":"git_commit","input":{"path":"D:\\workspace\\AI_Vibe_Coding","message":"테스트 파일 추가","amend":false,"allowEmpty":false,"noVerify":false,"forceUnsignedOnFailure":false},"operation":"HandleToolRequest","provider":"cli","workingDirectory":"D:\\workspace\\AI_Vibe_Coding","tenantId":"default-tenant","result":{"isClean":false},"msg":"Git status completed successfully"}
{"level":30,"time":1770900360426,"env":"development","version":"2.6.5","pid":37156,"signal":{},"_meta":{"progressToken":5,"claudecode/toolUseId":"toolu_01BQjowcPYaBzC3SAm7tUaDv"},"requestId":"EWKX2-N60PR","timestamp":"2026-02-12T12:46:00.008Z","toolName":"git_commit","input":{"path":"D:\\workspace\\AI_Vibe_Coding","message":"테스트 파일 추가","amend":false,"allowEmpty":false,"noVerify":false,"forceUnsignedOnFailure":false},"operation":"HandleToolRequest","metrics":{"durationMs":417.55,"isSuccess":true,"inputBytes":157,"outputBytes":615,"memory":{"rss":{"before":146767872,"after":147304448,"delta":536576},"heapUsed":{"before":44237808,"after":45107752,"delta":869944}}},"msg":"Tool execution finished."}
{"level":20,"time":1770900367072,"env":"development","version":"2.6.5","pid":37156,"requestId":"K5E7W-QGVYK","timestamp":"2026-02-12T12:46:07.072Z","requiredScopes":["tool:git:write"],"operation":"withRequiredScopesCheck","msg":"No authentication context found. Defaulting to allowed for demonstration purposes."}
{"level":20,"time":1770900367072,"env":"development","version":"2.6.5","pid":37156,"signal":{},"_meta":{"progressToken":6,"claudecode/toolUseId":"toolu_01Vm4PJkkUTpW3KvQYquqtEo"},"requestId":"R5LB5-DAY23","timestamp":"2026-02-12T12:46:07.072Z","toolName":"git_push","input":{"path":"D:\\workspace\\AI_Vibe_Coding","branch":"master","force":false,"forceWithLease":false,"setUpstream":false,"tags":false,"dryRun":false,"delete":false},"operation":"HandleToolRequest","hasStorage":true,"hasFactory":true,"msg":"Initialized tool handler dependencies"}
{"level":20,"time":1770900367072,"env":"development","version":"2.6.5","pid":37156,"signal":{},"_meta":{"progressToken":6,"claudecode/toolUseId":"toolu_01Vm4PJkkUTpW3KvQYquqtEo"},"requestId":"R5LB5-DAY23","timestamp":"2026-02-12T12:46:07.072Z","toolName":"git_push","input":{"path":"D:\\workspace\\AI_Vibe_Coding","branch":"master","force":false,"forceWithLease":false,"setUpstream":false,"tags":false,"dryRun":false,"delete":false},"operation":"HandleToolRequest","toolInput":{"path":"D:\\workspace\\AI_Vibe_Coding","branch":"master","force":false,"forceWithLease":false,"setUpstream":false,"tags":false,"dryRun":false,"delete":false},"msg":"Executing tool with handler factory"}
{"level":20,"time":1770900367072,"env":"development","version":"2.6.5","pid":37156,"requestId":"factory","timestamp":"1770900367072","type":"cli","msg":"Using cached git provider"}
{"level":20,"time":1770900367072,"env":"development","version":"2.6.5","pid":37156,"signal":{},"_meta":{"progressToken":6,"claudecode/toolUseId":"toolu_01Vm4PJkkUTpW3KvQYquqtEo"},"requestId":"R5LB5-DAY23","timestamp":"2026-02-12T12:46:07.072Z","toolName":"git_push","input":{"path":"D:\\workspace\\AI_Vibe_Coding","branch":"master","force":false,"forceWithLease":false,"setUpstream":false,"tags":false,"dryRun":false,"delete":false},"operation":"HandleToolRequest","workingDir":"D:\\workspace\\AI_Vibe_Coding","msg":"Using provided path as working directory"}
{"level":20,"time":1770900367072,"env":"development","version":"2.6.5","pid":37156,"signal":{},"_meta":{"progressToken":6,"claudecode/toolUseId":"toolu_01Vm4PJkkUTpW3KvQYquqtEo"},"requestId":"R5LB5-DAY23","timestamp":"2026-02-12T12:46:07.072Z","toolName":"git_push","input":{"path":"D:\\workspace\\AI_Vibe_Coding","branch":"master","force":false,"forceWithLease":false,"setUpstream":false,"tags":false,"dryRun":false,"delete":false},"operation":"HandleToolRequest","original":"D:\\workspace\\AI_Vibe_Coding","sanitized":"D:\\workspace\\AI_Vibe_Coding","msg":"Sanitized working directory path"}
{"level":20,"time":1770900367072,"env":"development","version":"2.6.5","pid":37156,"signal":{},"_meta":{"progressToken":6,"claudecode/toolUseId":"toolu_01Vm4PJkkUTpW3KvQYquqtEo"},"requestId":"R5LB5-DAY23","timestamp":"2026-02-12T12:46:07.072Z","toolName":"git_push","input":{"path":"D:\\workspace\\AI_Vibe_Coding","branch":"master","force":false,"forceWithLease":false,"setUpstream":false,"tags":false,"dryRun":false,"delete":false},"operation":"HandleToolRequest","inputPath":"D:\\workspace\\AI_Vibe_Coding","resolvedPath":"D:\\workspace\\AI_Vibe_Coding","msg":"Resolved working directory"}
{"level":20,"time":1770900367072,"env":"development","version":"2.6.5","pid":37156,"signal":{},"_meta":{"progressToken":6,"claudecode/toolUseId":"toolu_01Vm4PJkkUTpW3KvQYquqtEo"},"requestId":"R5LB5-DAY23","timestamp":"2026-02-12T12:46:07.072Z","toolName":"git_push","input":{"path":"D:\\workspace\\AI_Vibe_Coding","branch":"master","force":false,"forceWithLease":false,"setUpstream":false,"tags":false,"dryRun":false,"delete":false},"operation":"HandleToolRequest","provider":"cli","workingDirectory":"D:\\workspace\\AI_Vibe_Coding","tenantId":"default-tenant","options":{"branch":"master","force":false,"forceWithLease":false,"setUpstream":false,"tags":false,"dryRun":false,"delete":false},"msg":"Starting git push"}
{"level":30,"time":1770900369054,"env":"development","version":"2.6.5","pid":37156,"signal":{},"_meta":{"progressToken":6,"claudecode/toolUseId":"toolu_01Vm4PJkkUTpW3KvQYquqtEo"},"requestId":"R5LB5-DAY23","timestamp":"2026-02-12T12:46:07.072Z","toolName":"git_push","input":{"path":"D:\\workspace\\AI_Vibe_Coding","branch":"master","force":false,"forceWithLease":false,"setUpstream":false,"tags":false,"dryRun":false,"delete":false},"operation":"HandleToolRequest","provider":"cli","workingDirectory":"D:\\workspace\\AI_Vibe_Coding","tenantId":"default-tenant","result":{"success":true},"msg":"Git push completed successfully"}
{"level":30,"time":1770900369054,"env":"development","version":"2.6.5","pid":37156,"signal":{},"_meta":{"progressToken":6,"claudecode/toolUseId":"toolu_01Vm4PJkkUTpW3KvQYquqtEo"},"requestId":"R5LB5-DAY23","timestamp":"2026-02-12T12:46:07.072Z","toolName":"git_push","input":{"path":"D:\\workspace\\AI_Vibe_Coding","branch":"master","force":false,"forceWithLease":false,"setUpstream":false,"tags":false,"dryRun":false,"delete":false},"operation":"HandleToolRequest","metrics":{"durationMs":1982.15,"isSuccess":true,"inputBytes":158,"outputBytes":106,"memory":{"rss":{"before":147292160,"after":147439616,"delta":147456},"heapUsed":{"before":45232704,"after":45008760,"delta":-223944}}},"msg":"Tool execution finished."}
{"level":20,"time":1770900434512,"env":"development","version":"2.6.5","pid":37156,"requestId":"4HLM0-1L6A0","timestamp":"2026-02-12T12:47:14.512Z","requiredScopes":["tool:git:write"],"operation":"withRequiredScopesCheck","msg":"No authentication context found. Defaulting to allowed for demonstration purposes."}
{"level":20,"time":1770900434512,"env":"development","version":"2.6.5","pid":37156,"signal":{},"_meta":{"progressToken":7,"claudecode/toolUseId":"toolu_01Mr4gbMvyPJHeojkdiQLhBf"},"requestId":"NNM48-ACF1C","timestamp":"2026-02-12T12:47:14.512Z","toolName":"git_add","input":{"path":"D:\\workspace\\AI_Vibe_Coding","files":["test.txt"],"update":true,"all":false,"force":false},"operation":"HandleToolRequest","toolInput":{"path":"D:\\workspace\\AI_Vibe_Coding","files":["test.txt"],"update":true,"all":false,"force":false},"msg":"Executing tool with handler factory"}
{"level":20,"time":1770900434512,"env":"development","version":"2.6.5","pid":37156,"requestId":"factory","timestamp":"1770900434512","type":"cli","msg":"Using cached git provider"}
{"level":20,"time":1770900434512,"env":"development","version":"2.6.5","pid":37156,"signal":{},"_meta":{"progressToken":7,"claudecode/toolUseId":"toolu_01Mr4gbMvyPJHeojkdiQLhBf"},"requestId":"NNM48-ACF1C","timestamp":"2026-02-12T12:47:14.512Z","toolName":"git_add","input":{"path":"D:\\workspace\\AI_Vibe_Coding","files":["test.txt"],"update":true,"all":false,"force":false},"operation":"HandleToolRequest","workingDir":"D:\\workspace\\AI_Vibe_Coding","msg":"Using provided path as working directory"}
{"level":20,"time":1770900434512,"env":"development","version":"2.6.5","pid":37156,"signal":{},"_meta":{"progressToken":7,"claudecode/toolUseId":"toolu_01Mr4gbMvyPJHeojkdiQLhBf"},"requestId":"NNM48-ACF1C","timestamp":"2026-02-12T12:47:14.512Z","toolName":"git_add","input":{"path":"D:\\workspace\\AI_Vibe_Coding","files":["test.txt"],"update":true,"all":false,"force":false},"operation":"HandleToolRequest","original":"D:\\workspace\\AI_Vibe_Coding","sanitized":"D:\\workspace\\AI_Vibe_Coding","msg":"Sanitized working directory path"}
{"level":20,"time":1770900434512,"env":"development","version":"2.6.5","pid":37156,"signal":{},"_meta":{"progressToken":7,"claudecode/toolUseId":"toolu_01Mr4gbMvyPJHeojkdiQLhBf"},"requestId":"NNM48-ACF1C","timestamp":"2026-02-12T12:47:14.512Z","toolName":"git_add","input":{"path":"D:\\workspace\\AI_Vibe_Coding","files":["test.txt"],"update":true,"all":false,"force":false},"operation":"HandleToolRequest","inputPath":"D:\\workspace\\AI_Vibe_Coding","resolvedPath":"D:\\workspace\\AI_Vibe_Coding","msg":"Resolved working directory"}
{"level":20,"time":1770900434512,"env":"development","version":"2.6.5","pid":37156,"signal":{},"_meta":{"progressToken":7,"claudecode/toolUseId":"toolu_01Mr4gbMvyPJHeojkdiQLhBf"},"requestId":"NNM48-ACF1C","timestamp":"2026-02-12T12:47:14.512Z","toolName":"git_add","input":{"path":"D:\\workspace\\AI_Vibe_Coding","files":["test.txt"],"update":true,"all":false,"force":false},"operation":"HandleToolRequest","provider":"cli","workingDirectory":"D:\\workspace\\AI_Vibe_Coding","tenantId":"default-tenant","options":{"paths":["test.txt"],"update":true,"all":false,"force":false},"msg":"Starting git add"}
{"level":30,"time":1770900434609,"env":"development","version":"2.6.5","pid":37156,"signal":{},"_meta":{"progressToken":7,"claudecode/toolUseId":"toolu_01Mr4gbMvyPJHeojkdiQLhBf"},"requestId":"NNM48-ACF1C","timestamp":"2026-02-12T12:47:14.512Z","toolName":"git_add","input":{"path":"D:\\workspace\\AI_Vibe_Coding","files":["test.txt"],"update":true,"all":false,"force":false},"operation":"HandleToolRequest","provider":"cli","workingDirectory":"D:\\workspace\\AI_Vibe_Coding","tenantId":"default-tenant","result":{"filesStaged":1},"msg":"Git add completed successfully"}
{"level":20,"time":1770900434609,"env":"development","version":"2.6.5","pid":37156,"signal":{},"_meta":{"progressToken":7,"claudecode/toolUseId":"toolu_01Mr4gbMvyPJHeojkdiQLhBf"},"requestId":"NNM48-ACF1C","timestamp":"2026-02-12T12:47:14.512Z","toolName":"git_add","input":{"path":"D:\\workspace\\AI_Vibe_Coding","files":["test.txt"],"update":true,"all":false,"force":false},"operation":"HandleToolRequest","provider":"cli","workingDirectory":"D:\\workspace\\AI_Vibe_Coding","tenantId":"default-tenant","options":{"includeUntracked":true},"msg":"Starting git status"}
{"level":30,"time":1770900434706,"env":"development","version":"2.6.5","pid":37156,"signal":{},"_meta":{"progressToken":7,"claudecode/toolUseId":"toolu_01Mr4gbMvyPJHeojkdiQLhBf"},"requestId":"NNM48-ACF1C","timestamp":"2026-02-12T12:47:14.512Z","toolName":"git_add","input":{"path":"D:\\workspace\\AI_Vibe_Coding","files":["test.txt"],"update":true,"all":false,"force":false},"operation":"HandleToolRequest","provider":"cli","workingDirectory":"D:\\workspace\\AI_Vibe_Coding","tenantId":"default-tenant","result":{"isClean":false},"msg":"Git status completed successfully"}
{"level":30,"time":1770900434706,"env":"development","version":"2.6.5","pid":37156,"signal":{},"_meta":{"progressToken":7,"claudecode/toolUseId":"toolu_01Mr4gbMvyPJHeojkdiQLhBf"},"requestId":"NNM48-ACF1C","timestamp":"2026-02-12T12:47:14.512Z","toolName":"git_add","input":{"path":"D:\\workspace\\AI_Vibe_Coding","files":["test.txt"],"update":true,"all":false,"force":false},"operation":"HandleToolRequest","metrics":{"durationMs":194.01,"isSuccess":true,"inputBytes":101,"outputBytes":529,"memory":{"rss":{"before":147537920,"after":148144128,"delta":606208},"heapUsed":{"before":45118456,"after":44675936,"delta":-442520}}},"msg":"Tool execution finished."}
{"level":20,"time":1770900457448,"env":"development","version":"2.6.5","pid":37156,"requestId":"MJ172-G1MLW","timestamp":"2026-02-12T12:47:37.448Z","requiredScopes":["tool:git:write"],"operation":"withRequiredScopesCheck","msg":"No authentication context found. Defaulting to allowed for demonstration purposes."}
{"level":20,"time":1770900457448,"env":"development","version":"2.6.5","pid":37156,"signal":{},"_meta":{"progressToken":8,"claudecode/toolUseId":"toolu_01EVedgyJQcy8xXeRhndvBE9"},"requestId":"27PLX-7TFYT","timestamp":"2026-02-12T12:47:37.448Z","toolName":"git_reset","input":{"path":"D:\\workspace\\AI_Vibe_Coding","mode":"mixed","paths":["logs/combined.log","logs/error.log"]},"operation":"HandleToolRequest","hasStorage":true,"hasFactory":true,"msg":"Initialized tool handler dependencies"}
{"level":20,"time":1770900457448,"env":"development","version":"2.6.5","pid":37156,"signal":{},"_meta":{"progressToken":8,"claudecode/toolUseId":"toolu_01EVedgyJQcy8xXeRhndvBE9"},"requestId":"27PLX-7TFYT","timestamp":"2026-02-12T12:47:37.448Z","toolName":"git_reset","input":{"path":"D:\\workspace\\AI_Vibe_Coding","mode":"mixed","paths":["logs/combined.log","logs/error.log"]},"operation":"HandleToolRequest","toolInput":{"path":"D:\\workspace\\AI_Vibe_Coding","mode":"mixed","paths":["logs/combined.log","logs/error.log"]},"msg":"Executing tool with handler factory"}
{"level":20,"time":1770900457449,"env":"development","version":"2.6.5","pid":37156,"requestId":"factory","timestamp":"1770900457449","type":"cli","msg":"Using cached git provider"}
{"level":20,"time":1770900457449,"env":"development","version":"2.6.5","pid":37156,"signal":{},"_meta":{"progressToken":8,"claudecode/toolUseId":"toolu_01EVedgyJQcy8xXeRhndvBE9"},"requestId":"27PLX-7TFYT","timestamp":"2026-02-12T12:47:37.448Z","toolName":"git_reset","input":{"path":"D:\\workspace\\AI_Vibe_Coding","mode":"mixed","paths":["logs/combined.log","logs/error.log"]},"operation":"HandleToolRequest","workingDir":"D:\\workspace\\AI_Vibe_Coding","msg":"Using provided path as working directory"}
{"level":20,"time":1770900457449,"env":"development","version":"2.6.5","pid":37156,"signal":{},"_meta":{"progressToken":8,"claudecode/toolUseId":"toolu_01EVedgyJQcy8xXeRhndvBE9"},"requestId":"27PLX-7TFYT","timestamp":"2026-02-12T12:47:37.448Z","toolName":"git_reset","input":{"path":"D:\\workspace\\AI_Vibe_Coding","mode":"mixed","paths":["logs/combined.log","logs/error.log"]},"operation":"HandleToolRequest","original":"D:\\workspace\\AI_Vibe_Coding","sanitized":"D:\\workspace\\AI_Vibe_Coding","msg":"Sanitized working directory path"}
{"level":20,"time":1770900457449,"env":"development","version":"2.6.5","pid":37156,"signal":{},"_meta":{"progressToken":8,"claudecode/toolUseId":"toolu_01EVedgyJQcy8xXeRhndvBE9"},"requestId":"27PLX-7TFYT","timestamp":"2026-02-12T12:47:37.448Z","toolName":"git_reset","input":{"path":"D:\\workspace\\AI_Vibe_Coding","mode":"mixed","paths":["logs/combined.log","logs/error.log"]},"operation":"HandleToolRequest","inputPath":"D:\\workspace\\AI_Vibe_Coding","resolvedPath":"D:\\workspace\\AI_Vibe_Coding","msg":"Resolved working directory"}
{"level":20,"time":1770900457449,"env":"development","version":"2.6.5","pid":37156,"signal":{},"_meta":{"progressToken":8,"claudecode/toolUseId":"toolu_01EVedgyJQcy8xXeRhndvBE9"},"requestId":"27PLX-7TFYT","timestamp":"2026-02-12T12:47:37.448Z","toolName":"git_reset","input":{"path":"D:\\workspace\\AI_Vibe_Coding","mode":"mixed","paths":["logs/combined.log","logs/error.log"]},"operation":"HandleToolRequest","provider":"cli","workingDirectory":"D:\\workspace\\AI_Vibe_Coding","tenantId":"default-tenant","options":{"mode":"mixed","paths":["logs/combined.log","logs/error.log"]},"msg":"Starting git reset"}
{"level":30,"time":1770900457627,"env":"development","version":"2.6.5","pid":37156,"signal":{},"_meta":{"progressToken":8,"claudecode/toolUseId":"toolu_01EVedgyJQcy8xXeRhndvBE9"},"requestId":"27PLX-7TFYT","timestamp":"2026-02-12T12:47:37.448Z","toolName":"git_reset","input":{"path":"D:\\workspace\\AI_Vibe_Coding","mode":"mixed","paths":["logs/combined.log","logs/error.log"]},"operation":"HandleToolRequest","provider":"cli","workingDirectory":"D:\\workspace\\AI_Vibe_Coding","tenantId":"default-tenant","result":{"mode":"mixed"},"msg":"Git reset completed successfully"}
{"level":30,"time":1770900457627,"env":"development","version":"2.6.5","pid":37156,"signal":{},"_meta":{"progressToken":8,"claudecode/toolUseId":"toolu_01EVedgyJQcy8xXeRhndvBE9"},"requestId":"27PLX-7TFYT","timestamp":"2026-02-12T12:47:37.448Z","toolName":"git_reset","input":{"path":"D:\\workspace\\AI_Vibe_Coding","mode":"mixed","paths":["logs/combined.log","logs/error.log"]},"operation":"HandleToolRequest","metrics":{"durationMs":178.64,"isSuccess":true,"inputBytes":102,"outputBytes":135,"memory":{"rss":{"before":148127744,"after":148434944,"delta":307200},"heapUsed":{"before":44786944,"after":45142456,"delta":355512}}},"msg":"Tool execution finished."}
{"level":20,"time":1770900462440,"env":"development","version":"2.6.5","pid":37156,"requestId":"6L5J3-V689Q","timestamp":"2026-02-12T12:47:42.440Z","requiredScopes":["tool:git:write"],"operation":"withRequiredScopesCheck","msg":"No authentication context found. Defaulting to allowed for demonstration purposes."}
{"level":20,"time":1770900462440,"env":"development","version":"2.6.5","pid":37156,"signal":{},"_meta":{"progressToken":9,"claudecode/toolUseId":"toolu_01A6KRWtZEYwXAjswy4co9aU"},"requestId":"FVTO8-1AB0V","timestamp":"2026-02-12T12:47:42.440Z","toolName":"git_commit","input":{"path":"D:\\workspace\\AI_Vibe_Coding","message":"테스트 파일 삭제","amend":false,"allowEmpty":false,"noVerify":false,"forceUnsignedOnFailure":false},"operation":"HandleToolRequest","toolInput":{"path":"D:\\workspace\\AI_Vibe_Coding","message":"테스트 파일 삭제","amend":false,"allowEmpty":false,"noVerify":false,"forceUnsignedOnFailure":false},"msg":"Executing tool with handler factory"}
{"level":20,"time":1770900462440,"env":"development","version":"2.6.5","pid":37156,"requestId":"factory","timestamp":"1770900462440","type":"cli","msg":"Using cached git provider"}
{"level":20,"time":1770900462440,"env":"development","version":"2.6.5","pid":37156,"signal":{},"_meta":{"progressToken":9,"claudecode/toolUseId":"toolu_01A6KRWtZEYwXAjswy4co9aU"},"requestId":"FVTO8-1AB0V","timestamp":"2026-02-12T12:47:42.440Z","toolName":"git_commit","input":{"path":"D:\\workspace\\AI_Vibe_Coding","message":"테스트 파일 삭제","amend":false,"allowEmpty":false,"noVerify":false,"forceUnsignedOnFailure":false},"operation":"HandleToolRequest","workingDir":"D:\\workspace\\AI_Vibe_Coding","msg":"Using provided path as working directory"}
{"level":20,"time":1770900462440,"env":"development","version":"2.6.5","pid":37156,"signal":{},"_meta":{"progressToken":9,"claudecode/toolUseId":"toolu_01A6KRWtZEYwXAjswy4co9aU"},"requestId":"FVTO8-1AB0V","timestamp":"2026-02-12T12:47:42.440Z","toolName":"git_commit","input":{"path":"D:\\workspace\\AI_Vibe_Coding","message":"테스트 파일 삭제","amend":false,"allowEmpty":false,"noVerify":false,"forceUnsignedOnFailure":false},"operation":"HandleToolRequest","original":"D:\\workspace\\AI_Vibe_Coding","sanitized":"D:\\workspace\\AI_Vibe_Coding","msg":"Sanitized working directory path"}
{"level":20,"time":1770900462440,"env":"development","version":"2.6.5","pid":37156,"signal":{},"_meta":{"progressToken":9,"claudecode/toolUseId":"toolu_01A6KRWtZEYwXAjswy4co9aU"},"requestId":"FVTO8-1AB0V","timestamp":"2026-02-12T12:47:42.440Z","toolName":"git_commit","input":{"path":"D:\\workspace\\AI_Vibe_Coding","message":"테스트 파일 삭제","amend":false,"allowEmpty":false,"noVerify":false,"forceUnsignedOnFailure":false},"operation":"HandleToolRequest","inputPath":"D:\\workspace\\AI_Vibe_Coding","resolvedPath":"D:\\workspace\\AI_Vibe_Coding","msg":"Resolved working directory"}
{"level":20,"time":1770900462440,"env":"development","version":"2.6.5","pid":37156,"signal":{},"_meta":{"progressToken":9,"claudecode/toolUseId":"toolu_01A6KRWtZEYwXAjswy4co9aU"},"requestId":"FVTO8-1AB0V","timestamp":"2026-02-12T12:47:42.440Z","toolName":"git_commit","input":{"path":"D:\\workspace\\AI_Vibe_Coding","message":"테스트 파일 삭제","amend":false,"allowEmpty":false,"noVerify":false,"forceUnsignedOnFailure":false},"operation":"HandleToolRequest","provider":"cli","workingDirectory":"D:\\workspace\\AI_Vibe_Coding","tenantId":"default-tenant","options":{"message":"테스트 파일 삭제"},"msg":"Starting git commit"}
{"level":30,"time":1770900462765,"env":"development","version":"2.6.5","pid":37156,"signal":{},"_meta":{"progressToken":9,"claudecode/toolUseId":"toolu_01A6KRWtZEYwXAjswy4co9aU"},"requestId":"FVTO8-1AB0V","timestamp":"2026-02-12T12:47:42.440Z","toolName":"git_commit","input":{"path":"D:\\workspace\\AI_Vibe_Coding","message":"테스트 파일 삭제","amend":false,"allowEmpty":false,"noVerify":false,"forceUnsignedOnFailure":false},"operation":"HandleToolRequest","provider":"cli","workingDirectory":"D:\\workspace\\AI_Vibe_Coding","tenantId":"default-tenant","result":{"hash":"2f9979c2c10ea969222b9721bfe5dd494f0f8505"},"msg":"Git commit completed successfully"}
{"level":20,"time":1770900462765,"env":"development","version":"2.6.5","pid":37156,"signal":{},"_meta":{"progressToken":9,"claudecode/toolUseId":"toolu_01A6KRWtZEYwXAjswy4co9aU"},"requestId":"FVTO8-1AB0V","timestamp":"2026-02-12T12:47:42.440Z","toolName":"git_commit","input":{"path":"D:\\workspace\\AI_Vibe_Coding","message":"테스트 파일 삭제","amend":false,"allowEmpty":false,"noVerify":false,"forceUnsignedOnFailure":false},"operation":"HandleToolRequest","provider":"cli","workingDirectory":"D:\\workspace\\AI_Vibe_Coding","tenantId":"default-tenant","options":{"includeUntracked":true},"msg":"Starting git status"}
{"level":30,"time":1770900462858,"env":"development","version":"2.6.5","pid":37156,"signal":{},"_meta":{"progressToken":9,"claudecode/toolUseId":"toolu_01A6KRWtZEYwXAjswy4co9aU"},"requestId":"FVTO8-1AB0V","timestamp":"2026-02-12T12:47:42.440Z","toolName":"git_commit","input":{"path":"D:\\workspace\\AI_Vibe_Coding","message":"테스트 파일 삭제","amend":false,"allowEmpty":false,"noVerify":false,"forceUnsignedOnFailure":false},"operation":"HandleToolRequest","provider":"cli","workingDirectory":"D:\\workspace\\AI_Vibe_Coding","tenantId":"default-tenant","result":{"isClean":false},"msg":"Git status completed successfully"}
{"level":30,"time":1770900462858,"env":"development","version":"2.6.5","pid":37156,"signal":{},"_meta":{"progressToken":9,"claudecode/toolUseId":"toolu_01A6KRWtZEYwXAjswy4co9aU"},"requestId":"FVTO8-1AB0V","timestamp":"2026-02-12T12:47:42.440Z","toolName":"git_commit","input":{"path":"D:\\workspace\\AI_Vibe_Coding","message":"테스트 파일 삭제","amend":false,"allowEmpty":false,"noVerify":false,"forceUnsignedOnFailure":false},"operation":"HandleToolRequest","metrics":{"durationMs":418.39,"isSuccess":true,"inputBytes":157,"outputBytes":615,"memory":{"rss":{"before":148447232,"after":148529152,"delta":81920},"heapUsed":{"before":45240912,"after":44927400,"delta":-313512}}},"msg":"Tool execution finished."}
{"level":20,"time":1770900468776,"env":"development","version":"2.6.5","pid":37156,"requestId":"TAAYO-MW0J5","timestamp":"2026-02-12T12:47:48.776Z","requiredScopes":["tool:git:write"],"operation":"withRequiredScopesCheck","msg":"No authentication context found. Defaulting to allowed for demonstration purposes."}
{"level":20,"time":1770900468776,"env":"development","version":"2.6.5","pid":37156,"signal":{},"_meta":{"progressToken":10,"claudecode/toolUseId":"toolu_019abppzS7XYxkSgVH3eD4b4"},"requestId":"2L07B-3ZRIQ","timestamp":"2026-02-12T12:47:48.776Z","toolName":"git_push","input":{"path":"D:\\workspace\\AI_Vibe_Coding","branch":"master","force":false,"forceWithLease":false,"setUpstream":false,"tags":false,"dryRun":false,"delete":false},"operation":"HandleToolRequest","toolInput":{"path":"D:\\workspace\\AI_Vibe_Coding","branch":"master","force":false,"forceWithLease":false,"setUpstream":false,"tags":false,"dryRun":false,"delete":false},"msg":"Executing tool with handler factory"}
{"level":20,"time":1770900468776,"env":"development","version":"2.6.5","pid":37156,"requestId":"factory","timestamp":"1770900468776","type":"cli","msg":"Using cached git provider"}
{"level":20,"time":1770900468776,"env":"development","version":"2.6.5","pid":37156,"signal":{},"_meta":{"progressToken":10,"claudecode/toolUseId":"toolu_019abppzS7XYxkSgVH3eD4b4"},"requestId":"2L07B-3ZRIQ","timestamp":"2026-02-12T12:47:48.776Z","toolName":"git_push","input":{"path":"D:\\workspace\\AI_Vibe_Coding","branch":"master","force":false,"forceWithLease":false,"setUpstream":false,"tags":false,"dryRun":false,"delete":false},"operation":"HandleToolRequest","workingDir":"D:\\workspace\\AI_Vibe_Coding","msg":"Using provided path as working directory"}
{"level":20,"time":1770900468776,"env":"development","version":"2.6.5","pid":37156,"signal":{},"_meta":{"progressToken":10,"claudecode/toolUseId":"toolu_019abppzS7XYxkSgVH3eD4b4"},"requestId":"2L07B-3ZRIQ","timestamp":"2026-02-12T12:47:48.776Z","toolName":"git_push","input":{"path":"D:\\workspace\\AI_Vibe_Coding","branch":"master","force":false,"forceWithLease":false,"setUpstream":false,"tags":false,"dryRun":false,"delete":false},"operation":"HandleToolRequest","original":"D:\\workspace\\AI_Vibe_Coding","sanitized":"D:\\workspace\\AI_Vibe_Coding","msg":"Sanitized working directory path"}
{"level":20,"time":1770900468776,"env":"development","version":"2.6.5","pid":37156,"signal":{},"_meta":{"progressToken":10,"claudecode/toolUseId":"toolu_019abppzS7XYxkSgVH3eD4b4"},"requestId":"2L07B-3ZRIQ","timestamp":"2026-02-12T12:47:48.776Z","toolName":"git_push","input":{"path":"D:\\workspace\\AI_Vibe_Coding","branch":"master","force":false,"forceWithLease":false,"setUpstream":false,"tags":false,"dryRun":false,"delete":false},"operation":"HandleToolRequest","inputPath":"D:\\workspace\\AI_Vibe_Coding","resolvedPath":"D:\\workspace\\AI_Vibe_Coding","msg":"Resolved working directory"}
{"level":20,"time":1770900468776,"env":"development","version":"2.6.5","pid":37156,"signal":{},"_meta":{"progressToken":10,"claudecode/toolUseId":"toolu_019abppzS7XYxkSgVH3eD4b4"},"requestId":"2L07B-3ZRIQ","timestamp":"2026-02-12T12:47:48.776Z","toolName":"git_push","input":{"path":"D:\\workspace\\AI_Vibe_Coding","branch":"master","force":false,"forceWithLease":false,"setUpstream":false,"tags":false,"dryRun":false,"delete":false},"operation":"HandleToolRequest","provider":"cli","workingDirectory":"D:\\workspace\\AI_Vibe_Coding","tenantId":"default-tenant","options":{"branch":"master","force":false,"forceWithLease":false,"setUpstream":false,"tags":false,"dryRun":false,"delete":false},"msg":"Starting git push"}
{"level":30,"time":1770900470779,"env":"development","version":"2.6.5","pid":37156,"signal":{},"_meta":{"progressToken":10,"claudecode/toolUseId":"toolu_019abppzS7XYxkSgVH3eD4b4"},"requestId":"2L07B-3ZRIQ","timestamp":"2026-02-12T12:47:48.776Z","toolName":"git_push","input":{"path":"D:\\workspace\\AI_Vibe_Coding","branch":"master","force":false,"forceWithLease":false,"setUpstream":false,"tags":false,"dryRun":false,"delete":false},"operation":"HandleToolRequest","provider":"cli","workingDirectory":"D:\\workspace\\AI_Vibe_Coding","tenantId":"default-tenant","result":{"success":true},"msg":"Git push completed successfully"}
{"level":30,"time":1770900470779,"env":"development","version":"2.6.5","pid":37156,"signal":{},"_meta":{"progressToken":10,"claudecode/toolUseId":"toolu_019abppzS7XYxkSgVH3eD4b4"},"requestId":"2L07B-3ZRIQ","timestamp":"2026-02-12T12:47:48.776Z","toolName":"git_push","input":{"path":"D:\\workspace\\AI_Vibe_Coding","branch":"master","force":false,"forceWithLease":false,"setUpstream":false,"tags":false,"dryRun":false,"delete":false},"operation":"HandleToolRequest","metrics":{"durationMs":2002.82,"isSuccess":true,"inputBytes":158,"outputBytes":106,"memory":{"rss":{"before":148529152,"after":148533248,"delta":4096},"heapUsed":{"before":45032544,"after":44936592,"delta":-95952}}},"msg":"Tool execution finished."}
{"level":20,"time":1770900504944,"env":"development","version":"2.6.5","pid":37156,"requestId":"Q4KEJ-85MXM","timestamp":"2026-02-12T12:48:24.944Z","requiredScopes":["tool:git:write"],"operation":"withRequiredScopesCheck","msg":"No authentication context found. Defaulting to allowed for demonstration purposes."}
{"level":20,"time":1770900504945,"env":"development","version":"2.6.5","pid":37156,"signal":{},"_meta":{"progressToken":11,"claudecode/toolUseId":"toolu_012mQP7UZdWsTGap31kRfyFf"},"requestId":"ETZ25-SNXUL","timestamp":"2026-02-12T12:48:24.944Z","toolName":"git_checkout","input":{"path":"D:\\workspace\\AI_Vibe_Coding","target":"HEAD~1","createBranch":false,"force":false,"paths":["test.txt"]},"operation":"HandleToolRequest","hasStorage":true,"hasFactory":true,"msg":"Initialized tool handler dependencies"}
{"level":20,"time":1770900504945,"env":"development","version":"2.6.5","pid":37156,"signal":{},"_meta":{"progressToken":11,"claudecode/toolUseId":"toolu_012mQP7UZdWsTGap31kRfyFf"},"requestId":"ETZ25-SNXUL","timestamp":"2026-02-12T12:48:24.944Z","toolName":"git_checkout","input":{"path":"D:\\workspace\\AI_Vibe_Coding","target":"HEAD~1","createBranch":false,"force":false,"paths":["test.txt"]},"operation":"HandleToolRequest","toolInput":{"path":"D:\\workspace\\AI_Vibe_Coding","target":"HEAD~1","createBranch":false,"force":false,"paths":["test.txt"]},"msg":"Executing tool with handler factory"}
{"level":20,"time":1770900504945,"env":"development","version":"2.6.5","pid":37156,"requestId":"factory","timestamp":"1770900504945","type":"cli","msg":"Using cached git provider"}
{"level":20,"time":1770900504945,"env":"development","version":"2.6.5","pid":37156,"signal":{},"_meta":{"progressToken":11,"claudecode/toolUseId":"toolu_012mQP7UZdWsTGap31kRfyFf"},"requestId":"ETZ25-SNXUL","timestamp":"2026-02-12T12:48:24.944Z","toolName":"git_checkout","input":{"path":"D:\\workspace\\AI_Vibe_Coding","target":"HEAD~1","createBranch":false,"force":false,"paths":["test.txt"]},"operation":"HandleToolRequest","workingDir":"D:\\workspace\\AI_Vibe_Coding","msg":"Using provided path as working directory"}
{"level":20,"time":1770900504945,"env":"development","version":"2.6.5","pid":37156,"signal":{},"_meta":{"progressToken":11,"claudecode/toolUseId":"toolu_012mQP7UZdWsTGap31kRfyFf"},"requestId":"ETZ25-SNXUL","timestamp":"2026-02-12T12:48:24.944Z","toolName":"git_checkout","input":{"path":"D:\\workspace\\AI_Vibe_Coding","target":"HEAD~1","createBranch":false,"force":false,"paths":["test.txt"]},"operation":"HandleToolRequest","original":"D:\\workspace\\AI_Vibe_Coding","sanitized":"D:\\workspace\\AI_Vibe_Coding","msg":"Sanitized working directory path"}
{"level":20,"time":1770900504945,"env":"development","version":"2.6.5","pid":37156,"signal":{},"_meta":{"progressToken":11,"claudecode/toolUseId":"toolu_012mQP7UZdWsTGap31kRfyFf"},"requestId":"ETZ25-SNXUL","timestamp":"2026-02-12T12:48:24.944Z","toolName":"git_checkout","input":{"path":"D:\\workspace\\AI_Vibe_Coding","target":"HEAD~1","createBranch":false,"force":false,"paths":["test.txt"]},"operation":"HandleToolRequest","inputPath":"D:\\workspace\\AI_Vibe_Coding","resolvedPath":"D:\\workspace\\AI_Vibe_Coding","msg":"Resolved working directory"}
{"level":20,"time":1770900504945,"env":"development","version":"2.6.5","pid":37156,"signal":{},"_meta":{"progressToken":11,"claudecode/toolUseId":"toolu_012mQP7UZdWsTGap31kRfyFf"},"requestId":"ETZ25-SNXUL","timestamp":"2026-02-12T12:48:24.944Z","toolName":"git_checkout","input":{"path":"D:\\workspace\\AI_Vibe_Coding","target":"HEAD~1","createBranch":false,"force":false,"paths":["test.txt"]},"operation":"HandleToolRequest","provider":"cli","workingDirectory":"D:\\workspace\\AI_Vibe_Coding","tenantId":"default-tenant","options":{"target":"HEAD~1","createBranch":false,"force":false,"paths":["test.txt"]},"msg":"Starting git checkout"}
{"level":30,"time":1770900505036,"env":"development","version":"2.6.5","pid":37156,"signal":{},"_meta":{"progressToken":11,"claudecode/toolUseId":"toolu_012mQP7UZdWsTGap31kRfyFf"},"requestId":"ETZ25-SNXUL","timestamp":"2026-02-12T12:48:24.944Z","toolName":"git_checkout","input":{"path":"D:\\workspace\\AI_Vibe_Coding","target":"HEAD~1","createBranch":false,"force":false,"paths":["test.txt"]},"operation":"HandleToolRequest","provider":"cli","workingDirectory":"D:\\workspace\\AI_Vibe_Coding","tenantId":"default-tenant","result":{"target":"HEAD~1"},"msg":"Git checkout completed successfully"}
{"level":30,"time":1770900505036,"env":"development","version":"2.6.5","pid":37156,"signal":{},"_meta":{"progressToken":11,"claudecode/toolUseId":"toolu_012mQP7UZdWsTGap31kRfyFf"},"requestId":"ETZ25-SNXUL","timestamp":"2026-02-12T12:48:24.944Z","toolName":"git_checkout","input":{"path":"D:\\workspace\\AI_Vibe_Coding","target":"HEAD~1","createBranch":false,"force":false,"paths":["test.txt"]},"operation":"HandleToolRequest","metrics":{"durationMs":91.94,"isSuccess":true,"inputBytes":114,"outputBytes":75,"memory":{"rss":{"before":148533248,"after":148537344,"delta":4096},"heapUsed":{"before":45022264,"after":45689896,"delta":667632}}},"msg":"Tool execution finished."}
{"level":20,"time":1770900512384,"env":"development","version":"2.6.5","pid":37156,"requestId":"9WFPF-58J0E","timestamp":"2026-02-12T12:48:32.384Z","requiredScopes":["tool:git:write"],"operation":"withRequiredScopesCheck","msg":"No authentication context found. Defaulting to allowed for demonstration purposes."}
{"level":20,"time":1770900512384,"env":"development","version":"2.6.5","pid":37156,"signal":{},"_meta":{"progressToken":12,"claudecode/toolUseId":"toolu_01V87b6giDAVoNbxqbwPeehd"},"requestId":"ZUOTX-NXYCY","timestamp":"2026-02-12T12:48:32.384Z","toolName":"git_add","input":{"path":"D:\\workspace\\AI_Vibe_Coding","files":["test.txt"],"update":false,"all":false,"force":false},"operation":"HandleToolRequest","toolInput":{"path":"D:\\workspace\\AI_Vibe_Coding","files":["test.txt"],"update":false,"all":false,"force":false},"msg":"Executing tool with handler factory"}
{"level":20,"time":1770900512384,"env":"development","version":"2.6.5","pid":37156,"requestId":"factory","timestamp":"1770900512384","type":"cli","msg":"Using cached git provider"}
{"level":20,"time":1770900512384,"env":"development","version":"2.6.5","pid":37156,"signal":{},"_meta":{"progressToken":12,"claudecode/toolUseId":"toolu_01V87b6giDAVoNbxqbwPeehd"},"requestId":"ZUOTX-NXYCY","timestamp":"2026-02-12T12:48:32.384Z","toolName":"git_add","input":{"path":"D:\\workspace\\AI_Vibe_Coding","files":["test.txt"],"update":false,"all":false,"force":false},"operation":"HandleToolRequest","workingDir":"D:\\workspace\\AI_Vibe_Coding","msg":"Using provided path as working directory"}
{"level":20,"time":1770900512384,"env":"development","version":"2.6.5","pid":37156,"signal":{},"_meta":{"progressToken":12,"claudecode/toolUseId":"toolu_01V87b6giDAVoNbxqbwPeehd"},"requestId":"ZUOTX-NXYCY","timestamp":"2026-02-12T12:48:32.384Z","toolName":"git_add","input":{"path":"D:\\workspace\\AI_Vibe_Coding","files":["test.txt"],"update":false,"all":false,"force":false},"operation":"HandleToolRequest","original":"D:\\workspace\\AI_Vibe_Coding","sanitized":"D:\\workspace\\AI_Vibe_Coding","msg":"Sanitized working directory path"}
{"level":20,"time":1770900512384,"env":"development","version":"2.6.5","pid":37156,"signal":{},"_meta":{"progressToken":12,"claudecode/toolUseId":"toolu_01V87b6giDAVoNbxqbwPeehd"},"requestId":"ZUOTX-NXYCY","timestamp":"2026-02-12T12:48:32.384Z","toolName":"git_add","input":{"path":"D:\\workspace\\AI_Vibe_Coding","files":["test.txt"],"update":false,"all":false,"force":false},"operation":"HandleToolRequest","inputPath":"D:\\workspace\\AI_Vibe_Coding","resolvedPath":"D:\\workspace\\AI_Vibe_Coding","msg":"Resolved working directory"}
{"level":20,"time":1770900512384,"env":"development","version":"2.6.5","pid":37156,"signal":{},"_meta":{"progressToken":12,"claudecode/toolUseId":"toolu_01V87b6giDAVoNbxqbwPeehd"},"requestId":"ZUOTX-NXYCY","timestamp":"2026-02-12T12:48:32.384Z","toolName":"git_add","input":{"path":"D:\\workspace\\AI_Vibe_Coding","files":["test.txt"],"update":false,"all":false,"force":false},"operation":"HandleToolRequest","provider":"cli","workingDirectory":"D:\\workspace\\AI_Vibe_Coding","tenantId":"default-tenant","options":{"paths":["test.txt"],"update":false,"all":false,"force":false},"msg":"Starting git add"}
{"level":30,"time":1770900512471,"env":"development","version":"2.6.5","pid":37156,"signal":{},"_meta":{"progressToken":12,"claudecode/toolUseId":"toolu_01V87b6giDAVoNbxqbwPeehd"},"requestId":"ZUOTX-NXYCY","timestamp":"2026-02-12T12:48:32.384Z","toolName":"git_add","input":{"path":"D:\\workspace\\AI_Vibe_Coding","files":["test.txt"],"update":false,"all":false,"force":false},"operation":"HandleToolRequest","provider":"cli","workingDirectory":"D:\\workspace\\AI_Vibe_Coding","tenantId":"default-tenant","result":{"filesStaged":1},"msg":"Git add completed successfully"}
{"level":20,"time":1770900512471,"env":"development","version":"2.6.5","pid":37156,"signal":{},"_meta":{"progressToken":12,"claudecode/toolUseId":"toolu_01V87b6giDAVoNbxqbwPeehd"},"requestId":"ZUOTX-NXYCY","timestamp":"2026-02-12T12:48:32.384Z","toolName":"git_add","input":{"path":"D:\\workspace\\AI_Vibe_Coding","files":["test.txt"],"update":false,"all":false,"force":false},"operation":"HandleToolRequest","provider":"cli","workingDirectory":"D:\\workspace\\AI_Vibe_Coding","tenantId":"default-tenant","options":{"includeUntracked":true},"msg":"Starting git status"}
{"level":30,"time":1770900512564,"env":"development","version":"2.6.5","pid":37156,"signal":{},"_meta":{"progressToken":12,"claudecode/toolUseId":"toolu_01V87b6giDAVoNbxqbwPeehd"},"requestId":"ZUOTX-NXYCY","timestamp":"2026-02-12T12:48:32.384Z","toolName":"git_add","input":{"path":"D:\\workspace\\AI_Vibe_Coding","files":["test.txt"],"update":false,"all":false,"force":false},"operation":"HandleToolRequest","provider":"cli","workingDirectory":"D:\\workspace\\AI_Vibe_Coding","tenantId":"default-tenant","result":{"isClean":false},"msg":"Git status completed successfully"}
{"level":30,"time":1770900512565,"env":"development","version":"2.6.5","pid":37156,"signal":{},"_meta":{"progressToken":12,"claudecode/toolUseId":"toolu_01V87b6giDAVoNbxqbwPeehd"},"requestId":"ZUOTX-NXYCY","timestamp":"2026-02-12T12:48:32.384Z","toolName":"git_add","input":{"path":"D:\\workspace\\AI_Vibe_Coding","files":["test.txt"],"update":false,"all":false,"force":false},"operation":"HandleToolRequest","metrics":{"durationMs":180.21,"isSuccess":true,"inputBytes":102,"outputBytes":494,"memory":{"rss":{"before":148557824,"after":148652032,"delta":94208},"heapUsed":{"before":44979384,"after":45336744,"delta":357360}}},"msg":"Tool execution finished."}
{"level":20,"time":1770900520680,"env":"development","version":"2.6.5","pid":37156,"requestId":"O69D0-J0WU2","timestamp":"2026-02-12T12:48:40.680Z","requiredScopes":["tool:git:write"],"operation":"withRequiredScopesCheck","msg":"No authentication context found. Defaulting to allowed for demonstration purposes."}
{"level":20,"time":1770900520680,"env":"development","version":"2.6.5","pid":37156,"signal":{},"_meta":{"progressToken":13,"claudecode/toolUseId":"toolu_019sUJUBJfTPE67F3z38g1Yo"},"requestId":"RR5MB-PMKZD","timestamp":"2026-02-12T12:48:40.680Z","toolName":"git_commit","input":{"path":"D:\\workspace\\AI_Vibe_Coding","message":"테스트 파일 복구","amend":false,"allowEmpty":false,"noVerify":false,"forceUnsignedOnFailure":false},"operation":"HandleToolRequest","toolInput":{"path":"D:\\workspace\\AI_Vibe_Coding","message":"테스트 파일 복구","amend":false,"allowEmpty":false,"noVerify":false,"forceUnsignedOnFailure":false},"msg":"Executing tool with handler factory"}
{"level":20,"time":1770900520680,"env":"development","version":"2.6.5","pid":37156,"requestId":"factory","timestamp":"1770900520680","type":"cli","msg":"Using cached git provider"}
{"level":20,"time":1770900520680,"env":"development","version":"2.6.5","pid":37156,"signal":{},"_meta":{"progressToken":13,"claudecode/toolUseId":"toolu_019sUJUBJfTPE67F3z38g1Yo"},"requestId":"RR5MB-PMKZD","timestamp":"2026-02-12T12:48:40.680Z","toolName":"git_commit","input":{"path":"D:\\workspace\\AI_Vibe_Coding","message":"테스트 파일 복구","amend":false,"allowEmpty":false,"noVerify":false,"forceUnsignedOnFailure":false},"operation":"HandleToolRequest","workingDir":"D:\\workspace\\AI_Vibe_Coding","msg":"Using provided path as working directory"}
{"level":20,"time":1770900520681,"env":"development","version":"2.6.5","pid":37156,"signal":{},"_meta":{"progressToken":13,"claudecode/toolUseId":"toolu_019sUJUBJfTPE67F3z38g1Yo"},"requestId":"RR5MB-PMKZD","timestamp":"2026-02-12T12:48:40.680Z","toolName":"git_commit","input":{"path":"D:\\workspace\\AI_Vibe_Coding","message":"테스트 파일 복구","amend":false,"allowEmpty":false,"noVerify":false,"forceUnsignedOnFailure":false},"operation":"HandleToolRequest","original":"D:\\workspace\\AI_Vibe_Coding","sanitized":"D:\\workspace\\AI_Vibe_Coding","msg":"Sanitized working directory path"}
{"level":20,"time":1770900520681,"env":"development","version":"2.6.5","pid":37156,"signal":{},"_meta":{"progressToken":13,"claudecode/toolUseId":"toolu_019sUJUBJfTPE67F3z38g1Yo"},"requestId":"RR5MB-PMKZD","timestamp":"2026-02-12T12:48:40.680Z","toolName":"git_commit","input":{"path":"D:\\workspace\\AI_Vibe_Coding","message":"테스트 파일 복구","amend":false,"allowEmpty":false,"noVerify":false,"forceUnsignedOnFailure":false},"operation":"HandleToolRequest","inputPath":"D:\\workspace\\AI_Vibe_Coding","resolvedPath":"D:\\workspace\\AI_Vibe_Coding","msg":"Resolved working directory"}
{"level":20,"time":1770900520681,"env":"development","version":"2.6.5","pid":37156,"signal":{},"_meta":{"progressToken":13,"claudecode/toolUseId":"toolu_019sUJUBJfTPE67F3z38g1Yo"},"requestId":"RR5MB-PMKZD","timestamp":"2026-02-12T12:48:40.680Z","toolName":"git_commit","input":{"path":"D:\\workspace\\AI_Vibe_Coding","message":"테스트 파일 복구","amend":false,"allowEmpty":false,"noVerify":false,"forceUnsignedOnFailure":false},"operation":"HandleToolRequest","provider":"cli","workingDirectory":"D:\\workspace\\AI_Vibe_Coding","tenantId":"default-tenant","options":{"message":"테스트 파일 복구"},"msg":"Starting git commit"}
{"level":30,"time":1770900521011,"env":"development","version":"2.6.5","pid":37156,"signal":{},"_meta":{"progressToken":13,"claudecode/toolUseId":"toolu_019sUJUBJfTPE67F3z38g1Yo"},"requestId":"RR5MB-PMKZD","timestamp":"2026-02-12T12:48:40.680Z","toolName":"git_commit","input":{"path":"D:\\workspace\\AI_Vibe_Coding","message":"테스트 파일 복구","amend":false,"allowEmpty":false,"noVerify":false,"forceUnsignedOnFailure":false},"operation":"HandleToolRequest","provider":"cli","workingDirectory":"D:\\workspace\\AI_Vibe_Coding","tenantId":"default-tenant","result":{"hash":"6d56f9d0a3ed716158b236f4a68e15ef6791f094"},"msg":"Git commit completed successfully"}
{"level":20,"time":1770900521011,"env":"development","version":"2.6.5","pid":37156,"signal":{},"_meta":{"progressToken":13,"claudecode/toolUseId":"toolu_019sUJUBJfTPE67F3z38g1Yo"},"requestId":"RR5MB-PMKZD","timestamp":"2026-02-12T12:48:40.680Z","toolName":"git_commit","input":{"path":"D:\\workspace\\AI_Vibe_Coding","message":"테스트 파일 복구","amend":false,"allowEmpty":false,"noVerify":false,"forceUnsignedOnFailure":false},"operation":"HandleToolRequest","provider":"cli","workingDirectory":"D:\\workspace\\AI_Vibe_Coding","tenantId":"default-tenant","options":{"includeUntracked":true},"msg":"Starting git status"}
{"level":30,"time":1770900521105,"env":"development","version":"2.6.5","pid":37156,"signal":{},"_meta":{"progressToken":13,"claudecode/toolUseId":"toolu_019sUJUBJfTPE67F3z38g1Yo"},"requestId":"RR5MB-PMKZD","timestamp":"2026-02-12T12:48:40.680Z","toolName":"git_commit","input":{"path":"D:\\workspace\\AI_Vibe_Coding","message":"테스트 파일 복구","amend":false,"allowEmpty":false,"noVerify":false,"forceUnsignedOnFailure":false},"operation":"HandleToolRequest","provider":"cli","workingDirectory":"D:\\workspace\\AI_Vibe_Coding","tenantId":"default-tenant","result":{"isClean":false},"msg":"Git status completed successfully"}
{"level":30,"time":1770900521105,"env":"development","version":"2.6.5","pid":37156,"signal":{},"_meta":{"progressToken":13,"claudecode/toolUseId":"toolu_019sUJUBJfTPE67F3z38g1Yo"},"requestId":"RR5MB-PMKZD","timestamp":"2026-02-12T12:48:40.680Z","toolName":"git_commit","input":{"path":"D:\\workspace\\AI_Vibe_Coding","message":"테스트 파일 복구","amend":false,"allowEmpty":false,"noVerify":false,"forceUnsignedOnFailure":false},"operation":"HandleToolRequest","metrics":{"durationMs":424.78,"isSuccess":true,"inputBytes":157,"outputBytes":615,"memory":{"rss":{"before":148664320,"after":149082112,"delta":417792},"heapUsed":{"before":45447304,"after":45145440,"delta":-301864}}},"msg":"Tool execution finished."}
{"level":20,"time":1770900527568,"env":"development","version":"2.6.5","pid":37156,"requestId":"4MDB5-MWLOE","timestamp":"2026-02-12T12:48:47.568Z","requiredScopes":["tool:git:write"],"operation":"withRequiredScopesCheck","msg":"No authentication context found. Defaulting to allowed for demonstration purposes."}
{"level":20,"time":1770900527568,"env":"development","version":"2.6.5","pid":37156,"signal":{},"_meta":{"progressToken":14,"claudecode/toolUseId":"toolu_01EEdj7pmcdFsSynfSkq8ot7"},"requestId":"4RKID-SC1CS","timestamp":"2026-02-12T12:48:47.568Z","toolName":"git_push","input":{"path":"D:\\workspace\\AI_Vibe_Coding","branch":"master","force":false,"forceWithLease":false,"setUpstream":false,"tags":false,"dryRun":false,"delete":false},"operation":"HandleToolRequest","toolInput":{"path":"D:\\workspace\\AI_Vibe_Coding","branch":"master","force":false,"forceWithLease":false,"setUpstream":false,"tags":false,"dryRun":false,"delete":false},"msg":"Executing tool with handler factory"}
{"level":20,"time":1770900527568,"env":"development","version":"2.6.5","pid":37156,"requestId":"factory","timestamp":"1770900527568","type":"cli","msg":"Using cached git provider"}
{"level":20,"time":1770900527568,"env":"development","version":"2.6.5","pid":37156,"signal":{},"_meta":{"progressToken":14,"claudecode/toolUseId":"toolu_01EEdj7pmcdFsSynfSkq8ot7"},"requestId":"4RKID-SC1CS","timestamp":"2026-02-12T12:48:47.568Z","toolName":"git_push","input":{"path":"D:\\workspace\\AI_Vibe_Coding","branch":"master","force":false,"forceWithLease":false,"setUpstream":false,"tags":false,"dryRun":false,"delete":false},"operation":"HandleToolRequest","workingDir":"D:\\workspace\\AI_Vibe_Coding","msg":"Using provided path as working directory"}
{"level":20,"time":1770900527568,"env":"development","version":"2.6.5","pid":37156,"signal":{},"_meta":{"progressToken":14,"claudecode/toolUseId":"toolu_01EEdj7pmcdFsSynfSkq8ot7"},"requestId":"4RKID-SC1CS","timestamp":"2026-02-12T12:48:47.568Z","toolName":"git_push","input":{"path":"D:\\workspace\\AI_Vibe_Coding","branch":"master","force":false,"forceWithLease":false,"setUpstream":false,"tags":false,"dryRun":false,"delete":false},"operation":"HandleToolRequest","original":"D:\\workspace\\AI_Vibe_Coding","sanitized":"D:\\workspace\\AI_Vibe_Coding","msg":"Sanitized working directory path"}
{"level":20,"time":1770900527568,"env":"development","version":"2.6.5","pid":37156,"signal":{},"_meta":{"progressToken":14,"claudecode/toolUseId":"toolu_01EEdj7pmcdFsSynfSkq8ot7"},"requestId":"4RKID-SC1CS","timestamp":"2026-02-12T12:48:47.568Z","toolName":"git_push","input":{"path":"D:\\workspace\\AI_Vibe_Coding","branch":"master","force":false,"forceWithLease":false,"setUpstream":false,"tags":false,"dryRun":false,"delete":false},"operation":"HandleToolRequest","inputPath":"D:\\workspace\\AI_Vibe_Coding","resolvedPath":"D:\\workspace\\AI_Vibe_Coding","msg":"Resolved working directory"}
{"level":20,"time":1770900527568,"env":"development","version":"2.6.5","pid":37156,"signal":{},"_meta":{"progressToken":14,"claudecode/toolUseId":"toolu_01EEdj7pmcdFsSynfSkq8ot7"},"requestId":"4RKID-SC1CS","timestamp":"2026-02-12T12:48:47.568Z","toolName":"git_push","input":{"path":"D:\\workspace\\AI_Vibe_Coding","branch":"master","force":false,"forceWithLease":false,"setUpstream":false,"tags":false,"dryRun":false,"delete":false},"operation":"HandleToolRequest","provider":"cli","workingDirectory":"D:\\workspace\\AI_Vibe_Coding","tenantId":"default-tenant","options":{"branch":"master","force":false,"forceWithLease":false,"setUpstream":false,"tags":false,"dryRun":false,"delete":false},"msg":"Starting git push"}
{"level":30,"time":1770900529533,"env":"development","version":"2.6.5","pid":37156,"signal":{},"_meta":{"progressToken":14,"claudecode/toolUseId":"toolu_01EEdj7pmcdFsSynfSkq8ot7"},"requestId":"4RKID-SC1CS","timestamp":"2026-02-12T12:48:47.568Z","toolName":"git_push","input":{"path":"D:\\workspace\\AI_Vibe_Coding","branch":"master","force":false,"forceWithLease":false,"setUpstream":false,"tags":false,"dryRun":false,"delete":false},"operation":"HandleToolRequest","provider":"cli","workingDirectory":"D:\\workspace\\AI_Vibe_Coding","tenantId":"default-tenant","result":{"success":true},"msg":"Git push completed successfully"}
{"level":30,"time":1770900529533,"env":"development","version":"2.6.5","pid":37156,"signal":{},"_meta":{"progressToken":14,"claudecode/toolUseId":"toolu_01EEdj7pmcdFsSynfSkq8ot7"},"requestId":"4RKID-SC1CS","timestamp":"2026-02-12T12:48:47.568Z","toolName":"git_push","input":{"path":"D:\\workspace\\AI_Vibe_Coding","branch":"master","force":false,"forceWithLease":false,"setUpstream":false,"tags":false,"dryRun":false,"delete":false},"operation":"HandleToolRequest","metrics":{"durationMs":1964.53,"isSuccess":true,"inputBytes":158,"outputBytes":106,"memory":{"rss":{"before":149086208,"after":148484096,"delta":-602112},"heapUsed":{"before":45252360,"after":45939712,"delta":687352}}},"msg":"Tool execution finished."}
{"level":20,"time":1770900604968,"env":"development","version":"2.6.5","pid":37156,"requestId":"ZQY2H-VI9UH","timestamp":"2026-02-12T12:50:04.968Z","requiredScopes":["tool:git:write"],"operation":"withRequiredScopesCheck","msg":"No authentication context found. Defaulting to allowed for demonstration purposes."}
{"level":20,"time":1770900604968,"env":"development","version":"2.6.5","pid":37156,"signal":{},"_meta":{"progressToken":15,"claudecode/toolUseId":"toolu_01SUesgpVcGgs2XZjncS3E8G"},"requestId":"VG2K8-5NHWR","timestamp":"2026-02-12T12:50:04.968Z","toolName":"git_add","input":{"path":"D:\\workspace\\AI_Vibe_Coding","files":[".gitignore"],"update":false,"all":false,"force":false},"operation":"HandleToolRequest","toolInput":{"path":"D:\\workspace\\AI_Vibe_Coding","files":[".gitignore"],"update":false,"all":false,"force":false},"msg":"Executing tool with handler factory"}
{"level":20,"time":1770900604968,"env":"development","version":"2.6.5","pid":37156,"requestId":"factory","timestamp":"1770900604968","type":"cli","msg":"Using cached git provider"}
{"level":20,"time":1770900604968,"env":"development","version":"2.6.5","pid":37156,"signal":{},"_meta":{"progressToken":15,"claudecode/toolUseId":"toolu_01SUesgpVcGgs2XZjncS3E8G"},"requestId":"VG2K8-5NHWR","timestamp":"2026-02-12T12:50:04.968Z","toolName":"git_add","input":{"path":"D:\\workspace\\AI_Vibe_Coding","files":[".gitignore"],"update":false,"all":false,"force":false},"operation":"HandleToolRequest","workingDir":"D:\\workspace\\AI_Vibe_Coding","msg":"Using provided path as working directory"}
{"level":20,"time":1770900604968,"env":"development","version":"2.6.5","pid":37156,"signal":{},"_meta":{"progressToken":15,"claudecode/toolUseId":"toolu_01SUesgpVcGgs2XZjncS3E8G"},"requestId":"VG2K8-5NHWR","timestamp":"2026-02-12T12:50:04.968Z","toolName":"git_add","input":{"path":"D:\\workspace\\AI_Vibe_Coding","files":[".gitignore"],"update":false,"all":false,"force":false},"operation":"HandleToolRequest","original":"D:\\workspace\\AI_Vibe_Coding","sanitized":"D:\\workspace\\AI_Vibe_Coding","msg":"Sanitized working directory path"}
{"level":20,"time":1770900604968,"env":"development","version":"2.6.5","pid":37156,"signal":{},"_meta":{"progressToken":15,"claudecode/toolUseId":"toolu_01SUesgpVcGgs2XZjncS3E8G"},"requestId":"VG2K8-5NHWR","timestamp":"2026-02-12T12:50:04.968Z","toolName":"git_add","input":{"path":"D:\\workspace\\AI_Vibe_Coding","files":[".gitignore"],"update":false,"all":false,"force":false},"operation":"HandleToolRequest","inputPath":"D:\\workspace\\AI_Vibe_Coding","resolvedPath":"D:\\workspace\\AI_Vibe_Coding","msg":"Resolved working directory"}
{"level":20,"time":1770900604968,"env":"development","version":"2.6.5","pid":37156,"signal":{},"_meta":{"progressToken":15,"claudecode/toolUseId":"toolu_01SUesgpVcGgs2XZjncS3E8G"},"requestId":"VG2K8-5NHWR","timestamp":"2026-02-12T12:50:04.968Z","toolName":"git_add","input":{"path":"D:\\workspace\\AI_Vibe_Coding","files":[".gitignore"],"update":false,"all":false,"force":false},"operation":"HandleToolRequest","provider":"cli","workingDirectory":"D:\\workspace\\AI_Vibe_Coding","tenantId":"default-tenant","options":{"paths":[".gitignore"],"update":false,"all":false,"force":false},"msg":"Starting git add"}
{"level":30,"time":1770900605066,"env":"development","version":"2.6.5","pid":37156,"signal":{},"_meta":{"progressToken":15,"claudecode/toolUseId":"toolu_01SUesgpVcGgs2XZjncS3E8G"},"requestId":"VG2K8-5NHWR","timestamp":"2026-02-12T12:50:04.968Z","toolName":"git_add","input":{"path":"D:\\workspace\\AI_Vibe_Coding","files":[".gitignore"],"update":false,"all":false,"force":false},"operation":"HandleToolRequest","provider":"cli","workingDirectory":"D:\\workspace\\AI_Vibe_Coding","tenantId":"default-tenant","result":{"filesStaged":1},"msg":"Git add completed successfully"}
{"level":20,"time":1770900605066,"env":"development","version":"2.6.5","pid":37156,"signal":{},"_meta":{"progressToken":15,"claudecode/toolUseId":"toolu_01SUesgpVcGgs2XZjncS3E8G"},"requestId":"VG2K8-5NHWR","timestamp":"2026-02-12T12:50:04.968Z","toolName":"git_add","input":{"path":"D:\\workspace\\AI_Vibe_Coding","files":[".gitignore"],"update":false,"all":false,"force":false},"operation":"HandleToolRequest","provider":"cli","workingDirectory":"D:\\workspace\\AI_Vibe_Coding","tenantId":"default-tenant","options":{"includeUntracked":true},"msg":"Starting git status"}
{"level":30,"time":1770900605168,"env":"development","version":"2.6.5","pid":37156,"signal":{},"_meta":{"progressToken":15,"claudecode/toolUseId":"toolu_01SUesgpVcGgs2XZjncS3E8G"},"requestId":"VG2K8-5NHWR","timestamp":"2026-02-12T12:50:04.968Z","toolName":"git_add","input":{"path":"D:\\workspace\\AI_Vibe_Coding","files":[".gitignore"],"update":false,"all":false,"force":false},"operation":"HandleToolRequest","provider":"cli","workingDirectory":"D:\\workspace\\AI_Vibe_Coding","tenantId":"default-tenant","result":{"isClean":false},"msg":"Git status completed successfully"}
{"level":30,"time":1770900605168,"env":"development","version":"2.6.5","pid":37156,"signal":{},"_meta":{"progressToken":15,"claudecode/toolUseId":"toolu_01SUesgpVcGgs2XZjncS3E8G"},"requestId":"VG2K8-5NHWR","timestamp":"2026-02-12T12:50:04.968Z","toolName":"git_add","input":{"path":"D:\\workspace\\AI_Vibe_Coding","files":[".gitignore"],"update":false,"all":false,"force":false},"operation":"HandleToolRequest","metrics":{"durationMs":199.56,"isSuccess":true,"inputBytes":104,"outputBytes":501,"memory":{"rss":{"before":148586496,"after":148787200,"delta":200704},"heapUsed":{"before":46016352,"after":45425656,"delta":-590696}}},"msg":"Tool execution finished."}
{"level":20,"time":1770900620633,"env":"development","version":"2.6.5","pid":37156,"requestId":"0KJZ3-FWQ15","timestamp":"2026-02-12T12:50:20.633Z","requiredScopes":["tool:git:write"],"operation":"withRequiredScopesCheck","msg":"No authentication context found. Defaulting to allowed for demonstration purposes."}
{"level":20,"time":1770900620633,"env":"development","version":"2.6.5","pid":37156,"signal":{},"_meta":{"progressToken":16,"claudecode/toolUseId":"toolu_019P1dFLaztzqVzxEnLJtuan"},"requestId":"YQ27G-FRI2F","timestamp":"2026-02-12T12:50:20.632Z","toolName":"git_commit","input":{"path":"D:\\workspace\\AI_Vibe_Coding","message":"gitignore 설정 추가","amend":false,"allowEmpty":false,"noVerify":false,"forceUnsignedOnFailure":false},"operation":"HandleToolRequest","toolInput":{"path":"D:\\workspace\\AI_Vibe_Coding","message":"gitignore 설정 추가","amend":false,"allowEmpty":false,"noVerify":false,"forceUnsignedOnFailure":false},"msg":"Executing tool with handler factory"}
{"level":20,"time":1770900620633,"env":"development","version":"2.6.5","pid":37156,"requestId":"factory","timestamp":"1770900620633","type":"cli","msg":"Using cached git provider"}
{"level":20,"time":1770900620633,"env":"development","version":"2.6.5","pid":37156,"signal":{},"_meta":{"progressToken":16,"claudecode/toolUseId":"toolu_019P1dFLaztzqVzxEnLJtuan"},"requestId":"YQ27G-FRI2F","timestamp":"2026-02-12T12:50:20.632Z","toolName":"git_commit","input":{"path":"D:\\workspace\\AI_Vibe_Coding","message":"gitignore 설정 추가","amend":false,"allowEmpty":false,"noVerify":false,"forceUnsignedOnFailure":false},"operation":"HandleToolRequest","workingDir":"D:\\workspace\\AI_Vibe_Coding","msg":"Using provided path as working directory"}
{"level":20,"time":1770900620633,"env":"development","version":"2.6.5","pid":37156,"signal":{},"_meta":{"progressToken":16,"claudecode/toolUseId":"toolu_019P1dFLaztzqVzxEnLJtuan"},"requestId":"YQ27G-FRI2F","timestamp":"2026-02-12T12:50:20.632Z","toolName":"git_commit","input":{"path":"D:\\workspace\\AI_Vibe_Coding","message":"gitignore 설정 추가","amend":false,"allowEmpty":false,"noVerify":false,"forceUnsignedOnFailure":false},"operation":"HandleToolRequest","original":"D:\\workspace\\AI_Vibe_Coding","sanitized":"D:\\workspace\\AI_Vibe_Coding","msg":"Sanitized working directory path"}
{"level":20,"time":1770900620633,"env":"development","version":"2.6.5","pid":37156,"signal":{},"_meta":{"progressToken":16,"claudecode/toolUseId":"toolu_019P1dFLaztzqVzxEnLJtuan"},"requestId":"YQ27G-FRI2F","timestamp":"2026-02-12T12:50:20.632Z","toolName":"git_commit","input":{"path":"D:\\workspace\\AI_Vibe_Coding","message":"gitignore 설정 추가","amend":false,"allowEmpty":false,"noVerify":false,"forceUnsignedOnFailure":false},"operation":"HandleToolRequest","inputPath":"D:\\workspace\\AI_Vibe_Coding","resolvedPath":"D:\\workspace\\AI_Vibe_Coding","msg":"Resolved working directory"}
{"level":20,"time":1770900620633,"env":"development","version":"2.6.5","pid":37156,"signal":{},"_meta":{"progressToken":16,"claudecode/toolUseId":"toolu_019P1dFLaztzqVzxEnLJtuan"},"requestId":"YQ27G-FRI2F","timestamp":"2026-02-12T12:50:20.632Z","toolName":"git_commit","input":{"path":"D:\\workspace\\AI_Vibe_Coding","message":"gitignore 설정 추가","amend":false,"allowEmpty":false,"noVerify":false,"forceUnsignedOnFailure":false},"operation":"HandleToolRequest","provider":"cli","workingDirectory":"D:\\workspace\\AI_Vibe_Coding","tenantId":"default-tenant","options":{"message":"gitignore 설정 추가"},"msg":"Starting git commit"}
{"level":30,"time":1770900620957,"env":"development","version":"2.6.5","pid":37156,"signal":{},"_meta":{"progressToken":16,"claudecode/toolUseId":"toolu_019P1dFLaztzqVzxEnLJtuan"},"requestId":"YQ27G-FRI2F","timestamp":"2026-02-12T12:50:20.632Z","toolName":"git_commit","input":{"path":"D:\\workspace\\AI_Vibe_Coding","message":"gitignore 설정 추가","amend":false,"allowEmpty":false,"noVerify":false,"forceUnsignedOnFailure":false},"operation":"HandleToolRequest","provider":"cli","workingDirectory":"D:\\workspace\\AI_Vibe_Coding","tenantId":"default-tenant","result":{"hash":"14cba39d267d6642f2fb0afc9f0714ac1050bf3d"},"msg":"Git commit completed successfully"}
{"level":20,"time":1770900620957,"env":"development","version":"2.6.5","pid":37156,"signal":{},"_meta":{"progressToken":16,"claudecode/toolUseId":"toolu_019P1dFLaztzqVzxEnLJtuan"},"requestId":"YQ27G-FRI2F","timestamp":"2026-02-12T12:50:20.632Z","toolName":"git_commit","input":{"path":"D:\\workspace\\AI_Vibe_Coding","message":"gitignore 설정 추가","amend":false,"allowEmpty":false,"noVerify":false,"forceUnsignedOnFailure":false},"operation":"HandleToolRequest","provider":"cli","workingDirectory":"D:\\workspace\\AI_Vibe_Coding","tenantId":"default-tenant","options":{"includeUntracked":true},"msg":"Starting git status"}
{"level":30,"time":1770900621053,"env":"development","version":"2.6.5","pid":37156,"signal":{},"_meta":{"progressToken":16,"claudecode/toolUseId":"toolu_019P1dFLaztzqVzxEnLJtuan"},"requestId":"YQ27G-FRI2F","timestamp":"2026-02-12T12:50:20.632Z","toolName":"git_commit","input":{"path":"D:\\workspace\\AI_Vibe_Coding","message":"gitignore 설정 추가","amend":false,"allowEmpty":false,"noVerify":false,"forceUnsignedOnFailure":false},"operation":"HandleToolRequest","provider":"cli","workingDirectory":"D:\\workspace\\AI_Vibe_Coding","tenantId":"default-tenant","result":{"isClean":false},"msg":"Git status completed successfully"}
{"level":30,"time":1770900621053,"env":"development","version":"2.6.5","pid":37156,"signal":{},"_meta":{"progressToken":16,"claudecode/toolUseId":"toolu_019P1dFLaztzqVzxEnLJtuan"},"requestId":"YQ27G-FRI2F","timestamp":"2026-02-12T12:50:20.632Z","toolName":"git_commit","input":{"path":"D:\\workspace\\AI_Vibe_Coding","message":"gitignore 설정 추가","amend":false,"allowEmpty":false,"noVerify":false,"forceUnsignedOnFailure":false},"operation":"HandleToolRequest","metrics":{"durationMs":420.3,"isSuccess":true,"inputBytes":157,"outputBytes":617,"memory":{"rss":{"before":148787200,"after":149114880,"delta":327680},"heapUsed":{"before":45518000,"after":45365080,"delta":-152920}}},"msg":"Tool execution finished."}
{"level":20,"time":1770900625184,"env":"development","version":"2.6.5","pid":37156,"requestId":"6EUUE-GLT5V","timestamp":"2026-02-12T12:50:25.184Z","requiredScopes":["tool:git:write"],"operation":"withRequiredScopesCheck","msg":"No authentication context found. Defaulting to allowed for demonstration purposes."}
{"level":20,"time":1770900625184,"env":"development","version":"2.6.5","pid":37156,"signal":{},"_meta":{"progressToken":17,"claudecode/toolUseId":"toolu_01Q14r52E6pUriHNMurfQWJ7"},"requestId":"9XM3N-CN046","timestamp":"2026-02-12T12:50:25.184Z","toolName":"git_push","input":{"path":"D:\\workspace\\AI_Vibe_Coding","branch":"master","force":false,"forceWithLease":false,"setUpstream":false,"tags":false,"dryRun":false,"delete":false},"operation":"HandleToolRequest","toolInput":{"path":"D:\\workspace\\AI_Vibe_Coding","branch":"master","force":false,"forceWithLease":false,"setUpstream":false,"tags":false,"dryRun":false,"delete":false},"msg":"Executing tool with handler factory"}
{"level":20,"time":1770900625184,"env":"development","version":"2.6.5","pid":37156,"requestId":"factory","timestamp":"1770900625184","type":"cli","msg":"Using cached git provider"}
{"level":20,"time":1770900625184,"env":"development","version":"2.6.5","pid":37156,"signal":{},"_meta":{"progressToken":17,"claudecode/toolUseId":"toolu_01Q14r52E6pUriHNMurfQWJ7"},"requestId":"9XM3N-CN046","timestamp":"2026-02-12T12:50:25.184Z","toolName":"git_push","input":{"path":"D:\\workspace\\AI_Vibe_Coding","branch":"master","force":false,"forceWithLease":false,"setUpstream":false,"tags":false,"dryRun":false,"delete":false},"operation":"HandleToolRequest","workingDir":"D:\\workspace\\AI_Vibe_Coding","msg":"Using provided path as working directory"}
{"level":20,"time":1770900625184,"env":"development","version":"2.6.5","pid":37156,"signal":{},"_meta":{"progressToken":17,"claudecode/toolUseId":"toolu_01Q14r52E6pUriHNMurfQWJ7"},"requestId":"9XM3N-CN046","timestamp":"2026-02-12T12:50:25.184Z","toolName":"git_push","input":{"path":"D:\\workspace\\AI_Vibe_Coding","branch":"master","force":false,"forceWithLease":false,"setUpstream":false,"tags":false,"dryRun":false,"delete":false},"operation":"HandleToolRequest","original":"D:\\workspace\\AI_Vibe_Coding","sanitized":"D:\\workspace\\AI_Vibe_Coding","msg":"Sanitized working directory path"}
{"level":20,"time":1770900625184,"env":"development","version":"2.6.5","pid":37156,"signal":{},"_meta":{"progressToken":17,"claudecode/toolUseId":"toolu_01Q14r52E6pUriHNMurfQWJ7"},"requestId":"9XM3N-CN046","timestamp":"2026-02-12T12:50:25.184Z","toolName":"git_push","input":{"path":"D:\\workspace\\AI_Vibe_Coding","branch":"master","force":false,"forceWithLease":false,"setUpstream":false,"tags":false,"dryRun":false,"delete":false},"operation":"HandleToolRequest","inputPath":"D:\\workspace\\AI_Vibe_Coding","resolvedPath":"D:\\workspace\\AI_Vibe_Coding","msg":"Resolved working directory"}
{"level":20,"time":1770900625185,"env":"development","version":"2.6.5","pid":37156,"signal":{},"_meta":{"progressToken":17,"claudecode/toolUseId":"toolu_01Q14r52E6pUriHNMurfQWJ7"},"requestId":"9XM3N-CN046","timestamp":"2026-02-12T12:50:25.184Z","toolName":"git_push","input":{"path":"D:\\workspace\\AI_Vibe_Coding","branch":"master","force":false,"forceWithLease":false,"setUpstream":false,"tags":false,"dryRun":false,"delete":false},"operation":"HandleToolRequest","provider":"cli","workingDirectory":"D:\\workspace\\AI_Vibe_Coding","tenantId":"default-tenant","options":{"branch":"master","force":false,"forceWithLease":false,"setUpstream":false,"tags":false,"dryRun":false,"delete":false},"msg":"Starting git push"}
{"level":30,"time":1770900627185,"env":"development","version":"2.6.5","pid":37156,"signal":{},"_meta":{"progressToken":17,"claudecode/toolUseId":"toolu_01Q14r52E6pUriHNMurfQWJ7"},"requestId":"9XM3N-CN046","timestamp":"2026-02-12T12:50:25.184Z","toolName":"git_push","input":{"path":"D:\\workspace\\AI_Vibe_Coding","branch":"master","force":false,"forceWithLease":false,"setUpstream":false,"tags":false,"dryRun":false,"delete":false},"operation":"HandleToolRequest","provider":"cli","workingDirectory":"D:\\workspace\\AI_Vibe_Coding","tenantId":"default-tenant","result":{"success":true},"msg":"Git push completed successfully"}
{"level":30,"time":1770900627185,"env":"development","version":"2.6.5","pid":37156,"signal":{},"_meta":{"progressToken":17,"claudecode/toolUseId":"toolu_01Q14r52E6pUriHNMurfQWJ7"},"requestId":"9XM3N-CN046","timestamp":"2026-02-12T12:50:25.184Z","toolName":"git_push","input":{"path":"D:\\workspace\\AI_Vibe_Coding","branch":"master","force":false,"forceWithLease":false,"setUpstream":false,"tags":false,"dryRun":false,"delete":false},"operation":"HandleToolRequest","metrics":{"durationMs":2000.8,"isSuccess":true,"inputBytes":158,"outputBytes":106,"memory":{"rss":{"before":149151744,"after":149180416,"delta":28672},"heapUsed":{"before":45462440,"after":46123776,"delta":661336}}},"msg":"Tool execution finished."}
{"level":20,"time":1770900657497,"env":"development","version":"2.6.5","pid":37156,"requestId":"UOCNF-QHSZG","timestamp":"2026-02-12T12:50:57.497Z","requiredScopes":["tool:git:write"],"operation":"withRequiredScopesCheck","msg":"No authentication context found. Defaulting to allowed for demonstration purposes."}
{"level":20,"time":1770900657497,"env":"development","version":"2.6.5","pid":37156,"signal":{},"_meta":{"progressToken":18,"claudecode/toolUseId":"toolu_01644aiKMrd6rCAYsn2qS6Fe"},"requestId":"1I1VF-CZQ45","timestamp":"2026-02-12T12:50:57.497Z","toolName":"git_remote","input":{"path":"D:\\workspace\\AI_Vibe_Coding","mode":"get-url","name":"origin","push":false},"operation":"HandleToolRequest","hasStorage":true,"hasFactory":true,"msg":"Initialized tool handler dependencies"}
{"level":20,"time":1770900657497,"env":"development","version":"2.6.5","pid":37156,"signal":{},"_meta":{"progressToken":18,"claudecode/toolUseId":"toolu_01644aiKMrd6rCAYsn2qS6Fe"},"requestId":"1I1VF-CZQ45","timestamp":"2026-02-12T12:50:57.497Z","toolName":"git_remote","input":{"path":"D:\\workspace\\AI_Vibe_Coding","mode":"get-url","name":"origin","push":false},"operation":"HandleToolRequest","toolInput":{"path":"D:\\workspace\\AI_Vibe_Coding","mode":"get-url","name":"origin","push":false},"msg":"Executing tool with handler factory"}
{"level":20,"time":1770900657497,"env":"development","version":"2.6.5","pid":37156,"requestId":"factory","timestamp":"1770900657497","type":"cli","msg":"Using cached git provider"}
{"level":20,"time":1770900657497,"env":"development","version":"2.6.5","pid":37156,"signal":{},"_meta":{"progressToken":18,"claudecode/toolUseId":"toolu_01644aiKMrd6rCAYsn2qS6Fe"},"requestId":"1I1VF-CZQ45","timestamp":"2026-02-12T12:50:57.497Z","toolName":"git_remote","input":{"path":"D:\\workspace\\AI_Vibe_Coding","mode":"get-url","name":"origin","push":false},"operation":"HandleToolRequest","workingDir":"D:\\workspace\\AI_Vibe_Coding","msg":"Using provided path as working directory"}
{"level":20,"time":1770900657497,"env":"development","version":"2.6.5","pid":37156,"signal":{},"_meta":{"progressToken":18,"claudecode/toolUseId":"toolu_01644aiKMrd6rCAYsn2qS6Fe"},"requestId":"1I1VF-CZQ45","timestamp":"2026-02-12T12:50:57.497Z","toolName":"git_remote","input":{"path":"D:\\workspace\\AI_Vibe_Coding","mode":"get-url","name":"origin","push":false},"operation":"HandleToolRequest","original":"D:\\workspace\\AI_Vibe_Coding","sanitized":"D:\\workspace\\AI_Vibe_Coding","msg":"Sanitized working directory path"}
{"level":20,"time":1770900657497,"env":"development","version":"2.6.5","pid":37156,"signal":{},"_meta":{"progressToken":18,"claudecode/toolUseId":"toolu_01644aiKMrd6rCAYsn2qS6Fe"},"requestId":"1I1VF-CZQ45","timestamp":"2026-02-12T12:50:57.497Z","toolName":"git_remote","input":{"path":"D:\\workspace\\AI_Vibe_Coding","mode":"get-url","name":"origin","push":false},"operation":"HandleToolRequest","inputPath":"D:\\workspace\\AI_Vibe_Coding","resolvedPath":"D:\\workspace\\AI_Vibe_Coding","msg":"Resolved working directory"}
{"level":20,"time":1770900657497,"env":"development","version":"2.6.5","pid":37156,"signal":{},"_meta":{"progressToken":18,"claudecode/toolUseId":"toolu_01644aiKMrd6rCAYsn2qS6Fe"},"requestId":"1I1VF-CZQ45","timestamp":"2026-02-12T12:50:57.497Z","toolName":"git_remote","input":{"path":"D:\\workspace\\AI_Vibe_Coding","mode":"get-url","name":"origin","push":false},"operation":"HandleToolRequest","provider":"cli","workingDirectory":"D:\\workspace\\AI_Vibe_Coding","tenantId":"default-tenant","options":{"mode":"get-url","name":"origin","push":false},"msg":"Starting git remote"}
{"level":30,"time":1770900657580,"env":"development","version":"2.6.5","pid":37156,"signal":{},"_meta":{"progressToken":18,"claudecode/toolUseId":"toolu_01644aiKMrd6rCAYsn2qS6Fe"},"requestId":"1I1VF-CZQ45","timestamp":"2026-02-12T12:50:57.497Z","toolName":"git_remote","input":{"path":"D:\\workspace\\AI_Vibe_Coding","mode":"get-url","name":"origin","push":false},"operation":"HandleToolRequest","provider":"cli","workingDirectory":"D:\\workspace\\AI_Vibe_Coding","tenantId":"default-tenant","result":{"mode":"get-url"},"msg":"Git remote completed successfully"}
{"level":30,"time":1770900657580,"env":"development","version":"2.6.5","pid":37156,"signal":{},"_meta":{"progressToken":18,"claudecode/toolUseId":"toolu_01644aiKMrd6rCAYsn2qS6Fe"},"requestId":"1I1VF-CZQ45","timestamp":"2026-02-12T12:50:57.497Z","toolName":"git_remote","input":{"path":"D:\\workspace\\AI_Vibe_Coding","mode":"get-url","name":"origin","push":false},"operation":"HandleToolRequest","metrics":{"durationMs":83.29,"isSuccess":true,"inputBytes":86,"outputBytes":186,"memory":{"rss":{"before":149254144,"after":149426176,"delta":172032},"heapUsed":{"before":46203568,"after":45942752,"delta":-260816}}},"msg":"Tool execution finished."}
{"level":20,"time":1770900661305,"env":"development","version":"2.6.5","pid":37156,"requestId":"7DTMI-UON1F","timestamp":"2026-02-12T12:51:01.305Z","requiredScopes":["tool:git:write"],"operation":"withRequiredScopesCheck","msg":"No authentication context found. Defaulting to allowed for demonstration purposes."}
{"level":20,"time":1770900661305,"env":"development","version":"2.6.5","pid":37156,"signal":{},"_meta":{"progressToken":19,"claudecode/toolUseId":"toolu_01CZXArrtwjB8v7rh2jVkVEq"},"requestId":"G5J2O-HVTGE","timestamp":"2026-02-12T12:51:01.305Z","toolName":"git_branch","input":{"path":"D:\\workspace\\AI_Vibe_Coding","operation":"show-current","force":false,"all":false,"remote":false},"operation":"HandleToolRequest","hasStorage":true,"hasFactory":true,"msg":"Initialized tool handler dependencies"}
{"level":20,"time":1770900661305,"env":"development","version":"2.6.5","pid":37156,"signal":{},"_meta":{"progressToken":19,"claudecode/toolUseId":"toolu_01CZXArrtwjB8v7rh2jVkVEq"},"requestId":"G5J2O-HVTGE","timestamp":"2026-02-12T12:51:01.305Z","toolName":"git_branch","input":{"path":"D:\\workspace\\AI_Vibe_Coding","operation":"show-current","force":false,"all":false,"remote":false},"operation":"HandleToolRequest","toolInput":{"path":"D:\\workspace\\AI_Vibe_Coding","operation":"show-current","force":false,"all":false,"remote":false},"msg":"Executing tool with handler factory"}
{"level":20,"time":1770900661305,"env":"development","version":"2.6.5","pid":37156,"requestId":"factory","timestamp":"1770900661305","type":"cli","msg":"Using cached git provider"}
{"level":20,"time":1770900661305,"env":"development","version":"2.6.5","pid":37156,"signal":{},"_meta":{"progressToken":19,"claudecode/toolUseId":"toolu_01CZXArrtwjB8v7rh2jVkVEq"},"requestId":"G5J2O-HVTGE","timestamp":"2026-02-12T12:51:01.305Z","toolName":"git_branch","input":{"path":"D:\\workspace\\AI_Vibe_Coding","operation":"show-current","force":false,"all":false,"remote":false},"operation":"HandleToolRequest","workingDir":"D:\\workspace\\AI_Vibe_Coding","msg":"Using provided path as working directory"}
{"level":20,"time":1770900661305,"env":"development","version":"2.6.5","pid":37156,"signal":{},"_meta":{"progressToken":19,"claudecode/toolUseId":"toolu_01CZXArrtwjB8v7rh2jVkVEq"},"requestId":"G5J2O-HVTGE","timestamp":"2026-02-12T12:51:01.305Z","toolName":"git_branch","input":{"path":"D:\\workspace\\AI_Vibe_Coding","operation":"show-current","force":false,"all":false,"remote":false},"operation":"HandleToolRequest","original":"D:\\workspace\\AI_Vibe_Coding","sanitized":"D:\\workspace\\AI_Vibe_Coding","msg":"Sanitized working directory path"}
{"level":20,"time":1770900661305,"env":"development","version":"2.6.5","pid":37156,"signal":{},"_meta":{"progressToken":19,"claudecode/toolUseId":"toolu_01CZXArrtwjB8v7rh2jVkVEq"},"requestId":"G5J2O-HVTGE","timestamp":"2026-02-12T12:51:01.305Z","toolName":"git_branch","input":{"path":"D:\\workspace\\AI_Vibe_Coding","operation":"show-current","force":false,"all":false,"remote":false},"operation":"HandleToolRequest","inputPath":"D:\\workspace\\AI_Vibe_Coding","resolvedPath":"D:\\workspace\\AI_Vibe_Coding","msg":"Resolved working directory"}
{"level":20,"time":1770900661305,"env":"development","version":"2.6.5","pid":37156,"signal":{},"_meta":{"progressToken":19,"claudecode/toolUseId":"toolu_01CZXArrtwjB8v7rh2jVkVEq"},"requestId":"G5J2O-HVTGE","timestamp":"2026-02-12T12:51:01.305Z","toolName":"git_branch","input":{"path":"D:\\workspace\\AI_Vibe_Coding","operation":"show-current","force":false,"all":false,"remote":false},"operation":"HandleToolRequest","provider":"cli","workingDirectory":"D:\\workspace\\AI_Vibe_Coding","tenantId":"default-tenant","options":{"mode":"list"},"msg":"Starting git branch"}
{"level":30,"time":1770900661395,"env":"development","version":"2.6.5","pid":37156,"signal":{},"_meta":{"progressToken":19,"claudecode/toolUseId":"toolu_01CZXArrtwjB8v7rh2jVkVEq"},"requestId":"G5J2O-HVTGE","timestamp":"2026-02-12T12:51:01.305Z","toolName":"git_branch","input":{"path":"D:\\workspace\\AI_Vibe_Coding","operation":"show-current","force":false,"all":false,"remote":false},"operation":"HandleToolRequest","provider":"cli","workingDirectory":"D:\\workspace\\AI_Vibe_Coding","tenantId":"default-tenant","result":{"mode":"list"},"msg":"Git branch completed successfully"}
{"level":30,"time":1770900661395,"env":"development","version":"2.6.5","pid":37156,"signal":{},"_meta":{"progressToken":19,"claudecode/toolUseId":"toolu_01CZXArrtwjB8v7rh2jVkVEq"},"requestId":"G5J2O-HVTGE","timestamp":"2026-02-12T12:51:01.305Z","toolName":"git_branch","input":{"path":"D:\\workspace\\AI_Vibe_Coding","operation":"show-current","force":false,"all":false,"remote":false},"operation":"HandleToolRequest","metrics":{"durationMs":90.34,"isSuccess":true,"inputBytes":108,"outputBytes":103,"memory":{"rss":{"before":149495808,"after":149782528,"delta":286720},"heapUsed":{"before":46043000,"after":45801552,"delta":-241448}}},"msg":"Tool execution finished."}
{"level":20,"time":1770900680921,"env":"development","version":"2.6.5","pid":37156,"requestId":"U3BUJ-SG1E4","timestamp":"2026-02-12T12:51:20.921Z","requiredScopes":["tool:git:write"],"operation":"withRequiredScopesCheck","msg":"No authentication context found. Defaulting to allowed for demonstration purposes."}
{"level":20,"time":1770900680921,"env":"development","version":"2.6.5","pid":37156,"signal":{},"_meta":{"progressToken":20,"claudecode/toolUseId":"toolu_01Je7N8UbwLLv4ZtNyscA1rn"},"requestId":"NPCJQ-FS7XD","timestamp":"2026-02-12T12:51:20.920Z","toolName":"git_commit","input":{"path":"D:\\workspace\\AI_Vibe_Coding","message":"랜딩페이지 추가","amend":false,"allowEmpty":false,"noVerify":false,"filesToStage":["index.html"],"forceUnsignedOnFailure":false},"operation":"HandleToolRequest","toolInput":{"path":"D:\\workspace\\AI_Vibe_Coding","message":"랜딩페이지 추가","amend":false,"allowEmpty":false,"noVerify":false,"filesToStage":["index.html"],"forceUnsignedOnFailure":false},"msg":"Executing tool with handler factory"}
{"level":20,"time":1770900680921,"env":"development","version":"2.6.5","pid":37156,"requestId":"factory","timestamp":"1770900680921","type":"cli","msg":"Using cached git provider"}
{"level":20,"time":1770900680921,"env":"development","version":"2.6.5","pid":37156,"signal":{},"_meta":{"progressToken":20,"claudecode/toolUseId":"toolu_01Je7N8UbwLLv4ZtNyscA1rn"},"requestId":"NPCJQ-FS7XD","timestamp":"2026-02-12T12:51:20.920Z","toolName":"git_commit","input":{"path":"D:\\workspace\\AI_Vibe_Coding","message":"랜딩페이지 추가","amend":false,"allowEmpty":false,"noVerify":false,"filesToStage":["index.html"],"forceUnsignedOnFailure":false},"operation":"HandleToolRequest","workingDir":"D:\\workspace\\AI_Vibe_Coding","msg":"Using provided path as working directory"}
{"level":20,"time":1770900680921,"env":"development","version":"2.6.5","pid":37156,"signal":{},"_meta":{"progressToken":20,"claudecode/toolUseId":"toolu_01Je7N8UbwLLv4ZtNyscA1rn"},"requestId":"NPCJQ-FS7XD","timestamp":"2026-02-12T12:51:20.920Z","toolName":"git_commit","input":{"path":"D:\\workspace\\AI_Vibe_Coding","message":"랜딩페이지 추가","amend":false,"allowEmpty":false,"noVerify":false,"filesToStage":["index.html"],"forceUnsignedOnFailure":false},"operation":"HandleToolRequest","original":"D:\\workspace\\AI_Vibe_Coding","sanitized":"D:\\workspace\\AI_Vibe_Coding","msg":"Sanitized working directory path"}
{"level":20,"time":1770900680921,"env":"development","version":"2.6.5","pid":37156,"signal":{},"_meta":{"progressToken":20,"claudecode/toolUseId":"toolu_01Je7N8UbwLLv4ZtNyscA1rn"},"requestId":"NPCJQ-FS7XD","timestamp":"2026-02-12T12:51:20.920Z","toolName":"git_commit","input":{"path":"D:\\workspace\\AI_Vibe_Coding","message":"랜딩페이지 추가","amend":false,"allowEmpty":false,"noVerify":false,"filesToStage":["index.html"],"forceUnsignedOnFailure":false},"operation":"HandleToolRequest","inputPath":"D:\\workspace\\AI_Vibe_Coding","resolvedPath":"D:\\workspace\\AI_Vibe_Coding","msg":"Resolved working directory"}
{"level":20,"time":1770900680921,"env":"development","version":"2.6.5","pid":37156,"signal":{},"_meta":{"progressToken":20,"claudecode/toolUseId":"toolu_01Je7N8UbwLLv4ZtNyscA1rn"},"requestId":"NPCJQ-FS7XD","timestamp":"2026-02-12T12:51:20.920Z","toolName":"git_commit","input":{"path":"D:\\workspace\\AI_Vibe_Coding","message":"랜딩페이지 추가","amend":false,"allowEmpty":false,"noVerify":false,"filesToStage":["index.html"],"forceUnsignedOnFailure":false},"operation":"HandleToolRequest","provider":"cli","workingDirectory":"D:\\workspace\\AI_Vibe_Coding","tenantId":"default-tenant","options":{"paths":["index.html"]},"msg":"Starting git add"}
{"level":30,"time":1770900681016,"env":"development","version":"2.6.5","pid":37156,"signal":{},"_meta":{"progressToken":20,"claudecode/toolUseId":"toolu_01Je7N8UbwLLv4ZtNyscA1rn"},"requestId":"NPCJQ-FS7XD","timestamp":"2026-02-12T12:51:20.920Z","toolName":"git_commit","input":{"path":"D:\\workspace\\AI_Vibe_Coding","message":"랜딩페이지 추가","amend":false,"allowEmpty":false,"noVerify":false,"filesToStage":["index.html"],"forceUnsignedOnFailure":false},"operation":"HandleToolRequest","provider":"cli","workingDirectory":"D:\\workspace\\AI_Vibe_Coding","tenantId":"default-tenant","result":{"filesStaged":1},"msg":"Git add completed successfully"}
{"level":20,"time":1770900681016,"env":"development","version":"2.6.5","pid":37156,"signal":{},"_meta":{"progressToken":20,"claudecode/toolUseId":"toolu_01Je7N8UbwLLv4ZtNyscA1rn"},"requestId":"NPCJQ-FS7XD","timestamp":"2026-02-12T12:51:20.920Z","toolName":"git_commit","input":{"path":"D:\\workspace\\AI_Vibe_Coding","message":"랜딩페이지 추가","amend":false,"allowEmpty":false,"noVerify":false,"filesToStage":["index.html"],"forceUnsignedOnFailure":false},"operation":"HandleToolRequest","provider":"cli","workingDirectory":"D:\\workspace\\AI_Vibe_Coding","tenantId":"default-tenant","options":{"message":"랜딩페이지 추가"},"msg":"Starting git commit"}
{"level":30,"time":1770900681349,"env":"development","version":"2.6.5","pid":37156,"signal":{},"_meta":{"progressToken":20,"claudecode/toolUseId":"toolu_01Je7N8UbwLLv4ZtNyscA1rn"},"requestId":"NPCJQ-FS7XD","timestamp":"2026-02-12T12:51:20.920Z","toolName":"git_commit","input":{"path":"D:\\workspace\\AI_Vibe_Coding","message":"랜딩페이지 추가","amend":false,"allowEmpty":false,"noVerify":false,"filesToStage":["index.html"],"forceUnsignedOnFailure":false},"operation":"HandleToolRequest","provider":"cli","workingDirectory":"D:\\workspace\\AI_Vibe_Coding","tenantId":"default-tenant","result":{"hash":"2b35f285202007337318a898b6cf0ea7606fb6f4"},"msg":"Git commit completed successfully"}
{"level":20,"time":1770900681349,"env":"development","version":"2.6.5","pid":37156,"signal":{},"_meta":{"progressToken":20,"claudecode/toolUseId":"toolu_01Je7N8UbwLLv4ZtNyscA1rn"},"requestId":"NPCJQ-FS7XD","timestamp":"2026-02-12T12:51:20.920Z","toolName":"git_commit","input":{"path":"D:\\workspace\\AI_Vibe_Coding","message":"랜딩페이지 추가","amend":false,"allowEmpty":false,"noVerify":false,"filesToStage":["index.html"],"forceUnsignedOnFailure":false},"operation":"HandleToolRequest","provider":"cli","workingDirectory":"D:\\workspace\\AI_Vibe_Coding","tenantId":"default-tenant","options":{"includeUntracked":true},"msg":"Starting git status"}
{"level":30,"time":1770900681444,"env":"development","version":"2.6.5","pid":37156,"signal":{},"_meta":{"progressToken":20,"claudecode/toolUseId":"toolu_01Je7N8UbwLLv4ZtNyscA1rn"},"requestId":"NPCJQ-FS7XD","timestamp":"2026-02-12T12:51:20.920Z","toolName":"git_commit","input":{"path":"D:\\workspace\\AI_Vibe_Coding","message":"랜딩페이지 추가","amend":false,"allowEmpty":false,"noVerify":false,"filesToStage":["index.html"],"forceUnsignedOnFailure":false},"operation":"HandleToolRequest","provider":"cli","workingDirectory":"D:\\workspace\\AI_Vibe_Coding","tenantId":"default-tenant","result":{"isClean":false},"msg":"Git status completed successfully"}
{"level":30,"time":1770900681444,"env":"development","version":"2.6.5","pid":37156,"signal":{},"_meta":{"progressToken":20,"claudecode/toolUseId":"toolu_01Je7N8UbwLLv4ZtNyscA1rn"},"requestId":"NPCJQ-FS7XD","timestamp":"2026-02-12T12:51:20.920Z","toolName":"git_commit","input":{"path":"D:\\workspace\\AI_Vibe_Coding","message":"랜딩페이지 추가","amend":false,"allowEmpty":false,"noVerify":false,"filesToStage":["index.html"],"forceUnsignedOnFailure":false},"operation":"HandleToolRequest","metrics":{"durationMs":523.93,"isSuccess":true,"inputBytes":186,"outputBytes":616,"memory":{"rss":{"before":149848064,"after":149594112,"delta":-253952},"heapUsed":{"before":45881896,"after":46231456,"delta":349560}}},"msg":"Tool execution finished."}
{"level":20,"time":1770900687672,"env":"development","version":"2.6.5","pid":37156,"requestId":"M2FUA-DMY9Z","timestamp":"2026-02-12T12:51:27.672Z","requiredScopes":["tool:git:write"],"operation":"withRequiredScopesCheck","msg":"No authentication context found. Defaulting to allowed for demonstration purposes."}
{"level":20,"time":1770900687672,"env":"development","version":"2.6.5","pid":37156,"signal":{},"_meta":{"progressToken":21,"claudecode/toolUseId":"toolu_01RFfGjGXa3eSFNGSz47PmYc"},"requestId":"DFP6J-6H8B4","timestamp":"2026-02-12T12:51:27.672Z","toolName":"git_push","input":{"path":"D:\\workspace\\AI_Vibe_Coding","branch":"master","force":false,"forceWithLease":false,"setUpstream":false,"tags":false,"dryRun":false,"delete":false},"operation":"HandleToolRequest","toolInput":{"path":"D:\\workspace\\AI_Vibe_Coding","branch":"master","force":false,"forceWithLease":false,"setUpstream":false,"tags":false,"dryRun":false,"delete":false},"msg":"Executing tool with handler factory"}
{"level":20,"time":1770900687673,"env":"development","version":"2.6.5","pid":37156,"requestId":"factory","timestamp":"1770900687673","type":"cli","msg":"Using cached git provider"}
{"level":20,"time":1770900687673,"env":"development","version":"2.6.5","pid":37156,"signal":{},"_meta":{"progressToken":21,"claudecode/toolUseId":"toolu_01RFfGjGXa3eSFNGSz47PmYc"},"requestId":"DFP6J-6H8B4","timestamp":"2026-02-12T12:51:27.672Z","toolName":"git_push","input":{"path":"D:\\workspace\\AI_Vibe_Coding","branch":"master","force":false,"forceWithLease":false,"setUpstream":false,"tags":false,"dryRun":false,"delete":false},"operation":"HandleToolRequest","workingDir":"D:\\workspace\\AI_Vibe_Coding","msg":"Using provided path as working directory"}
{"level":20,"time":1770900687673,"env":"development","version":"2.6.5","pid":37156,"signal":{},"_meta":{"progressToken":21,"claudecode/toolUseId":"toolu_01RFfGjGXa3eSFNGSz47PmYc"},"requestId":"DFP6J-6H8B4","timestamp":"2026-02-12T12:51:27.672Z","toolName":"git_push","input":{"path":"D:\\workspace\\AI_Vibe_Coding","branch":"master","force":false,"forceWithLease":false,"setUpstream":false,"tags":false,"dryRun":false,"delete":false},"operation":"HandleToolRequest","original":"D:\\workspace\\AI_Vibe_Coding","sanitized":"D:\\workspace\\AI_Vibe_Coding","msg":"Sanitized working directory path"}
{"level":20,"time":1770900687673,"env":"development","version":"2.6.5","pid":37156,"signal":{},"_meta":{"progressToken":21,"claudecode/toolUseId":"toolu_01RFfGjGXa3eSFNGSz47PmYc"},"requestId":"DFP6J-6H8B4","timestamp":"2026-02-12T12:51:27.672Z","toolName":"git_push","input":{"path":"D:\\workspace\\AI_Vibe_Coding","branch":"master","force":false,"forceWithLease":false,"setUpstream":false,"tags":false,"dryRun":false,"delete":false},"operation":"HandleToolRequest","inputPath":"D:\\workspace\\AI_Vibe_Coding","resolvedPath":"D:\\workspace\\AI_Vibe_Coding","msg":"Resolved working directory"}
{"level":20,"time":1770900687673,"env":"development","version":"2.6.5","pid":37156,"signal":{},"_meta":{"progressToken":21,"claudecode/toolUseId":"toolu_01RFfGjGXa3eSFNGSz47PmYc"},"requestId":"DFP6J-6H8B4","timestamp":"2026-02-12T12:51:27.672Z","toolName":"git_push","input":{"path":"D:\\workspace\\AI_Vibe_Coding","branch":"master","force":false,"forceWithLease":false,"setUpstream":false,"tags":false,"dryRun":false,"delete":false},"operation":"HandleToolRequest","provider":"cli","workingDirectory":"D:\\workspace\\AI_Vibe_Coding","tenantId":"default-tenant","options":{"branch":"master","force":false,"forceWithLease":false,"setUpstream":false,"tags":false,"dryRun":false,"delete":false},"msg":"Starting git push"}
{"level":30,"time":1770900689667,"env":"development","version":"2.6.5","pid":37156,"signal":{},"_meta":{"progressToken":21,"claudecode/toolUseId":"toolu_01RFfGjGXa3eSFNGSz47PmYc"},"requestId":"DFP6J-6H8B4","timestamp":"2026-02-12T12:51:27.672Z","toolName":"git_push","input":{"path":"D:\\workspace\\AI_Vibe_Coding","branch":"master","force":false,"forceWithLease":false,"setUpstream":false,"tags":false,"dryRun":false,"delete":false},"operation":"HandleToolRequest","provider":"cli","workingDirectory":"D:\\workspace\\AI_Vibe_Coding","tenantId":"default-tenant","result":{"success":true},"msg":"Git push completed successfully"}
{"level":30,"time":1770900689667,"env":"development","version":"2.6.5","pid":37156,"signal":{},"_meta":{"progressToken":21,"claudecode/toolUseId":"toolu_01RFfGjGXa3eSFNGSz47PmYc"},"requestId":"DFP6J-6H8B4","timestamp":"2026-02-12T12:51:27.672Z","toolName":"git_push","input":{"path":"D:\\workspace\\AI_Vibe_Coding","branch":"master","force":false,"forceWithLease":false,"setUpstream":false,"tags":false,"dryRun":false,"delete":false},"operation":"HandleToolRequest","metrics":{"durationMs":1994.27,"isSuccess":true,"inputBytes":158,"outputBytes":106,"memory":{"rss":{"before":149598208,"after":149721088,"delta":122880},"heapUsed":{"before":46327000,"after":46237064,"delta":-89936}}},"msg":"Tool execution finished."}
{"level":20,"time":1770900716312,"env":"development","version":"2.6.5","pid":37156,"requestId":"6RFQL-4AW3L","timestamp":"2026-02-12T12:51:56.312Z","requiredScopes":["tool:git:write"],"operation":"withRequiredScopesCheck","msg":"No authentication context found. Defaulting to allowed for demonstration purposes."}
{"level":20,"time":1770900716312,"env":"development","version":"2.6.5","pid":37156,"signal":{},"_meta":{"progressToken":22,"claudecode/toolUseId":"toolu_0187rr67iSGqMCz9writ4CTD"},"requestId":"4RNM7-DKIWA","timestamp":"2026-02-12T12:51:56.312Z","toolName":"git_commit","input":{"path":"D:\\workspace\\AI_Vibe_Coding","message":"GitHub Pages 배포 워크플로우 추가","amend":false,"allowEmpty":false,"noVerify":false,"filesToStage":[".github/workflows/deploy.yml"],"forceUnsignedOnFailure":false},"operation":"HandleToolRequest","toolInput":{"path":"D:\\workspace\\AI_Vibe_Coding","message":"GitHub Pages 배포 워크플로우 추가","amend":false,"allowEmpty":false,"noVerify":false,"filesToStage":[".github/workflows/deploy.yml"],"forceUnsignedOnFailure":false},"msg":"Executing tool with handler factory"}
{"level":20,"time":1770900716312,"env":"development","version":"2.6.5","pid":37156,"requestId":"factory","timestamp":"1770900716312","type":"cli","msg":"Using cached git provider"}
{"level":20,"time":1770900716312,"env":"development","version":"2.6.5","pid":37156,"signal":{},"_meta":{"progressToken":22,"claudecode/toolUseId":"toolu_0187rr67iSGqMCz9writ4CTD"},"requestId":"4RNM7-DKIWA","timestamp":"2026-02-12T12:51:56.312Z","toolName":"git_commit","input":{"path":"D:\\workspace\\AI_Vibe_Coding","message":"GitHub Pages 배포 워크플로우 추가","amend":false,"allowEmpty":false,"noVerify":false,"filesToStage":[".github/workflows/deploy.yml"],"forceUnsignedOnFailure":false},"operation":"HandleToolRequest","workingDir":"D:\\workspace\\AI_Vibe_Coding","msg":"Using provided path as working directory"}
{"level":20,"time":1770900716312,"env":"development","version":"2.6.5","pid":37156,"signal":{},"_meta":{"progressToken":22,"claudecode/toolUseId":"toolu_0187rr67iSGqMCz9writ4CTD"},"requestId":"4RNM7-DKIWA","timestamp":"2026-02-12T12:51:56.312Z","toolName":"git_commit","input":{"path":"D:\\workspace\\AI_Vibe_Coding","message":"GitHub Pages 배포 워크플로우 추가","amend":false,"allowEmpty":false,"noVerify":false,"filesToStage":[".github/workflows/deploy.yml"],"forceUnsignedOnFailure":false},"operation":"HandleToolRequest","original":"D:\\workspace\\AI_Vibe_Coding","sanitized":"D:\\workspace\\AI_Vibe_Coding","msg":"Sanitized working directory path"}
{"level":20,"time":1770900716312,"env":"development","version":"2.6.5","pid":37156,"signal":{},"_meta":{"progressToken":22,"claudecode/toolUseId":"toolu_0187rr67iSGqMCz9writ4CTD"},"requestId":"4RNM7-DKIWA","timestamp":"2026-02-12T12:51:56.312Z","toolName":"git_commit","input":{"path":"D:\\workspace\\AI_Vibe_Coding","message":"GitHub Pages 배포 워크플로우 추가","amend":false,"allowEmpty":false,"noVerify":false,"filesToStage":[".github/workflows/deploy.yml"],"forceUnsignedOnFailure":false},"operation":"HandleToolRequest","inputPath":"D:\\workspace\\AI_Vibe_Coding","resolvedPath":"D:\\workspace\\AI_Vibe_Coding","msg":"Resolved working directory"}
{"level":20,"time":1770900716312,"env":"development","version":"2.6.5","pid":37156,"signal":{},"_meta":{"progressToken":22,"claudecode/toolUseId":"toolu_0187rr67iSGqMCz9writ4CTD"},"requestId":"4RNM7-DKIWA","timestamp":"2026-02-12T12:51:56.312Z","toolName":"git_commit","input":{"path":"D:\\workspace\\AI_Vibe_Coding","message":"GitHub Pages 배포 워크플로우 추가","amend":false,"allowEmpty":false,"noVerify":false,"filesToStage":[".github/workflows/deploy.yml"],"forceUnsignedOnFailure":false},"operation":"HandleToolRequest","provider":"cli","workingDirectory":"D:\\workspace\\AI_Vibe_Coding","tenantId":"default-tenant","options":{"paths":[".github/workflows/deploy.yml"]},"msg":"Starting git add"}
{"level":30,"time":1770900716408,"env":"development","version":"2.6.5","pid":37156,"signal":{},"_meta":{"progressToken":22,"claudecode/toolUseId":"toolu_0187rr67iSGqMCz9writ4CTD"},"requestId":"4RNM7-DKIWA","timestamp":"2026-02-12T12:51:56.312Z","toolName":"git_commit","input":{"path":"D:\\workspace\\AI_Vibe_Coding","message":"GitHub Pages 배포 워크플로우 추가","amend":false,"allowEmpty":false,"noVerify":false,"filesToStage":[".github/workflows/deploy.yml"],"forceUnsignedOnFailure":false},"operation":"HandleToolRequest","provider":"cli","workingDirectory":"D:\\workspace\\AI_Vibe_Coding","tenantId":"default-tenant","result":{"filesStaged":1},"msg":"Git add completed successfully"}
{"level":20,"time":1770900716408,"env":"development","version":"2.6.5","pid":37156,"signal":{},"_meta":{"progressToken":22,"claudecode/toolUseId":"toolu_0187rr67iSGqMCz9writ4CTD"},"requestId":"4RNM7-DKIWA","timestamp":"2026-02-12T12:51:56.312Z","toolName":"git_commit","input":{"path":"D:\\workspace\\AI_Vibe_Coding","message":"GitHub Pages 배포 워크플로우 추가","amend":false,"allowEmpty":false,"noVerify":false,"filesToStage":[".github/workflows/deploy.yml"],"forceUnsignedOnFailure":false},"operation":"HandleToolRequest","provider":"cli","workingDirectory":"D:\\workspace\\AI_Vibe_Coding","tenantId":"default-tenant","options":{"message":"GitHub Pages 배포 워크플로우 추가"},"msg":"Starting git commit"}
{"level":30,"time":1770900716739,"env":"development","version":"2.6.5","pid":37156,"signal":{},"_meta":{"progressToken":22,"claudecode/toolUseId":"toolu_0187rr67iSGqMCz9writ4CTD"},"requestId":"4RNM7-DKIWA","timestamp":"2026-02-12T12:51:56.312Z","toolName":"git_commit","input":{"path":"D:\\workspace\\AI_Vibe_Coding","message":"GitHub Pages 배포 워크플로우 추가","amend":false,"allowEmpty":false,"noVerify":false,"filesToStage":[".github/workflows/deploy.yml"],"forceUnsignedOnFailure":false},"operation":"HandleToolRequest","provider":"cli","workingDirectory":"D:\\workspace\\AI_Vibe_Coding","tenantId":"default-tenant","result":{"hash":"01f8e7fea97bd01a450118a078bc92b5fd42b75d"},"msg":"Git commit completed successfully"}
{"level":20,"time":1770900716739,"env":"development","version":"2.6.5","pid":37156,"signal":{},"_meta":{"progressToken":22,"claudecode/toolUseId":"toolu_0187rr67iSGqMCz9writ4CTD"},"requestId":"4RNM7-DKIWA","timestamp":"2026-02-12T12:51:56.312Z","toolName":"git_commit","input":{"path":"D:\\workspace\\AI_Vibe_Coding","message":"GitHub Pages 배포 워크플로우 추가","amend":false,"allowEmpty":false,"noVerify":false,"filesToStage":[".github/workflows/deploy.yml"],"forceUnsignedOnFailure":false},"operation":"HandleToolRequest","provider":"cli","workingDirectory":"D:\\workspace\\AI_Vibe_Coding","tenantId":"default-tenant","options":{"includeUntracked":true},"msg":"Starting git status"}
{"level":30,"time":1770900716832,"env":"development","version":"2.6.5","pid":37156,"signal":{},"_meta":{"progressToken":22,"claudecode/toolUseId":"toolu_0187rr67iSGqMCz9writ4CTD"},"requestId":"4RNM7-DKIWA","timestamp":"2026-02-12T12:51:56.312Z","toolName":"git_commit","input":{"path":"D:\\workspace\\AI_Vibe_Coding","message":"GitHub Pages 배포 워크플로우 추가","amend":false,"allowEmpty":false,"noVerify":false,"filesToStage":[".github/workflows/deploy.yml"],"forceUnsignedOnFailure":false},"operation":"HandleToolRequest","provider":"cli","workingDirectory":"D:\\workspace\\AI_Vibe_Coding","tenantId":"default-tenant","result":{"isClean":false},"msg":"Git status completed successfully"}
{"level":30,"time":1770900716832,"env":"development","version":"2.6.5","pid":37156,"signal":{},"_meta":{"progressToken":22,"claudecode/toolUseId":"toolu_0187rr67iSGqMCz9writ4CTD"},"requestId":"4RNM7-DKIWA","timestamp":"2026-02-12T12:51:56.312Z","toolName":"git_commit","input":{"path":"D:\\workspace\\AI_Vibe_Coding","message":"GitHub Pages 배포 워크플로우 추가","amend":false,"allowEmpty":false,"noVerify":false,"filesToStage":[".github/workflows/deploy.yml"],"forceUnsignedOnFailure":false},"operation":"HandleToolRequest","metrics":{"durationMs":519.59,"isSuccess":true,"inputBytes":224,"outputBytes":654,"memory":{"rss":{"before":149680128,"after":149901312,"delta":221184},"heapUsed":{"before":46108784,"after":46394464,"delta":285680}}},"msg":"Tool execution finished."}
{"level":20,"time":1770900725449,"env":"development","version":"2.6.5","pid":37156,"requestId":"U73GF-N7N1E","timestamp":"2026-02-12T12:52:05.448Z","requiredScopes":["tool:git:write"],"operation":"withRequiredScopesCheck","msg":"No authentication context found. Defaulting to allowed for demonstration purposes."}
{"level":20,"time":1770900725449,"env":"development","version":"2.6.5","pid":37156,"signal":{},"_meta":{"progressToken":23,"claudecode/toolUseId":"toolu_01Cc5ijRtKtXw1DaEnabJ4sw"},"requestId":"S11T2-PNPLS","timestamp":"2026-02-12T12:52:05.448Z","toolName":"git_push","input":{"path":"D:\\workspace\\AI_Vibe_Coding","branch":"master","force":false,"forceWithLease":false,"setUpstream":false,"tags":false,"dryRun":false,"delete":false},"operation":"HandleToolRequest","toolInput":{"path":"D:\\workspace\\AI_Vibe_Coding","branch":"master","force":false,"forceWithLease":false,"setUpstream":false,"tags":false,"dryRun":false,"delete":false},"msg":"Executing tool with handler factory"}
{"level":20,"time":1770900725449,"env":"development","version":"2.6.5","pid":37156,"requestId":"factory","timestamp":"1770900725449","type":"cli","msg":"Using cached git provider"}
{"level":20,"time":1770900725449,"env":"development","version":"2.6.5","pid":37156,"signal":{},"_meta":{"progressToken":23,"claudecode/toolUseId":"toolu_01Cc5ijRtKtXw1DaEnabJ4sw"},"requestId":"S11T2-PNPLS","timestamp":"2026-02-12T12:52:05.448Z","toolName":"git_push","input":{"path":"D:\\workspace\\AI_Vibe_Coding","branch":"master","force":false,"forceWithLease":false,"setUpstream":false,"tags":false,"dryRun":false,"delete":false},"operation":"HandleToolRequest","workingDir":"D:\\workspace\\AI_Vibe_Coding","msg":"Using provided path as working directory"}
{"level":20,"time":1770900725449,"env":"development","version":"2.6.5","pid":37156,"signal":{},"_meta":{"progressToken":23,"claudecode/toolUseId":"toolu_01Cc5ijRtKtXw1DaEnabJ4sw"},"requestId":"S11T2-PNPLS","timestamp":"2026-02-12T12:52:05.448Z","toolName":"git_push","input":{"path":"D:\\workspace\\AI_Vibe_Coding","branch":"master","force":false,"forceWithLease":false,"setUpstream":false,"tags":false,"dryRun":false,"delete":false},"operation":"HandleToolRequest","original":"D:\\workspace\\AI_Vibe_Coding","sanitized":"D:\\workspace\\AI_Vibe_Coding","msg":"Sanitized working directory path"}
{"level":20,"time":1770900725449,"env":"development","version":"2.6.5","pid":37156,"signal":{},"_meta":{"progressToken":23,"claudecode/toolUseId":"toolu_01Cc5ijRtKtXw1DaEnabJ4sw"},"requestId":"S11T2-PNPLS","timestamp":"2026-02-12T12:52:05.448Z","toolName":"git_push","input":{"path":"D:\\workspace\\AI_Vibe_Coding","branch":"master","force":false,"forceWithLease":false,"setUpstream":false,"tags":false,"dryRun":false,"delete":false},"operation":"HandleToolRequest","inputPath":"D:\\workspace\\AI_Vibe_Coding","resolvedPath":"D:\\workspace\\AI_Vibe_Coding","msg":"Resolved working directory"}
{"level":20,"time":1770900725449,"env":"development","version":"2.6.5","pid":37156,"signal":{},"_meta":{"progressToken":23,"claudecode/toolUseId":"toolu_01Cc5ijRtKtXw1DaEnabJ4sw"},"requestId":"S11T2-PNPLS","timestamp":"2026-02-12T12:52:05.448Z","toolName":"git_push","input":{"path":"D:\\workspace\\AI_Vibe_Coding","branch":"master","force":false,"forceWithLease":false,"setUpstream":false,"tags":false,"dryRun":false,"delete":false},"operation":"HandleToolRequest","provider":"cli","workingDirectory":"D:\\workspace\\AI_Vibe_Coding","tenantId":"default-tenant","options":{"branch":"master","force":false,"forceWithLease":false,"setUpstream":false,"tags":false,"dryRun":false,"delete":false},"msg":"Starting git push"}
{"level":30,"time":1770900727562,"env":"development","version":"2.6.5","pid":37156,"signal":{},"_meta":{"progressToken":23,"claudecode/toolUseId":"toolu_01Cc5ijRtKtXw1DaEnabJ4sw"},"requestId":"S11T2-PNPLS","timestamp":"2026-02-12T12:52:05.448Z","toolName":"git_push","input":{"path":"D:\\workspace\\AI_Vibe_Coding","branch":"master","force":false,"forceWithLease":false,"setUpstream":false,"tags":false,"dryRun":false,"delete":false},"operation":"HandleToolRequest","provider":"cli","workingDirectory":"D:\\workspace\\AI_Vibe_Coding","tenantId":"default-tenant","result":{"success":true},"msg":"Git push completed successfully"}
{"level":30,"time":1770900727562,"env":"development","version":"2.6.5","pid":37156,"signal":{},"_meta":{"progressToken":23,"claudecode/toolUseId":"toolu_01Cc5ijRtKtXw1DaEnabJ4sw"},"requestId":"S11T2-PNPLS","timestamp":"2026-02-12T12:52:05.448Z","toolName":"git_push","input":{"path":"D:\\workspace\\AI_Vibe_Coding","branch":"master","force":false,"forceWithLease":false,"setUpstream":false,"tags":false,"dryRun":false,"delete":false},"operation":"HandleToolRequest","metrics":{"durationMs":2113.71,"isSuccess":true,"inputBytes":158,"outputBytes":106,"memory":{"rss":{"before":149983232,"after":150171648,"delta":188416},"heapUsed":{"before":46490656,"after":46187104,"delta":-303552}}},"msg":"Tool execution finished."}
{"level":30,"time":1770901775742,"env":"development","version":"2.6.5","pid":42096,"requestId":"7UNZX-OS5FT","timestamp":"2026-02-12T13:09:35.740Z","operation":"loggerInit","msg":"Logger initialized. MCP level: debug."}
{"level":30,"time":1770901775742,"env":"development","version":"2.6.5","pid":42096,"requestId":"MTECR-PTPBU","timestamp":"2026-02-12T13:09:35.742Z","operation":"LoggerInit","msg":"Logger initialized. Effective MCP logging level: debug."}
{"level":30,"time":1770901775742,"env":"development","version":"2.6.5","pid":42096,"runtime":"node","runtimeVersion":"Node.js 25.6.1","requestId":"Z60G6-M9WUK","timestamp":"2026-02-12T13:09:35.742Z","operation":"RuntimeDetection","msg":"Runtime detected: Node.js 25.6.1"}
{"level":30,"time":1770901775742,"env":"development","version":"2.6.5","pid":42096,"requestId":"BBEEF-BCFX0","timestamp":"2026-02-12T13:09:35.742Z","operation":"StorageInit","msg":"Storage service initialized with provider: in-memory"}
{"level":30,"time":1770901775742,"env":"development","version":"2.6.5","pid":42096,"applicationName":"@cyanheads/git-mcp-server","applicationVersion":"2.6.5","nodeEnvironment":"development","requestId":"W1HSK-O9MEI","timestamp":"2026-02-12T13:09:35.742Z","operation":"ServerStartup","msg":"Starting @cyanheads/git-mcp-server (v2.6.5)..."}
{"level":30,"time":1770901775742,"env":"development","version":"2.6.5","pid":42096,"transport":"stdio","requestId":"O0HDY-80F2B","timestamp":"2026-02-12T13:09:35.742Z","operation":"TransportManager.start","msg":"Starting transport: stdio"}
{"level":30,"time":1770901775743,"env":"development","version":"2.6.5","pid":42096,"requestId":"AZIN5-737FR","timestamp":"2026-02-12T13:09:35.743Z","operation":"createMcpServerInstance","msg":"Initializing MCP server instance"}
{"level":20,"time":1770901775743,"env":"development","version":"2.6.5","pid":42096,"requestId":"NPIRU-12D4C","timestamp":"2026-02-12T13:09:35.743Z","newConfigState":{"appName":"@cyanheads/git-mcp-server","appVersion":"2.6.5","environment":"development"},"operation":"RequestContextService.configure","msg":"RequestContextService configuration updated"}
{"level":20,"time":1770901775746,"env":"development","version":"2.6.5","pid":42096,"requestId":"AZIN5-737FR","timestamp":"2026-02-12T13:09:35.743Z","operation":"createMcpServerInstance","msg":"Registering all MCP capabilities via registries..."}
{"level":30,"time":1770901775746,"env":"development","version":"2.6.5","pid":42096,"requestId":"9CNJD-ST39X","timestamp":"2026-02-12T13:09:35.746Z","operation":"ToolRegistry.registerAll","msg":"Registering 27 tool(s)..."}
{"level":20,"time":1770901775746,"env":"development","version":"2.6.5","pid":42096,"toolName":"git_add","requestId":"N05DS-AHR33","timestamp":"2026-02-12T13:09:35.746Z","operation":"ToolRegistry.registerTool","msg":"Registering tool: 'git_add'"}
{"level":30,"time":1770901775747,"env":"development","version":"2.6.5","pid":42096,"toolName":"git_add","requestId":"N05DS-AHR33","timestamp":"2026-02-12T13:09:35.746Z","operation":"ToolRegistry.registerTool","msg":"Tool 'git_add' registered successfully."}
{"level":20,"time":1770901775747,"env":"development","version":"2.6.5","pid":42096,"toolName":"git_blame","requestId":"4JDWD-UYA36","timestamp":"2026-02-12T13:09:35.747Z","operation":"ToolRegistry.registerTool","msg":"Registering tool: 'git_blame'"}
{"level":30,"time":1770901775747,"env":"development","version":"2.6.5","pid":42096,"toolName":"git_blame","requestId":"4JDWD-UYA36","timestamp":"2026-02-12T13:09:35.747Z","operation":"ToolRegistry.registerTool","msg":"Tool 'git_blame' registered successfully."}
{"level":20,"time":1770901775747,"env":"development","version":"2.6.5","pid":42096,"toolName":"git_branch","requestId":"RLHTY-N0UBM","timestamp":"2026-02-12T13:09:35.747Z","operation":"ToolRegistry.registerTool","msg":"Registering tool: 'git_branch'"}
{"level":30,"time":1770901775747,"env":"development","version":"2.6.5","pid":42096,"toolName":"git_branch","requestId":"RLHTY-N0UBM","timestamp":"2026-02-12T13:09:35.747Z","operation":"ToolRegistry.registerTool","msg":"Tool 'git_branch' registered successfully."}
{"level":20,"time":1770901775747,"env":"development","version":"2.6.5","pid":42096,"toolName":"git_checkout","requestId":"162R5-D4X9V","timestamp":"2026-02-12T13:09:35.747Z","operation":"ToolRegistry.registerTool","msg":"Registering tool: 'git_checkout'"}
{"level":30,"time":1770901775747,"env":"development","version":"2.6.5","pid":42096,"toolName":"git_checkout","requestId":"162R5-D4X9V","timestamp":"2026-02-12T13:09:35.747Z","operation":"ToolRegistry.registerTool","msg":"Tool 'git_checkout' registered successfully."}
{"level":20,"time":1770901775747,"env":"development","version":"2.6.5","pid":42096,"toolName":"git_cherry_pick","requestId":"WGC6Y-5RZOF","timestamp":"2026-02-12T13:09:35.747Z","operation":"ToolRegistry.registerTool","msg":"Registering tool: 'git_cherry_pick'"}
{"level":30,"time":1770901775747,"env":"development","version":"2.6.5","pid":42096,"toolName":"git_cherry_pick","requestId":"WGC6Y-5RZOF","timestamp":"2026-02-12T13:09:35.747Z","operation":"ToolRegistry.registerTool","msg":"Tool 'git_cherry_pick' registered successfully."}
{"level":20,"time":1770901775747,"env":"development","version":"2.6.5","pid":42096,"toolName":"git_clean","requestId":"XD1WN-VH2BN","timestamp":"2026-02-12T13:09:35.747Z","operation":"ToolRegistry.registerTool","msg":"Registering tool: 'git_clean'"}
{"level":30,"time":1770901775747,"env":"development","version":"2.6.5","pid":42096,"toolName":"git_clean","requestId":"XD1WN-VH2BN","timestamp":"2026-02-12T13:09:35.747Z","operation":"ToolRegistry.registerTool","msg":"Tool 'git_clean' registered successfully."}
{"level":20,"time":1770901775747,"env":"development","version":"2.6.5","pid":42096,"toolName":"git_clear_working_dir","requestId":"14D9D-7FNGF","timestamp":"2026-02-12T13:09:35.747Z","operation":"ToolRegistry.registerTool","msg":"Registering tool: 'git_clear_working_dir'"}
{"level":30,"time":1770901775747,"env":"development","version":"2.6.5","pid":42096,"toolName":"git_clear_working_dir","requestId":"14D9D-7FNGF","timestamp":"2026-02-12T13:09:35.747Z","operation":"ToolRegistry.registerTool","msg":"Tool 'git_clear_working_dir' registered successfully."}
{"level":20,"time":1770901775747,"env":"development","version":"2.6.5","pid":42096,"toolName":"git_clone","requestId":"L9V2J-TW3NE","timestamp":"2026-02-12T13:09:35.747Z","operation":"ToolRegistry.registerTool","msg":"Registering tool: 'git_clone'"}
{"level":30,"time":1770901775747,"env":"development","version":"2.6.5","pid":42096,"toolName":"git_clone","requestId":"L9V2J-TW3NE","timestamp":"2026-02-12T13:09:35.747Z","operation":"ToolRegistry.registerTool","msg":"Tool 'git_clone' registered successfully."}
{"level":20,"time":1770901775747,"env":"development","version":"2.6.5","pid":42096,"toolName":"git_commit","requestId":"S07BZ-H27Q0","timestamp":"2026-02-12T13:09:35.747Z","operation":"ToolRegistry.registerTool","msg":"Registering tool: 'git_commit'"}
{"level":30,"time":1770901775747,"env":"development","version":"2.6.5","pid":42096,"toolName":"git_commit","requestId":"S07BZ-H27Q0","timestamp":"2026-02-12T13:09:35.747Z","operation":"ToolRegistry.registerTool","msg":"Tool 'git_commit' registered successfully."}
{"level":20,"time":1770901775747,"env":"development","version":"2.6.5","pid":42096,"toolName":"git_diff","requestId":"3UXPZ-8K24K","timestamp":"2026-02-12T13:09:35.747Z","operation":"ToolRegistry.registerTool","msg":"Registering tool: 'git_diff'"}
{"level":30,"time":1770901775747,"env":"development","version":"2.6.5","pid":42096,"toolName":"git_diff","requestId":"3UXPZ-8K24K","timestamp":"2026-02-12T13:09:35.747Z","operation":"ToolRegistry.registerTool","msg":"Tool 'git_diff' registered successfully."}
{"level":20,"time":1770901775747,"env":"development","version":"2.6.5","pid":42096,"toolName":"git_fetch","requestId":"MJR0M-LXV9B","timestamp":"2026-02-12T13:09:35.747Z","operation":"ToolRegistry.registerTool","msg":"Registering tool: 'git_fetch'"}
{"level":30,"time":1770901775747,"env":"development","version":"2.6.5","pid":42096,"toolName":"git_fetch","requestId":"MJR0M-LXV9B","timestamp":"2026-02-12T13:09:35.747Z","operation":"ToolRegistry.registerTool","msg":"Tool 'git_fetch' registered successfully."}
{"level":20,"time":1770901775747,"env":"development","version":"2.6.5","pid":42096,"toolName":"git_init","requestId":"8FQGE-O83HO","timestamp":"2026-02-12T13:09:35.747Z","operation":"ToolRegistry.registerTool","msg":"Registering tool: 'git_init'"}
{"level":30,"time":1770901775747,"env":"development","version":"2.6.5","pid":42096,"toolName":"git_init","requestId":"8FQGE-O83HO","timestamp":"2026-02-12T13:09:35.747Z","operation":"ToolRegistry.registerTool","msg":"Tool 'git_init' registered successfully."}
{"level":20,"time":1770901775747,"env":"development","version":"2.6.5","pid":42096,"toolName":"git_log","requestId":"GSADD-BSJLO","timestamp":"2026-02-12T13:09:35.747Z","operation":"ToolRegistry.registerTool","msg":"Registering tool: 'git_log'"}
{"level":30,"time":1770901775747,"env":"development","version":"2.6.5","pid":42096,"toolName":"git_log","requestId":"GSADD-BSJLO","timestamp":"2026-02-12T13:09:35.747Z","operation":"ToolRegistry.registerTool","msg":"Tool 'git_log' registered successfully."}
{"level":20,"time":1770901775748,"env":"development","version":"2.6.5","pid":42096,"toolName":"git_merge","requestId":"U60RJ-AF02B","timestamp":"2026-02-12T13:09:35.747Z","operation":"ToolRegistry.registerTool","msg":"Registering tool: 'git_merge'"}
{"level":30,"time":1770901775748,"env":"development","version":"2.6.5","pid":42096,"toolName":"git_merge","requestId":"U60RJ-AF02B","timestamp":"2026-02-12T13:09:35.747Z","operation":"ToolRegistry.registerTool","msg":"Tool 'git_merge' registered successfully."}
{"level":20,"time":1770901775748,"env":"development","version":"2.6.5","pid":42096,"toolName":"git_pull","requestId":"LKX2V-KGVCP","timestamp":"2026-02-12T13:09:35.748Z","operation":"ToolRegistry.registerTool","msg":"Registering tool: 'git_pull'"}
{"level":30,"time":1770901775748,"env":"development","version":"2.6.5","pid":42096,"toolName":"git_pull","requestId":"LKX2V-KGVCP","timestamp":"2026-02-12T13:09:35.748Z","operation":"ToolRegistry.registerTool","msg":"Tool 'git_pull' registered successfully."}
{"level":20,"time":1770901775748,"env":"development","version":"2.6.5","pid":42096,"toolName":"git_push","requestId":"V3WU2-W899O","timestamp":"2026-02-12T13:09:35.748Z","operation":"ToolRegistry.registerTool","msg":"Registering tool: 'git_push'"}
{"level":30,"time":1770901775748,"env":"development","version":"2.6.5","pid":42096,"toolName":"git_push","requestId":"V3WU2-W899O","timestamp":"2026-02-12T13:09:35.748Z","operation":"ToolRegistry.registerTool","msg":"Tool 'git_push' registered successfully."}
{"level":20,"time":1770901775748,"env":"development","version":"2.6.5","pid":42096,"toolName":"git_rebase","requestId":"2FE0P-NYGCT","timestamp":"2026-02-12T13:09:35.748Z","operation":"ToolRegistry.registerTool","msg":"Registering tool: 'git_rebase'"}
{"level":30,"time":1770901775748,"env":"development","version":"2.6.5","pid":42096,"toolName":"git_rebase","requestId":"2FE0P-NYGCT","timestamp":"2026-02-12T13:09:35.748Z","operation":"ToolRegistry.registerTool","msg":"Tool 'git_rebase' registered successfully."}
{"level":20,"time":1770901775748,"env":"development","version":"2.6.5","pid":42096,"toolName":"git_reflog","requestId":"Y9RLL-Q0IT2","timestamp":"2026-02-12T13:09:35.748Z","operation":"ToolRegistry.registerTool","msg":"Registering tool: 'git_reflog'"}
{"level":30,"time":1770901775748,"env":"development","version":"2.6.5","pid":42096,"toolName":"git_reflog","requestId":"Y9RLL-Q0IT2","timestamp":"2026-02-12T13:09:35.748Z","operation":"ToolRegistry.registerTool","msg":"Tool 'git_reflog' registered successfully."}
{"level":20,"time":1770901775748,"env":"development","version":"2.6.5","pid":42096,"toolName":"git_remote","requestId":"IPZK6-99Q1J","timestamp":"2026-02-12T13:09:35.748Z","operation":"ToolRegistry.registerTool","msg":"Registering tool: 'git_remote'"}
{"level":30,"time":1770901775748,"env":"development","version":"2.6.5","pid":42096,"toolName":"git_remote","requestId":"IPZK6-99Q1J","timestamp":"2026-02-12T13:09:35.748Z","operation":"ToolRegistry.registerTool","msg":"Tool 'git_remote' registered successfully."}
{"level":20,"time":1770901775748,"env":"development","version":"2.6.5","pid":42096,"toolName":"git_reset","requestId":"SM8TL-602NX","timestamp":"2026-02-12T13:09:35.748Z","operation":"ToolRegistry.registerTool","msg":"Registering tool: 'git_reset'"}
{"level":30,"time":1770901775748,"env":"development","version":"2.6.5","pid":42096,"toolName":"git_reset","requestId":"SM8TL-602NX","timestamp":"2026-02-12T13:09:35.748Z","operation":"ToolRegistry.registerTool","msg":"Tool 'git_reset' registered successfully."}
{"level":20,"time":1770901775748,"env":"development","version":"2.6.5","pid":42096,"toolName":"git_set_working_dir","requestId":"E9SH6-WVSWU","timestamp":"2026-02-12T13:09:35.748Z","operation":"ToolRegistry.registerTool","msg":"Registering tool: 'git_set_working_dir'"}
{"level":30,"time":1770901775748,"env":"development","version":"2.6.5","pid":42096,"toolName":"git_set_working_dir","requestId":"E9SH6-WVSWU","timestamp":"2026-02-12T13:09:35.748Z","operation":"ToolRegistry.registerTool","msg":"Tool 'git_set_working_dir' registered successfully."}
{"level":20,"time":1770901775748,"env":"development","version":"2.6.5","pid":42096,"toolName":"git_show","requestId":"G7JRU-ENSHM","timestamp":"2026-02-12T13:09:35.748Z","operation":"ToolRegistry.registerTool","msg":"Registering tool: 'git_show'"}
{"level":30,"time":1770901775748,"env":"development","version":"2.6.5","pid":42096,"toolName":"git_show","requestId":"G7JRU-ENSHM","timestamp":"2026-02-12T13:09:35.748Z","operation":"ToolRegistry.registerTool","msg":"Tool 'git_show' registered successfully."}
{"level":20,"time":1770901775748,"env":"development","version":"2.6.5","pid":42096,"toolName":"git_stash","requestId":"4XWGS-EWT8Q","timestamp":"2026-02-12T13:09:35.748Z","operation":"ToolRegistry.registerTool","msg":"Registering tool: 'git_stash'"}
{"level":30,"time":1770901775748,"env":"development","version":"2.6.5","pid":42096,"toolName":"git_stash","requestId":"4XWGS-EWT8Q","timestamp":"2026-02-12T13:09:35.748Z","operation":"ToolRegistry.registerTool","msg":"Tool 'git_stash' registered successfully."}
{"level":20,"time":1770901775748,"env":"development","version":"2.6.5","pid":42096,"toolName":"git_status","requestId":"HC3ZU-1UJ2C","timestamp":"2026-02-12T13:09:35.748Z","operation":"ToolRegistry.registerTool","msg":"Registering tool: 'git_status'"}
{"level":30,"time":1770901775748,"env":"development","version":"2.6.5","pid":42096,"toolName":"git_status","requestId":"HC3ZU-1UJ2C","timestamp":"2026-02-12T13:09:35.748Z","operation":"ToolRegistry.registerTool","msg":"Tool 'git_status' registered successfully."}
{"level":20,"time":1770901775748,"env":"development","version":"2.6.5","pid":42096,"toolName":"git_tag","requestId":"MXNUV-200LE","timestamp":"2026-02-12T13:09:35.748Z","operation":"ToolRegistry.registerTool","msg":"Registering tool: 'git_tag'"}
{"level":30,"time":1770901775748,"env":"development","version":"2.6.5","pid":42096,"toolName":"git_tag","requestId":"MXNUV-200LE","timestamp":"2026-02-12T13:09:35.748Z","operation":"ToolRegistry.registerTool","msg":"Tool 'git_tag' registered successfully."}
{"level":20,"time":1770901775748,"env":"development","version":"2.6.5","pid":42096,"toolName":"git_worktree","requestId":"3I8ZV-TRX6T","timestamp":"2026-02-12T13:09:35.748Z","operation":"ToolRegistry.registerTool","msg":"Registering tool: 'git_worktree'"}
{"level":30,"time":1770901775748,"env":"development","version":"2.6.5","pid":42096,"toolName":"git_worktree","requestId":"3I8ZV-TRX6T","timestamp":"2026-02-12T13:09:35.748Z","operation":"ToolRegistry.registerTool","msg":"Tool 'git_worktree' registered successfully."}
{"level":20,"time":1770901775748,"env":"development","version":"2.6.5","pid":42096,"toolName":"git_wrapup_instructions","requestId":"86XA3-9DYWR","timestamp":"2026-02-12T13:09:35.748Z","operation":"ToolRegistry.registerTool","msg":"Registering tool: 'git_wrapup_instructions'"}
{"level":30,"time":1770901775748,"env":"development","version":"2.6.5","pid":42096,"toolName":"git_wrapup_instructions","requestId":"86XA3-9DYWR","timestamp":"2026-02-12T13:09:35.748Z","operation":"ToolRegistry.registerTool","msg":"Tool 'git_wrapup_instructions' registered successfully."}
{"level":30,"time":1770901775748,"env":"development","version":"2.6.5","pid":42096,"requestId":"QSO00-CFZ0Q","timestamp":"2026-02-12T13:09:35.748Z","operation":"ResourceRegistry.registerAll","msg":"Registering 1 resource(s)..."}
{"level":30,"time":1770901775748,"env":"development","version":"2.6.5","pid":42096,"requestId":"ZM3CJ-60HPQ","timestamp":"2026-02-12T13:09:35.748Z","resourceName":"git-working-directory","operation":"RegisterResource","msg":"Registering resource: 'git-working-directory'"}
{"level":30,"time":1770901775749,"env":"development","version":"2.6.5","pid":42096,"requestId":"ZM3CJ-60HPQ","timestamp":"2026-02-12T13:09:35.748Z","resourceName":"git-working-directory","operation":"RegisterResource","msg":"Resource 'git-working-directory' registered successfully."}
{"level":20,"time":1770901775749,"env":"development","version":"2.6.5","pid":42096,"requestId":"FZATF-F19XE","timestamp":"2026-02-12T13:09:35.749Z","operation":"PromptRegistry.registerAll","msg":"Registering 1 prompts..."}
{"level":20,"time":1770901775749,"env":"development","version":"2.6.5","pid":42096,"requestId":"FZATF-F19XE","timestamp":"2026-02-12T13:09:35.749Z","operation":"PromptRegistry.registerAll","msg":"Registering prompt: git_wrapup"}
{"level":30,"time":1770901775749,"env":"development","version":"2.6.5","pid":42096,"requestId":"FZATF-F19XE","timestamp":"2026-02-12T13:09:35.749Z","operation":"PromptRegistry.registerAll","msg":"Registered prompt: git_wrapup"}
{"level":30,"time":1770901775749,"env":"development","version":"2.6.5","pid":42096,"requestId":"FZATF-F19XE","timestamp":"2026-02-12T13:09:35.749Z","operation":"PromptRegistry.registerAll","msg":"Successfully registered 1 prompts"}
{"level":20,"time":1770901775749,"env":"development","version":"2.6.5","pid":42096,"requestId":"8BM0S-2C8VU","timestamp":"2026-02-12T13:09:35.749Z","operation":"RootsRegistry.registerAll","msg":"Roots capability enabled (client-provided roots)"}
{"level":30,"time":1770901775749,"env":"development","version":"2.6.5","pid":42096,"requestId":"8BM0S-2C8VU","timestamp":"2026-02-12T13:09:35.749Z","operation":"RootsRegistry.registerAll","msg":"Roots capability registered successfully"}
{"level":30,"time":1770901775749,"env":"development","version":"2.6.5","pid":42096,"requestId":"AZIN5-737FR","timestamp":"2026-02-12T13:09:35.743Z","operation":"createMcpServerInstance","msg":"All MCP capabilities registered successfully"}
{"level":30,"time":1770901775749,"env":"development","version":"2.6.5","pid":42096,"transport":"stdio","requestId":"O0HDY-80F2B","timestamp":"2026-02-12T13:09:35.742Z","operation":"connectStdioTransport","transportType":"Stdio","msg":"Attempting to connect stdio transport..."}
{"level":20,"time":1770901775749,"env":"development","version":"2.6.5","pid":42096,"transport":"stdio","requestId":"O0HDY-80F2B","timestamp":"2026-02-12T13:09:35.742Z","operation":"connectStdioTransport","transportType":"Stdio","msg":"Creating StdioServerTransport instance..."}
{"level":20,"time":1770901775749,"env":"development","version":"2.6.5","pid":42096,"transport":"stdio","requestId":"O0HDY-80F2B","timestamp":"2026-02-12T13:09:35.742Z","operation":"connectStdioTransport","transportType":"Stdio","msg":"Connecting McpServer instance to StdioServerTransport..."}
{"level":30,"time":1770901775750,"env":"development","version":"2.6.5","pid":42096,"transport":"stdio","requestId":"O0HDY-80F2B","timestamp":"2026-02-12T13:09:35.742Z","operation":"connectStdioTransport","transportType":"Stdio","msg":"MCP Server connected and listening via stdio transport."}
{"level":30,"time":1770901775750,"env":"development","version":"2.6.5","pid":42096,"applicationName":"@cyanheads/git-mcp-server","applicationVersion":"2.6.5","nodeEnvironment":"development","requestId":"W1HSK-O9MEI","timestamp":"2026-02-12T13:09:35.742Z","operation":"ServerStartup","msg":"@cyanheads/git-mcp-server is now running and ready."}
{"level":30,"time":1770960823091,"env":"development","version":"2.8.2","pid":35388,"requestId":"KIF53-672ID","timestamp":"2026-02-13T05:33:43.088Z","operation":"loggerInit","msg":"Logger initialized. MCP level: debug."}
{"level":30,"time":1770960823091,"env":"development","version":"2.8.2","pid":35388,"requestId":"1450Q-4LFEN","timestamp":"2026-02-13T05:33:43.091Z","operation":"LoggerInit","msg":"Logger initialized. Effective MCP logging level: debug."}
{"level":30,"time":1770960823091,"env":"development","version":"2.8.2","pid":35388,"runtime":"node","runtimeVersion":"Node.js 25.6.1","requestId":"4V257-WB98Y","timestamp":"2026-02-13T05:33:43.091Z","operation":"RuntimeDetection","msg":"Runtime detected: Node.js 25.6.1"}
{"level":30,"time":1770960823091,"env":"development","version":"2.8.2","pid":35388,"requestId":"3K439-ZC6O2","timestamp":"2026-02-13T05:33:43.091Z","operation":"StorageInit","msg":"Storage service initialized with provider: in-memory"}
{"level":30,"time":1770960823092,"env":"development","version":"2.8.2","pid":35388,"applicationName":"@cyanheads/git-mcp-server","applicationVersion":"2.8.2","nodeEnvironment":"development","requestId":"NZFF0-SBKWE","timestamp":"2026-02-13T05:33:43.092Z","operation":"ServerStartup","msg":"Starting @cyanheads/git-mcp-server (v2.8.2)..."}
{"level":30,"time":1770960823092,"env":"development","version":"2.8.2","pid":35388,"transport":"stdio","requestId":"J7F47-XCHTO","timestamp":"2026-02-13T05:33:43.092Z","operation":"TransportManager.start","msg":"Starting transport: stdio"}
{"level":30,"time":1770960823092,"env":"development","version":"2.8.2","pid":35388,"requestId":"TSDX0-D5O4A","timestamp":"2026-02-13T05:33:43.092Z","operation":"createMcpServerInstance","msg":"Initializing MCP server instance"}
{"level":20,"time":1770960823092,"env":"development","version":"2.8.2","pid":35388,"requestId":"URYS8-8VCNN","timestamp":"2026-02-13T05:33:43.092Z","newConfigState":{"appName":"@cyanheads/git-mcp-server","appVersion":"2.8.2","environment":"development"},"operation":"RequestContextService.configure","msg":"RequestContextService configuration updated"}
{"level":20,"time":1770960823096,"env":"development","version":"2.8.2","pid":35388,"requestId":"TSDX0-D5O4A","timestamp":"2026-02-13T05:33:43.092Z","operation":"createMcpServerInstance","msg":"Registering all MCP capabilities via registries..."}
{"level":30,"time":1770960823097,"env":"development","version":"2.8.2","pid":35388,"requestId":"TB10Z-S0TBW","timestamp":"2026-02-13T05:33:43.097Z","operation":"ToolRegistry.registerAll","msg":"Registering 28 tool(s)..."}
{"level":20,"time":1770960823097,"env":"development","version":"2.8.2","pid":35388,"toolName":"git_add","requestId":"VNAG0-FQAA3","timestamp":"2026-02-13T05:33:43.097Z","operation":"ToolRegistry.registerTool","msg":"Registering tool: 'git_add'"}
{"level":30,"time":1770960823098,"env":"development","version":"2.8.2","pid":35388,"toolName":"git_add","requestId":"VNAG0-FQAA3","timestamp":"2026-02-13T05:33:43.097Z","operation":"ToolRegistry.registerTool","msg":"Tool 'git_add' registered successfully."}
{"level":20,"time":1770960823098,"env":"development","version":"2.8.2","pid":35388,"toolName":"git_blame","requestId":"0U99C-TRGAJ","timestamp":"2026-02-13T05:33:43.098Z","operation":"ToolRegistry.registerTool","msg":"Registering tool: 'git_blame'"}
{"level":30,"time":1770960823098,"env":"development","version":"2.8.2","pid":35388,"toolName":"git_blame","requestId":"0U99C-TRGAJ","timestamp":"2026-02-13T05:33:43.098Z","operation":"ToolRegistry.registerTool","msg":"Tool 'git_blame' registered successfully."}
{"level":20,"time":1770960823098,"env":"development","version":"2.8.2","pid":35388,"toolName":"git_branch","requestId":"CU5R9-TCCX9","timestamp":"2026-02-13T05:33:43.098Z","operation":"ToolRegistry.registerTool","msg":"Registering tool: 'git_branch'"}
{"level":30,"time":1770960823098,"env":"development","version":"2.8.2","pid":35388,"toolName":"git_branch","requestId":"CU5R9-TCCX9","timestamp":"2026-02-13T05:33:43.098Z","operation":"ToolRegistry.registerTool","msg":"Tool 'git_branch' registered successfully."}
{"level":20,"time":1770960823098,"env":"development","version":"2.8.2","pid":35388,"toolName":"git_changelog_analyze","requestId":"AVF6F-4ER7B","timestamp":"2026-02-13T05:33:43.098Z","operation":"ToolRegistry.registerTool","msg":"Registering tool: 'git_changelog_analyze'"}
{"level":30,"time":1770960823098,"env":"development","version":"2.8.2","pid":35388,"toolName":"git_changelog_analyze","requestId":"AVF6F-4ER7B","timestamp":"2026-02-13T05:33:43.098Z","operation":"ToolRegistry.registerTool","msg":"Tool 'git_changelog_analyze' registered successfully."}
{"level":20,"time":1770960823098,"env":"development","version":"2.8.2","pid":35388,"toolName":"git_checkout","requestId":"B8J3U-HVVTN","timestamp":"2026-02-13T05:33:43.098Z","operation":"ToolRegistry.registerTool","msg":"Registering tool: 'git_checkout'"}
{"level":30,"time":1770960823098,"env":"development","version":"2.8.2","pid":35388,"toolName":"git_checkout","requestId":"B8J3U-HVVTN","timestamp":"2026-02-13T05:33:43.098Z","operation":"ToolRegistry.registerTool","msg":"Tool 'git_checkout' registered successfully."}
{"level":20,"time":1770960823098,"env":"development","version":"2.8.2","pid":35388,"toolName":"git_cherry_pick","requestId":"HMMY5-V30XF","timestamp":"2026-02-13T05:33:43.098Z","operation":"ToolRegistry.registerTool","msg":"Registering tool: 'git_cherry_pick'"}
{"level":30,"time":1770960823098,"env":"development","version":"2.8.2","pid":35388,"toolName":"git_cherry_pick","requestId":"HMMY5-V30XF","timestamp":"2026-02-13T05:33:43.098Z","operation":"ToolRegistry.registerTool","msg":"Tool 'git_cherry_pick' registered successfully."}
{"level":20,"time":1770960823098,"env":"development","version":"2.8.2","pid":35388,"toolName":"git_clean","requestId":"FEXP3-TW7M4","timestamp":"2026-02-13T05:33:43.098Z","operation":"ToolRegistry.registerTool","msg":"Registering tool: 'git_clean'"}
{"level":30,"time":1770960823098,"env":"development","version":"2.8.2","pid":35388,"toolName":"git_clean","requestId":"FEXP3-TW7M4","timestamp":"2026-02-13T05:33:43.098Z","operation":"ToolRegistry.registerTool","msg":"Tool 'git_clean' registered successfully."}
{"level":20,"time":1770960823099,"env":"development","version":"2.8.2","pid":35388,"toolName":"git_clear_working_dir","requestId":"G7O73-2IDIX","timestamp":"2026-02-13T05:33:43.098Z","operation":"ToolRegistry.registerTool","msg":"Registering tool: 'git_clear_working_dir'"}
{"level":30,"time":1770960823099,"env":"development","version":"2.8.2","pid":35388,"toolName":"git_clear_working_dir","requestId":"G7O73-2IDIX","timestamp":"2026-02-13T05:33:43.098Z","operation":"ToolRegistry.registerTool","msg":"Tool 'git_clear_working_dir' registered successfully."}
{"level":20,"time":1770960823099,"env":"development","version":"2.8.2","pid":35388,"toolName":"git_clone","requestId":"4PQN5-9R7J5","timestamp":"2026-02-13T05:33:43.099Z","operation":"ToolRegistry.registerTool","msg":"Registering tool: 'git_clone'"}
{"level":30,"time":1770960823099,"env":"development","version":"2.8.2","pid":35388,"toolName":"git_clone","requestId":"4PQN5-9R7J5","timestamp":"2026-02-13T05:33:43.099Z","operation":"ToolRegistry.registerTool","msg":"Tool 'git_clone' registered successfully."}
{"level":20,"time":1770960823099,"env":"development","version":"2.8.2","pid":35388,"toolName":"git_commit","requestId":"5QJAT-TV2OX","timestamp":"2026-02-13T05:33:43.099Z","operation":"ToolRegistry.registerTool","msg":"Registering tool: 'git_commit'"}
{"level":30,"time":1770960823099,"env":"development","version":"2.8.2","pid":35388,"toolName":"git_commit","requestId":"5QJAT-TV2OX","timestamp":"2026-02-13T05:33:43.099Z","operation":"ToolRegistry.registerTool","msg":"Tool 'git_commit' registered successfully."}
{"level":20,"time":1770960823099,"env":"development","version":"2.8.2","pid":35388,"toolName":"git_diff","requestId":"24TDZ-O1N11","timestamp":"2026-02-13T05:33:43.099Z","operation":"ToolRegistry.registerTool","msg":"Registering tool: 'git_diff'"}
{"level":30,"time":1770960823099,"env":"development","version":"2.8.2","pid":35388,"toolName":"git_diff","requestId":"24TDZ-O1N11","timestamp":"2026-02-13T05:33:43.099Z","operation":"ToolRegistry.registerTool","msg":"Tool 'git_diff' registered successfully."}
{"level":20,"time":1770960823099,"env":"development","version":"2.8.2","pid":35388,"toolName":"git_fetch","requestId":"ZJ68P-F6T9A","timestamp":"2026-02-13T05:33:43.099Z","operation":"ToolRegistry.registerTool","msg":"Registering tool: 'git_fetch'"}
{"level":30,"time":1770960823099,"env":"development","version":"2.8.2","pid":35388,"toolName":"git_fetch","requestId":"ZJ68P-F6T9A","timestamp":"2026-02-13T05:33:43.099Z","operation":"ToolRegistry.registerTool","msg":"Tool 'git_fetch' registered successfully."}
{"level":20,"time":1770960823099,"env":"development","version":"2.8.2","pid":35388,"toolName":"git_init","requestId":"E2FJ5-YAZPS","timestamp":"2026-02-13T05:33:43.099Z","operation":"ToolRegistry.registerTool","msg":"Registering tool: 'git_init'"}
{"level":30,"time":1770960823099,"env":"development","version":"2.8.2","pid":35388,"toolName":"git_init","requestId":"E2FJ5-YAZPS","timestamp":"2026-02-13T05:33:43.099Z","operation":"ToolRegistry.registerTool","msg":"Tool 'git_init' registered successfully."}
{"level":20,"time":1770960823099,"env":"development","version":"2.8.2","pid":35388,"toolName":"git_log","requestId":"R0W4F-HFJLG","timestamp":"2026-02-13T05:33:43.099Z","operation":"ToolRegistry.registerTool","msg":"Registering tool: 'git_log'"}
{"level":30,"time":1770960823099,"env":"development","version":"2.8.2","pid":35388,"toolName":"git_log","requestId":"R0W4F-HFJLG","timestamp":"2026-02-13T05:33:43.099Z","operation":"ToolRegistry.registerTool","msg":"Tool 'git_log' registered successfully."}
{"level":20,"time":1770960823099,"env":"development","version":"2.8.2","pid":35388,"toolName":"git_merge","requestId":"RAU5B-NPRN3","timestamp":"2026-02-13T05:33:43.099Z","operation":"ToolRegistry.registerTool","msg":"Registering tool: 'git_merge'"}
{"level":30,"time":1770960823099,"env":"development","version":"2.8.2","pid":35388,"toolName":"git_merge","requestId":"RAU5B-NPRN3","timestamp":"2026-02-13T05:33:43.099Z","operation":"ToolRegistry.registerTool","msg":"Tool 'git_merge' registered successfully."}
{"level":20,"time":1770960823099,"env":"development","version":"2.8.2","pid":35388,"toolName":"git_pull","requestId":"OLD8J-RJ7H3","timestamp":"2026-02-13T05:33:43.099Z","operation":"ToolRegistry.registerTool","msg":"Registering tool: 'git_pull'"}
{"level":30,"time":1770960823099,"env":"development","version":"2.8.2","pid":35388,"toolName":"git_pull","requestId":"OLD8J-RJ7H3","timestamp":"2026-02-13T05:33:43.099Z","operation":"ToolRegistry.registerTool","msg":"Tool 'git_pull' registered successfully."}
{"level":20,"time":1770960823099,"env":"development","version":"2.8.2","pid":35388,"toolName":"git_push","requestId":"XOTJO-XEL8U","timestamp":"2026-02-13T05:33:43.099Z","operation":"ToolRegistry.registerTool","msg":"Registering tool: 'git_push'"}
{"level":30,"time":1770960823099,"env":"development","version":"2.8.2","pid":35388,"toolName":"git_push","requestId":"XOTJO-XEL8U","timestamp":"2026-02-13T05:33:43.099Z","operation":"ToolRegistry.registerTool","msg":"Tool 'git_push' registered successfully."}
{"level":20,"time":1770960823099,"env":"development","version":"2.8.2","pid":35388,"toolName":"git_rebase","requestId":"0Z6RW-FVCLH","timestamp":"2026-02-13T05:33:43.099Z","operation":"ToolRegistry.registerTool","msg":"Registering tool: 'git_rebase'"}
{"level":30,"time":1770960823099,"env":"development","version":"2.8.2","pid":35388,"toolName":"git_rebase","requestId":"0Z6RW-FVCLH","timestamp":"2026-02-13T05:33:43.099Z","operation":"ToolRegistry.registerTool","msg":"Tool 'git_rebase' registered successfully."}
{"level":20,"time":1770960823099,"env":"development","version":"2.8.2","pid":35388,"toolName":"git_reflog","requestId":"BRLWY-TZ4V2","timestamp":"2026-02-13T05:33:43.099Z","operation":"ToolRegistry.registerTool","msg":"Registering tool: 'git_reflog'"}
{"level":30,"time":1770960823099,"env":"development","version":"2.8.2","pid":35388,"toolName":"git_reflog","requestId":"BRLWY-TZ4V2","timestamp":"2026-02-13T05:33:43.099Z","operation":"ToolRegistry.registerTool","msg":"Tool 'git_reflog' registered successfully."}
{"level":20,"time":1770960823099,"env":"development","version":"2.8.2","pid":35388,"toolName":"git_remote","requestId":"6HBRT-BNJNA","timestamp":"2026-02-13T05:33:43.099Z","operation":"ToolRegistry.registerTool","msg":"Registering tool: 'git_remote'"}
{"level":30,"time":1770960823099,"env":"development","version":"2.8.2","pid":35388,"toolName":"git_remote","requestId":"6HBRT-BNJNA","timestamp":"2026-02-13T05:33:43.099Z","operation":"ToolRegistry.registerTool","msg":"Tool 'git_remote' registered successfully."}
{"level":20,"time":1770960823099,"env":"development","version":"2.8.2","pid":35388,"toolName":"git_reset","requestId":"Z59XJ-FNIL5","timestamp":"2026-02-13T05:33:43.099Z","operation":"ToolRegistry.registerTool","msg":"Registering tool: 'git_reset'"}
{"level":30,"time":1770960823099,"env":"development","version":"2.8.2","pid":35388,"toolName":"git_reset","requestId":"Z59XJ-FNIL5","timestamp":"2026-02-13T05:33:43.099Z","operation":"ToolRegistry.registerTool","msg":"Tool 'git_reset' registered successfully."}
{"level":20,"time":1770960823099,"env":"development","version":"2.8.2","pid":35388,"toolName":"git_set_working_dir","requestId":"N3AVL-GGNMS","timestamp":"2026-02-13T05:33:43.099Z","operation":"ToolRegistry.registerTool","msg":"Registering tool: 'git_set_working_dir'"}
{"level":30,"time":1770960823099,"env":"development","version":"2.8.2","pid":35388,"toolName":"git_set_working_dir","requestId":"N3AVL-GGNMS","timestamp":"2026-02-13T05:33:43.099Z","operation":"ToolRegistry.registerTool","msg":"Tool 'git_set_working_dir' registered successfully."}
{"level":20,"time":1770960823099,"env":"development","version":"2.8.2","pid":35388,"toolName":"git_show","requestId":"7XWUL-CWCBS","timestamp":"2026-02-13T05:33:43.099Z","operation":"ToolRegistry.registerTool","msg":"Registering tool: 'git_show'"}
{"level":30,"time":1770960823099,"env":"development","version":"2.8.2","pid":35388,"toolName":"git_show","requestId":"7XWUL-CWCBS","timestamp":"2026-02-13T05:33:43.099Z","operation":"ToolRegistry.registerTool","msg":"Tool 'git_show' registered successfully."}
{"level":20,"time":1770960823099,"env":"development","version":"2.8.2","pid":35388,"toolName":"git_stash","requestId":"O9XFV-M3KOH","timestamp":"2026-02-13T05:33:43.099Z","operation":"ToolRegistry.registerTool","msg":"Registering tool: 'git_stash'"}
{"level":30,"time":1770960823099,"env":"development","version":"2.8.2","pid":35388,"toolName":"git_stash","requestId":"O9XFV-M3KOH","timestamp":"2026-02-13T05:33:43.099Z","operation":"ToolRegistry.registerTool","msg":"Tool 'git_stash' registered successfully."}
{"level":20,"time":1770960823099,"env":"development","version":"2.8.2","pid":35388,"toolName":"git_status","requestId":"95OX1-A24I2","timestamp":"2026-02-13T05:33:43.099Z","operation":"ToolRegistry.registerTool","msg":"Registering tool: 'git_status'"}
{"level":30,"time":1770960823099,"env":"development","version":"2.8.2","pid":35388,"toolName":"git_status","requestId":"95OX1-A24I2","timestamp":"2026-02-13T05:33:43.099Z","operation":"ToolRegistry.registerTool","msg":"Tool 'git_status' registered successfully."}
{"level":20,"time":1770960823100,"env":"development","version":"2.8.2","pid":35388,"toolName":"git_tag","requestId":"UTREE-675VG","timestamp":"2026-02-13T05:33:43.100Z","operation":"ToolRegistry.registerTool","msg":"Registering tool: 'git_tag'"}
{"level":30,"time":1770960823100,"env":"development","version":"2.8.2","pid":35388,"toolName":"git_tag","requestId":"UTREE-675VG","timestamp":"2026-02-13T05:33:43.100Z","operation":"ToolRegistry.registerTool","msg":"Tool 'git_tag' registered successfully."}
{"level":20,"time":1770960823100,"env":"development","version":"2.8.2","pid":35388,"toolName":"git_worktree","requestId":"C3MYT-WHWY6","timestamp":"2026-02-13T05:33:43.100Z","operation":"ToolRegistry.registerTool","msg":"Registering tool: 'git_worktree'"}
{"level":30,"time":1770960823100,"env":"development","version":"2.8.2","pid":35388,"toolName":"git_worktree","requestId":"C3MYT-WHWY6","timestamp":"2026-02-13T05:33:43.100Z","operation":"ToolRegistry.registerTool","msg":"Tool 'git_worktree' registered successfully."}
{"level":20,"time":1770960823100,"env":"development","version":"2.8.2","pid":35388,"toolName":"git_wrapup_instructions","requestId":"LEJSK-TNOX9","timestamp":"2026-02-13T05:33:43.100Z","operation":"ToolRegistry.registerTool","msg":"Registering tool: 'git_wrapup_instructions'"}
{"level":30,"time":1770960823100,"env":"development","version":"2.8.2","pid":35388,"toolName":"git_wrapup_instructions","requestId":"LEJSK-TNOX9","timestamp":"2026-02-13T05:33:43.100Z","operation":"ToolRegistry.registerTool","msg":"Tool 'git_wrapup_instructions' registered successfully."}
{"level":30,"time":1770960823100,"env":"development","version":"2.8.2","pid":35388,"requestId":"W0I8A-OTKAX","timestamp":"2026-02-13T05:33:43.100Z","operation":"ResourceRegistry.registerAll","msg":"Registering 1 resource(s)..."}
{"level":30,"time":1770960823100,"env":"development","version":"2.8.2","pid":35388,"requestId":"W4DCT-3MFQ8","timestamp":"2026-02-13T05:33:43.100Z","resourceName":"git-working-directory","operation":"RegisterResource","msg":"Registering resource: 'git-working-directory'"}
{"level":30,"time":1770960823100,"env":"development","version":"2.8.2","pid":35388,"requestId":"W4DCT-3MFQ8","timestamp":"2026-02-13T05:33:43.100Z","resourceName":"git-working-directory","operation":"RegisterResource","msg":"Resource 'git-working-directory' registered successfully."}
{"level":20,"time":1770960823101,"env":"development","version":"2.8.2","pid":35388,"requestId":"FZM5V-R20T8","timestamp":"2026-02-13T05:33:43.101Z","operation":"PromptRegistry.registerAll","msg":"Registering 1 prompts..."}
{"level":20,"time":1770960823101,"env":"development","version":"2.8.2","pid":35388,"requestId":"FZM5V-R20T8","timestamp":"2026-02-13T05:33:43.101Z","operation":"PromptRegistry.registerAll","msg":"Registering prompt: git_wrapup"}
{"level":30,"time":1770960823101,"env":"development","version":"2.8.2","pid":35388,"requestId":"FZM5V-R20T8","timestamp":"2026-02-13T05:33:43.101Z","operation":"PromptRegistry.registerAll","msg":"Registered prompt: git_wrapup"}
{"level":30,"time":1770960823101,"env":"development","version":"2.8.2","pid":35388,"requestId":"FZM5V-R20T8","timestamp":"2026-02-13T05:33:43.101Z","operation":"PromptRegistry.registerAll","msg":"Successfully registered 1 prompts"}
{"level":30,"time":1770960823101,"env":"development","version":"2.8.2","pid":35388,"requestId":"TSDX0-D5O4A","timestamp":"2026-02-13T05:33:43.092Z","operation":"createMcpServerInstance","msg":"All MCP capabilities registered successfully"}
{"level":30,"time":1770960823101,"env":"development","version":"2.8.2","pid":35388,"transport":"stdio","requestId":"J7F47-XCHTO","timestamp":"2026-02-13T05:33:43.092Z","operation":"connectStdioTransport","transportType":"Stdio","msg":"Attempting to connect stdio transport..."}
{"level":20,"time":1770960823101,"env":"development","version":"2.8.2","pid":35388,"transport":"stdio","requestId":"J7F47-XCHTO","timestamp":"2026-02-13T05:33:43.092Z","operation":"connectStdioTransport","transportType":"Stdio","msg":"Creating StdioServerTransport instance..."}
{"level":20,"time":1770960823101,"env":"development","version":"2.8.2","pid":35388,"transport":"stdio","requestId":"J7F47-XCHTO","timestamp":"2026-02-13T05:33:43.092Z","operation":"connectStdioTransport","transportType":"Stdio","msg":"Connecting McpServer instance to StdioServerTransport..."}
{"level":30,"time":1770960823101,"env":"development","version":"2.8.2","pid":35388,"transport":"stdio","requestId":"J7F47-XCHTO","timestamp":"2026-02-13T05:33:43.092Z","operation":"connectStdioTransport","transportType":"Stdio","msg":"MCP Server connected and listening via stdio transport."}
{"level":30,"time":1770960823101,"env":"development","version":"2.8.2","pid":35388,"applicationName":"@cyanheads/git-mcp-server","applicationVersion":"2.8.2","nodeEnvironment":"development","requestId":"NZFF0-SBKWE","timestamp":"2026-02-13T05:33:43.092Z","operation":"ServerStartup","msg":"@cyanheads/git-mcp-server is now running and ready."}
{"level":30,"time":1770967752084,"env":"development","version":"2.8.3","pid":41248,"requestId":"FAEH8-SSYHG","timestamp":"2026-02-13T07:29:12.083Z","operation":"loggerInit","msg":"Logger initialized. MCP level: debug."}
{"level":30,"time":1770967752085,"env":"development","version":"2.8.3","pid":41248,"requestId":"8IXTI-AYI20","timestamp":"2026-02-13T07:29:12.085Z","operation":"LoggerInit","msg":"Logger initialized. Effective MCP logging level: debug."}
{"level":30,"time":1770967752085,"env":"development","version":"2.8.3","pid":41248,"runtime":"node","runtimeVersion":"Node.js 25.6.1","requestId":"MR6IL-KBSYR","timestamp":"2026-02-13T07:29:12.085Z","operation":"RuntimeDetection","msg":"Runtime detected: Node.js 25.6.1"}
{"level":30,"time":1770967752085,"env":"development","version":"2.8.3","pid":41248,"requestId":"6BF17-VDB72","timestamp":"2026-02-13T07:29:12.085Z","operation":"StorageInit","msg":"Storage service initialized with provider: in-memory"}
{"level":30,"time":1770967752085,"env":"development","version":"2.8.3","pid":41248,"applicationName":"@cyanheads/git-mcp-server","applicationVersion":"2.8.3","nodeEnvironment":"development","requestId":"H13XE-ZV42M","timestamp":"2026-02-13T07:29:12.085Z","operation":"ServerStartup","msg":"Starting @cyanheads/git-mcp-server (v2.8.3)..."}
{"level":30,"time":1770967752085,"env":"development","version":"2.8.3","pid":41248,"transport":"stdio","requestId":"YCSRL-D3IN2","timestamp":"2026-02-13T07:29:12.085Z","operation":"TransportManager.start","msg":"Starting transport: stdio"}
{"level":30,"time":1770967752085,"env":"development","version":"2.8.3","pid":41248,"requestId":"OMNH1-FMIH4","timestamp":"2026-02-13T07:29:12.085Z","operation":"createMcpServerInstance","msg":"Initializing MCP server instance"}
{"level":20,"time":1770967752085,"env":"development","version":"2.8.3","pid":41248,"requestId":"XSMZF-JL0KZ","timestamp":"2026-02-13T07:29:12.085Z","newConfigState":{"appName":"@cyanheads/git-mcp-server","appVersion":"2.8.3","environment":"development"},"operation":"RequestContextService.configure","msg":"RequestContextService configuration updated"}
{"level":20,"time":1770967752088,"env":"development","version":"2.8.3","pid":41248,"requestId":"OMNH1-FMIH4","timestamp":"2026-02-13T07:29:12.085Z","operation":"createMcpServerInstance","msg":"Registering all MCP capabilities via registries..."}
{"level":30,"time":1770967752089,"env":"development","version":"2.8.3","pid":41248,"requestId":"RF9WH-V4R71","timestamp":"2026-02-13T07:29:12.089Z","operation":"ToolRegistry.registerAll","msg":"Registering 28 tool(s)..."}
{"level":20,"time":1770967752089,"env":"development","version":"2.8.3","pid":41248,"toolName":"git_add","requestId":"WYX06-RF6GN","timestamp":"2026-02-13T07:29:12.089Z","operation":"ToolRegistry.registerTool","msg":"Registering tool: 'git_add'"}
{"level":30,"time":1770967752089,"env":"development","version":"2.8.3","pid":41248,"toolName":"git_add","requestId":"WYX06-RF6GN","timestamp":"2026-02-13T07:29:12.089Z","operation":"ToolRegistry.registerTool","msg":"Tool 'git_add' registered successfully."}
{"level":20,"time":1770967752089,"env":"development","version":"2.8.3","pid":41248,"toolName":"git_blame","requestId":"3RINP-H1MX5","timestamp":"2026-02-13T07:29:12.089Z","operation":"ToolRegistry.registerTool","msg":"Registering tool: 'git_blame'"}
{"level":30,"time":1770967752089,"env":"development","version":"2.8.3","pid":41248,"toolName":"git_blame","requestId":"3RINP-H1MX5","timestamp":"2026-02-13T07:29:12.089Z","operation":"ToolRegistry.registerTool","msg":"Tool 'git_blame' registered successfully."}
{"level":20,"time":1770967752089,"env":"development","version":"2.8.3","pid":41248,"toolName":"git_branch","requestId":"DCAGR-52Y1E","timestamp":"2026-02-13T07:29:12.089Z","operation":"ToolRegistry.registerTool","msg":"Registering tool: 'git_branch'"}
{"level":30,"time":1770967752089,"env":"development","version":"2.8.3","pid":41248,"toolName":"git_branch","requestId":"DCAGR-52Y1E","timestamp":"2026-02-13T07:29:12.089Z","operation":"ToolRegistry.registerTool","msg":"Tool 'git_branch' registered successfully."}
{"level":20,"time":1770967752090,"env":"development","version":"2.8.3","pid":41248,"toolName":"git_changelog_analyze","requestId":"2IT6S-9K3XF","timestamp":"2026-02-13T07:29:12.090Z","operation":"ToolRegistry.registerTool","msg":"Registering tool: 'git_changelog_analyze'"}
{"level":30,"time":1770967752090,"env":"development","version":"2.8.3","pid":41248,"toolName":"git_changelog_analyze","requestId":"2IT6S-9K3XF","timestamp":"2026-02-13T07:29:12.090Z","operation":"ToolRegistry.registerTool","msg":"Tool 'git_changelog_analyze' registered successfully."}
{"level":20,"time":1770967752090,"env":"development","version":"2.8.3","pid":41248,"toolName":"git_checkout","requestId":"CUZQA-8VEHM","timestamp":"2026-02-13T07:29:12.090Z","operation":"ToolRegistry.registerTool","msg":"Registering tool: 'git_checkout'"}
{"level":30,"time":1770967752090,"env":"development","version":"2.8.3","pid":41248,"toolName":"git_checkout","requestId":"CUZQA-8VEHM","timestamp":"2026-02-13T07:29:12.090Z","operation":"ToolRegistry.registerTool","msg":"Tool 'git_checkout' registered successfully."}
{"level":20,"time":1770967752090,"env":"development","version":"2.8.3","pid":41248,"toolName":"git_cherry_pick","requestId":"93P02-0DC19","timestamp":"2026-02-13T07:29:12.090Z","operation":"ToolRegistry.registerTool","msg":"Registering tool: 'git_cherry_pick'"}
{"level":30,"time":1770967752090,"env":"development","version":"2.8.3","pid":41248,"toolName":"git_cherry_pick","requestId":"93P02-0DC19","timestamp":"2026-02-13T07:29:12.090Z","operation":"ToolRegistry.registerTool","msg":"Tool 'git_cherry_pick' registered successfully."}
{"level":20,"time":1770967752090,"env":"development","version":"2.8.3","pid":41248,"toolName":"git_clean","requestId":"RDY7A-GNLRW","timestamp":"2026-02-13T07:29:12.090Z","operation":"ToolRegistry.registerTool","msg":"Registering tool: 'git_clean'"}
{"level":30,"time":1770967752090,"env":"development","version":"2.8.3","pid":41248,"toolName":"git_clean","requestId":"RDY7A-GNLRW","timestamp":"2026-02-13T07:29:12.090Z","operation":"ToolRegistry.registerTool","msg":"Tool 'git_clean' registered successfully."}
{"level":20,"time":1770967752090,"env":"development","version":"2.8.3","pid":41248,"toolName":"git_clear_working_dir","requestId":"TZ4DC-FIAAO","timestamp":"2026-02-13T07:29:12.090Z","operation":"ToolRegistry.registerTool","msg":"Registering tool: 'git_clear_working_dir'"}
{"level":30,"time":1770967752090,"env":"development","version":"2.8.3","pid":41248,"toolName":"git_clear_working_dir","requestId":"TZ4DC-FIAAO","timestamp":"2026-02-13T07:29:12.090Z","operation":"ToolRegistry.registerTool","msg":"Tool 'git_clear_working_dir' registered successfully."}
{"level":20,"time":1770967752090,"env":"development","version":"2.8.3","pid":41248,"toolName":"git_clone","requestId":"1RHBA-DWG1U","timestamp":"2026-02-13T07:29:12.090Z","operation":"ToolRegistry.registerTool","msg":"Registering tool: 'git_clone'"}
{"level":30,"time":1770967752090,"env":"development","version":"2.8.3","pid":41248,"toolName":"git_clone","requestId":"1RHBA-DWG1U","timestamp":"2026-02-13T07:29:12.090Z","operation":"ToolRegistry.registerTool","msg":"Tool 'git_clone' registered successfully."}
{"level":20,"time":1770967752090,"env":"development","version":"2.8.3","pid":41248,"toolName":"git_commit","requestId":"HFVK8-44DXK","timestamp":"2026-02-13T07:29:12.090Z","operation":"ToolRegistry.registerTool","msg":"Registering tool: 'git_commit'"}
{"level":30,"time":1770967752090,"env":"development","version":"2.8.3","pid":41248,"toolName":"git_commit","requestId":"HFVK8-44DXK","timestamp":"2026-02-13T07:29:12.090Z","operation":"ToolRegistry.registerTool","msg":"Tool 'git_commit' registered successfully."}
{"level":20,"time":1770967752090,"env":"development","version":"2.8.3","pid":41248,"toolName":"git_diff","requestId":"D85GO-7GSH7","timestamp":"2026-02-13T07:29:12.090Z","operation":"ToolRegistry.registerTool","msg":"Registering tool: 'git_diff'"}
{"level":30,"time":1770967752090,"env":"development","version":"2.8.3","pid":41248,"toolName":"git_diff","requestId":"D85GO-7GSH7","timestamp":"2026-02-13T07:29:12.090Z","operation":"ToolRegistry.registerTool","msg":"Tool 'git_diff' registered successfully."}
{"level":20,"time":1770967752090,"env":"development","version":"2.8.3","pid":41248,"toolName":"git_fetch","requestId":"E6ZRB-95B7V","timestamp":"2026-02-13T07:29:12.090Z","operation":"ToolRegistry.registerTool","msg":"Registering tool: 'git_fetch'"}
{"level":30,"time":1770967752090,"env":"development","version":"2.8.3","pid":41248,"toolName":"git_fetch","requestId":"E6ZRB-95B7V","timestamp":"2026-02-13T07:29:12.090Z","operation":"ToolRegistry.registerTool","msg":"Tool 'git_fetch' registered successfully."}
{"level":20,"time":1770967752090,"env":"development","version":"2.8.3","pid":41248,"toolName":"git_init","requestId":"QCFON-T0AUU","timestamp":"2026-02-13T07:29:12.090Z","operation":"ToolRegistry.registerTool","msg":"Registering tool: 'git_init'"}
{"level":30,"time":1770967752090,"env":"development","version":"2.8.3","pid":41248,"toolName":"git_init","requestId":"QCFON-T0AUU","timestamp":"2026-02-13T07:29:12.090Z","operation":"ToolRegistry.registerTool","msg":"Tool 'git_init' registered successfully."}
{"level":20,"time":1770967752090,"env":"development","version":"2.8.3","pid":41248,"toolName":"git_log","requestId":"HFQFO-R4DGP","timestamp":"2026-02-13T07:29:12.090Z","operation":"ToolRegistry.registerTool","msg":"Registering tool: 'git_log'"}
{"level":30,"time":1770967752090,"env":"development","version":"2.8.3","pid":41248,"toolName":"git_log","requestId":"HFQFO-R4DGP","timestamp":"2026-02-13T07:29:12.090Z","operation":"ToolRegistry.registerTool","msg":"Tool 'git_log' registered successfully."}
{"level":20,"time":1770967752090,"env":"development","version":"2.8.3","pid":41248,"toolName":"git_merge","requestId":"FK6GI-8WEOI","timestamp":"2026-02-13T07:29:12.090Z","operation":"ToolRegistry.registerTool","msg":"Registering tool: 'git_merge'"}
{"level":30,"time":1770967752090,"env":"development","version":"2.8.3","pid":41248,"toolName":"git_merge","requestId":"FK6GI-8WEOI","timestamp":"2026-02-13T07:29:12.090Z","operation":"ToolRegistry.registerTool","msg":"Tool 'git_merge' registered successfully."}
{"level":20,"time":1770967752090,"env":"development","version":"2.8.3","pid":41248,"toolName":"git_pull","requestId":"MQYG3-AET3I","timestamp":"2026-02-13T07:29:12.090Z","operation":"ToolRegistry.registerTool","msg":"Registering tool: 'git_pull'"}
{"level":30,"time":1770967752090,"env":"development","version":"2.8.3","pid":41248,"toolName":"git_pull","requestId":"MQYG3-AET3I","timestamp":"2026-02-13T07:29:12.090Z","operation":"ToolRegistry.registerTool","msg":"Tool 'git_pull' registered successfully."}
{"level":20,"time":1770967752090,"env":"development","version":"2.8.3","pid":41248,"toolName":"git_push","requestId":"43G3G-CG9SQ","timestamp":"2026-02-13T07:29:12.090Z","operation":"ToolRegistry.registerTool","msg":"Registering tool: 'git_push'"}
{"level":30,"time":1770967752090,"env":"development","version":"2.8.3","pid":41248,"toolName":"git_push","requestId":"43G3G-CG9SQ","timestamp":"2026-02-13T07:29:12.090Z","operation":"ToolRegistry.registerTool","msg":"Tool 'git_push' registered successfully."}
{"level":20,"time":1770967752090,"env":"development","version":"2.8.3","pid":41248,"toolName":"git_rebase","requestId":"QUWL2-7SVUT","timestamp":"2026-02-13T07:29:12.090Z","operation":"ToolRegistry.registerTool","msg":"Registering tool: 'git_rebase'"}
{"level":30,"time":1770967752090,"env":"development","version":"2.8.3","pid":41248,"toolName":"git_rebase","requestId":"QUWL2-7SVUT","timestamp":"2026-02-13T07:29:12.090Z","operation":"ToolRegistry.registerTool","msg":"Tool 'git_rebase' registered successfully."}
{"level":20,"time":1770967752090,"env":"development","version":"2.8.3","pid":41248,"toolName":"git_reflog","requestId":"7ITUN-CRBD7","timestamp":"2026-02-13T07:29:12.090Z","operation":"ToolRegistry.registerTool","msg":"Registering tool: 'git_reflog'"}
{"level":30,"time":1770967752090,"env":"development","version":"2.8.3","pid":41248,"toolName":"git_reflog","requestId":"7ITUN-CRBD7","timestamp":"2026-02-13T07:29:12.090Z","operation":"ToolRegistry.registerTool","msg":"Tool 'git_reflog' registered successfully."}
{"level":20,"time":1770967752090,"env":"development","version":"2.8.3","pid":41248,"toolName":"git_remote","requestId":"87JBB-ZLSAH","timestamp":"2026-02-13T07:29:12.090Z","operation":"ToolRegistry.registerTool","msg":"Registering tool: 'git_remote'"}
{"level":30,"time":1770967752090,"env":"development","version":"2.8.3","pid":41248,"toolName":"git_remote","requestId":"87JBB-ZLSAH","timestamp":"2026-02-13T07:29:12.090Z","operation":"ToolRegistry.registerTool","msg":"Tool 'git_remote' registered successfully."}
{"level":20,"time":1770967752090,"env":"development","version":"2.8.3","pid":41248,"toolName":"git_reset","requestId":"J1M0A-WQXWN","timestamp":"2026-02-13T07:29:12.090Z","operation":"ToolRegistry.registerTool","msg":"Registering tool: 'git_reset'"}
{"level":30,"time":1770967752090,"env":"development","version":"2.8.3","pid":41248,"toolName":"git_reset","requestId":"J1M0A-WQXWN","timestamp":"2026-02-13T07:29:12.090Z","operation":"ToolRegistry.registerTool","msg":"Tool 'git_reset' registered successfully."}
{"level":20,"time":1770967752090,"env":"development","version":"2.8.3","pid":41248,"toolName":"git_set_working_dir","requestId":"XYMT7-JH86W","timestamp":"2026-02-13T07:29:12.090Z","operation":"ToolRegistry.registerTool","msg":"Registering tool: 'git_set_working_dir'"}
{"level":30,"time":1770967752090,"env":"development","version":"2.8.3","pid":41248,"toolName":"git_set_working_dir","requestId":"XYMT7-JH86W","timestamp":"2026-02-13T07:29:12.090Z","operation":"ToolRegistry.registerTool","msg":"Tool 'git_set_working_dir' registered successfully."}
{"level":20,"time":1770967752091,"env":"development","version":"2.8.3","pid":41248,"toolName":"git_show","requestId":"LAGAI-FLRZL","timestamp":"2026-02-13T07:29:12.091Z","operation":"ToolRegistry.registerTool","msg":"Registering tool: 'git_show'"}
{"level":30,"time":1770967752091,"env":"development","version":"2.8.3","pid":41248,"toolName":"git_show","requestId":"LAGAI-FLRZL","timestamp":"2026-02-13T07:29:12.091Z","operation":"ToolRegistry.registerTool","msg":"Tool 'git_show' registered successfully."}
{"level":20,"time":1770967752091,"env":"development","version":"2.8.3","pid":41248,"toolName":"git_stash","requestId":"7UTQP-TGCIP","timestamp":"2026-02-13T07:29:12.091Z","operation":"ToolRegistry.registerTool","msg":"Registering tool: 'git_stash'"}
{"level":30,"time":1770967752091,"env":"development","version":"2.8.3","pid":41248,"toolName":"git_stash","requestId":"7UTQP-TGCIP","timestamp":"2026-02-13T07:29:12.091Z","operation":"ToolRegistry.registerTool","msg":"Tool 'git_stash' registered successfully."}
{"level":20,"time":1770967752091,"env":"development","version":"2.8.3","pid":41248,"toolName":"git_status","requestId":"E0IMI-7C6XK","timestamp":"2026-02-13T07:29:12.091Z","operation":"ToolRegistry.registerTool","msg":"Registering tool: 'git_status'"}
{"level":30,"time":1770967752091,"env":"development","version":"2.8.3","pid":41248,"toolName":"git_status","requestId":"E0IMI-7C6XK","timestamp":"2026-02-13T07:29:12.091Z","operation":"ToolRegistry.registerTool","msg":"Tool 'git_status' registered successfully."}
{"level":20,"time":1770967752091,"env":"development","version":"2.8.3","pid":41248,"toolName":"git_tag","requestId":"UY23Y-U5R2W","timestamp":"2026-02-13T07:29:12.091Z","operation":"ToolRegistry.registerTool","msg":"Registering tool: 'git_tag'"}
{"level":30,"time":1770967752091,"env":"development","version":"2.8.3","pid":41248,"toolName":"git_tag","requestId":"UY23Y-U5R2W","timestamp":"2026-02-13T07:29:12.091Z","operation":"ToolRegistry.registerTool","msg":"Tool 'git_tag' registered successfully."}
{"level":20,"time":1770967752091,"env":"development","version":"2.8.3","pid":41248,"toolName":"git_worktree","requestId":"ZVIU3-90B9P","timestamp":"2026-02-13T07:29:12.091Z","operation":"ToolRegistry.registerTool","msg":"Registering tool: 'git_worktree'"}
{"level":30,"time":1770967752091,"env":"development","version":"2.8.3","pid":41248,"toolName":"git_worktree","requestId":"ZVIU3-90B9P","timestamp":"2026-02-13T07:29:12.091Z","operation":"ToolRegistry.registerTool","msg":"Tool 'git_worktree' registered successfully."}
{"level":20,"time":1770967752091,"env":"development","version":"2.8.3","pid":41248,"toolName":"git_wrapup_instructions","requestId":"87TBY-B6JEI","timestamp":"2026-02-13T07:29:12.091Z","operation":"ToolRegistry.registerTool","msg":"Registering tool: 'git_wrapup_instructions'"}
{"level":30,"time":1770967752091,"env":"development","version":"2.8.3","pid":41248,"toolName":"git_wrapup_instructions","requestId":"87TBY-B6JEI","timestamp":"2026-02-13T07:29:12.091Z","operation":"ToolRegistry.registerTool","msg":"Tool 'git_wrapup_instructions' registered successfully."}
{"level":30,"time":1770967752091,"env":"development","version":"2.8.3","pid":41248,"requestId":"ZI0ZM-16S2V","timestamp":"2026-02-13T07:29:12.091Z","operation":"ResourceRegistry.registerAll","msg":"Registering 1 resource(s)..."}
{"level":30,"time":1770967752091,"env":"development","version":"2.8.3","pid":41248,"requestId":"L35KF-UV8LQ","timestamp":"2026-02-13T07:29:12.091Z","resourceName":"git-working-directory","operation":"RegisterResource","msg":"Registering resource: 'git-working-directory'"}
{"level":30,"time":1770967752091,"env":"development","version":"2.8.3","pid":41248,"requestId":"L35KF-UV8LQ","timestamp":"2026-02-13T07:29:12.091Z","resourceName":"git-working-directory","operation":"RegisterResource","msg":"Resource 'git-working-directory' registered successfully."}
{"level":20,"time":1770967752092,"env":"development","version":"2.8.3","pid":41248,"requestId":"3WQMG-94O0Z","timestamp":"2026-02-13T07:29:12.092Z","operation":"PromptRegistry.registerAll","msg":"Registering 1 prompts..."}
{"level":20,"time":1770967752092,"env":"development","version":"2.8.3","pid":41248,"requestId":"3WQMG-94O0Z","timestamp":"2026-02-13T07:29:12.092Z","operation":"PromptRegistry.registerAll","msg":"Registering prompt: git_wrapup"}
{"level":30,"time":1770967752092,"env":"development","version":"2.8.3","pid":41248,"requestId":"3WQMG-94O0Z","timestamp":"2026-02-13T07:29:12.092Z","operation":"PromptRegistry.registerAll","msg":"Registered prompt: git_wrapup"}
{"level":30,"time":1770967752092,"env":"development","version":"2.8.3","pid":41248,"requestId":"3WQMG-94O0Z","timestamp":"2026-02-13T07:29:12.092Z","operation":"PromptRegistry.registerAll","msg":"Successfully registered 1 prompts"}
{"level":30,"time":1770967752092,"env":"development","version":"2.8.3","pid":41248,"requestId":"OMNH1-FMIH4","timestamp":"2026-02-13T07:29:12.085Z","operation":"createMcpServerInstance","msg":"All MCP capabilities registered successfully"}
{"level":30,"time":1770967752092,"env":"development","version":"2.8.3","pid":41248,"transport":"stdio","requestId":"YCSRL-D3IN2","timestamp":"2026-02-13T07:29:12.085Z","operation":"connectStdioTransport","transportType":"Stdio","msg":"Attempting to connect stdio transport..."}
{"level":20,"time":1770967752092,"env":"development","version":"2.8.3","pid":41248,"transport":"stdio","requestId":"YCSRL-D3IN2","timestamp":"2026-02-13T07:29:12.085Z","operation":"connectStdioTransport","transportType":"Stdio","msg":"Creating StdioServerTransport instance..."}
{"level":20,"time":1770967752092,"env":"development","version":"2.8.3","pid":41248,"transport":"stdio","requestId":"YCSRL-D3IN2","timestamp":"2026-02-13T07:29:12.085Z","operation":"connectStdioTransport","transportType":"Stdio","msg":"Connecting McpServer instance to StdioServerTransport..."}
{"level":30,"time":1770967752092,"env":"development","version":"2.8.3","pid":41248,"transport":"stdio","requestId":"YCSRL-D3IN2","timestamp":"2026-02-13T07:29:12.085Z","operation":"connectStdioTransport","transportType":"Stdio","msg":"MCP Server connected and listening via stdio transport."}
{"level":30,"time":1770967752092,"env":"development","version":"2.8.3","pid":41248,"applicationName":"@cyanheads/git-mcp-server","applicationVersion":"2.8.3","nodeEnvironment":"development","requestId":"H13XE-ZV42M","timestamp":"2026-02-13T07:29:12.085Z","operation":"ServerStartup","msg":"@cyanheads/git-mcp-server is now running and ready."}
{"level":30,"time":1770968846174,"env":"development","version":"2.8.3","pid":43704,"requestId":"NHQE5-48DKI","timestamp":"2026-02-13T07:47:26.172Z","operation":"loggerInit","msg":"Logger initialized. MCP level: debug."}
{"level":30,"time":1770968846174,"env":"development","version":"2.8.3","pid":43704,"requestId":"RB696-GU257","timestamp":"2026-02-13T07:47:26.174Z","operation":"LoggerInit","msg":"Logger initialized. Effective MCP logging level: debug."}
{"level":30,"time":1770968846174,"env":"development","version":"2.8.3","pid":43704,"runtime":"node","runtimeVersion":"Node.js 25.6.1","requestId":"7ET9C-WXQ8H","timestamp":"2026-02-13T07:47:26.174Z","operation":"RuntimeDetection","msg":"Runtime detected: Node.js 25.6.1"}
{"level":30,"time":1770968846175,"env":"development","version":"2.8.3","pid":43704,"requestId":"RJKMY-PJBG2","timestamp":"2026-02-13T07:47:26.175Z","operation":"StorageInit","msg":"Storage service initialized with provider: in-memory"}
{"level":30,"time":1770968846175,"env":"development","version":"2.8.3","pid":43704,"applicationName":"@cyanheads/git-mcp-server","applicationVersion":"2.8.3","nodeEnvironment":"development","requestId":"180HQ-XD9F6","timestamp":"2026-02-13T07:47:26.175Z","operation":"ServerStartup","msg":"Starting @cyanheads/git-mcp-server (v2.8.3)..."}
{"level":30,"time":1770968846175,"env":"development","version":"2.8.3","pid":43704,"transport":"stdio","requestId":"NNVGC-SSA93","timestamp":"2026-02-13T07:47:26.175Z","operation":"TransportManager.start","msg":"Starting transport: stdio"}
{"level":30,"time":1770968846175,"env":"development","version":"2.8.3","pid":43704,"requestId":"GN4ED-WP47P","timestamp":"2026-02-13T07:47:26.175Z","operation":"createMcpServerInstance","msg":"Initializing MCP server instance"}
{"level":20,"time":1770968846175,"env":"development","version":"2.8.3","pid":43704,"requestId":"616D5-MU7L4","timestamp":"2026-02-13T07:47:26.175Z","newConfigState":{"appName":"@cyanheads/git-mcp-server","appVersion":"2.8.3","environment":"development"},"operation":"RequestContextService.configure","msg":"RequestContextService configuration updated"}
{"level":20,"time":1770968846180,"env":"development","version":"2.8.3","pid":43704,"requestId":"GN4ED-WP47P","timestamp":"2026-02-13T07:47:26.175Z","operation":"createMcpServerInstance","msg":"Registering all MCP capabilities via registries..."}
{"level":30,"time":1770968846181,"env":"development","version":"2.8.3","pid":43704,"requestId":"X45BG-F17YO","timestamp":"2026-02-13T07:47:26.181Z","operation":"ToolRegistry.registerAll","msg":"Registering 28 tool(s)..."}
{"level":20,"time":1770968846181,"env":"development","version":"2.8.3","pid":43704,"toolName":"git_add","requestId":"TO5Y2-DBYXD","timestamp":"2026-02-13T07:47:26.181Z","operation":"ToolRegistry.registerTool","msg":"Registering tool: 'git_add'"}
{"level":30,"time":1770968846182,"env":"development","version":"2.8.3","pid":43704,"toolName":"git_add","requestId":"TO5Y2-DBYXD","timestamp":"2026-02-13T07:47:26.181Z","operation":"ToolRegistry.registerTool","msg":"Tool 'git_add' registered successfully."}
{"level":20,"time":1770968846182,"env":"development","version":"2.8.3","pid":43704,"toolName":"git_blame","requestId":"PHL3Y-WVKV3","timestamp":"2026-02-13T07:47:26.182Z","operation":"ToolRegistry.registerTool","msg":"Registering tool: 'git_blame'"}
{"level":30,"time":1770968846182,"env":"development","version":"2.8.3","pid":43704,"toolName":"git_blame","requestId":"PHL3Y-WVKV3","timestamp":"2026-02-13T07:47:26.182Z","operation":"ToolRegistry.registerTool","msg":"Tool 'git_blame' registered successfully."}
{"level":20,"time":1770968846182,"env":"development","version":"2.8.3","pid":43704,"toolName":"git_branch","requestId":"10GAN-R7B05","timestamp":"2026-02-13T07:47:26.182Z","operation":"ToolRegistry.registerTool","msg":"Registering tool: 'git_branch'"}
{"level":30,"time":1770968846182,"env":"development","version":"2.8.3","pid":43704,"toolName":"git_branch","requestId":"10GAN-R7B05","timestamp":"2026-02-13T07:47:26.182Z","operation":"ToolRegistry.registerTool","msg":"Tool 'git_branch' registered successfully."}
{"level":20,"time":1770968846182,"env":"development","version":"2.8.3","pid":43704,"toolName":"git_changelog_analyze","requestId":"CRYGN-LP0OT","timestamp":"2026-02-13T07:47:26.182Z","operation":"ToolRegistry.registerTool","msg":"Registering tool: 'git_changelog_analyze'"}
{"level":30,"time":1770968846182,"env":"development","version":"2.8.3","pid":43704,"toolName":"git_changelog_analyze","requestId":"CRYGN-LP0OT","timestamp":"2026-02-13T07:47:26.182Z","operation":"ToolRegistry.registerTool","msg":"Tool 'git_changelog_analyze' registered successfully."}
{"level":20,"time":1770968846182,"env":"development","version":"2.8.3","pid":43704,"toolName":"git_checkout","requestId":"V6HLB-CMT9B","timestamp":"2026-02-13T07:47:26.182Z","operation":"ToolRegistry.registerTool","msg":"Registering tool: 'git_checkout'"}
{"level":30,"time":1770968846182,"env":"development","version":"2.8.3","pid":43704,"toolName":"git_checkout","requestId":"V6HLB-CMT9B","timestamp":"2026-02-13T07:47:26.182Z","operation":"ToolRegistry.registerTool","msg":"Tool 'git_checkout' registered successfully."}
{"level":20,"time":1770968846183,"env":"development","version":"2.8.3","pid":43704,"toolName":"git_cherry_pick","requestId":"VGOAP-IHMQM","timestamp":"2026-02-13T07:47:26.183Z","operation":"ToolRegistry.registerTool","msg":"Registering tool: 'git_cherry_pick'"}
{"level":30,"time":1770968846183,"env":"development","version":"2.8.3","pid":43704,"toolName":"git_cherry_pick","requestId":"VGOAP-IHMQM","timestamp":"2026-02-13T07:47:26.183Z","operation":"ToolRegistry.registerTool","msg":"Tool 'git_cherry_pick' registered successfully."}
{"level":20,"time":1770968846183,"env":"development","version":"2.8.3","pid":43704,"toolName":"git_clean","requestId":"4CIIB-UZMMP","timestamp":"2026-02-13T07:47:26.183Z","operation":"ToolRegistry.registerTool","msg":"Registering tool: 'git_clean'"}
{"level":30,"time":1770968846183,"env":"development","version":"2.8.3","pid":43704,"toolName":"git_clean","requestId":"4CIIB-UZMMP","timestamp":"2026-02-13T07:47:26.183Z","operation":"ToolRegistry.registerTool","msg":"Tool 'git_clean' registered successfully."}
{"level":20,"time":1770968846183,"env":"development","version":"2.8.3","pid":43704,"toolName":"git_clear_working_dir","requestId":"JXAGR-METGO","timestamp":"2026-02-13T07:47:26.183Z","operation":"ToolRegistry.registerTool","msg":"Registering tool: 'git_clear_working_dir'"}
{"level":30,"time":1770968846183,"env":"development","version":"2.8.3","pid":43704,"toolName":"git_clear_working_dir","requestId":"JXAGR-METGO","timestamp":"2026-02-13T07:47:26.183Z","operation":"ToolRegistry.registerTool","msg":"Tool 'git_clear_working_dir' registered successfully."}
{"level":20,"time":1770968846183,"env":"development","version":"2.8.3","pid":43704,"toolName":"git_clone","requestId":"H1PVT-M9L3R","timestamp":"2026-02-13T07:47:26.183Z","operation":"ToolRegistry.registerTool","msg":"Registering tool: 'git_clone'"}
{"level":30,"time":1770968846183,"env":"development","version":"2.8.3","pid":43704,"toolName":"git_clone","requestId":"H1PVT-M9L3R","timestamp":"2026-02-13T07:47:26.183Z","operation":"ToolRegistry.registerTool","msg":"Tool 'git_clone' registered successfully."}
{"level":20,"time":1770968846183,"env":"development","version":"2.8.3","pid":43704,"toolName":"git_commit","requestId":"05WLC-VZAMT","timestamp":"2026-02-13T07:47:26.183Z","operation":"ToolRegistry.registerTool","msg":"Registering tool: 'git_commit'"}
{"level":30,"time":1770968846183,"env":"development","version":"2.8.3","pid":43704,"toolName":"git_commit","requestId":"05WLC-VZAMT","timestamp":"2026-02-13T07:47:26.183Z","operation":"ToolRegistry.registerTool","msg":"Tool 'git_commit' registered successfully."}
{"level":20,"time":1770968846183,"env":"development","version":"2.8.3","pid":43704,"toolName":"git_diff","requestId":"20KDJ-F5BIZ","timestamp":"2026-02-13T07:47:26.183Z","operation":"ToolRegistry.registerTool","msg":"Registering tool: 'git_diff'"}
{"level":30,"time":1770968846183,"env":"development","version":"2.8.3","pid":43704,"toolName":"git_diff","requestId":"20KDJ-F5BIZ","timestamp":"2026-02-13T07:47:26.183Z","operation":"ToolRegistry.registerTool","msg":"Tool 'git_diff' registered successfully."}
{"level":20,"time":1770968846183,"env":"development","version":"2.8.3","pid":43704,"toolName":"git_fetch","requestId":"D92NS-LHZYG","timestamp":"2026-02-13T07:47:26.183Z","operation":"ToolRegistry.registerTool","msg":"Registering tool: 'git_fetch'"}
{"level":30,"time":1770968846183,"env":"development","version":"2.8.3","pid":43704,"toolName":"git_fetch","requestId":"D92NS-LHZYG","timestamp":"2026-02-13T07:47:26.183Z","operation":"ToolRegistry.registerTool","msg":"Tool 'git_fetch' registered successfully."}
{"level":20,"time":1770968846183,"env":"development","version":"2.8.3","pid":43704,"toolName":"git_init","requestId":"F1Z4H-7X8PC","timestamp":"2026-02-13T07:47:26.183Z","operation":"ToolRegistry.registerTool","msg":"Registering tool: 'git_init'"}
{"level":30,"time":1770968846183,"env":"development","version":"2.8.3","pid":43704,"toolName":"git_init","requestId":"F1Z4H-7X8PC","timestamp":"2026-02-13T07:47:26.183Z","operation":"ToolRegistry.registerTool","msg":"Tool 'git_init' registered successfully."}
{"level":20,"time":1770968846183,"env":"development","version":"2.8.3","pid":43704,"toolName":"git_log","requestId":"8QK0R-YONJK","timestamp":"2026-02-13T07:47:26.183Z","operation":"ToolRegistry.registerTool","msg":"Registering tool: 'git_log'"}
{"level":30,"time":1770968846183,"env":"development","version":"2.8.3","pid":43704,"toolName":"git_log","requestId":"8QK0R-YONJK","timestamp":"2026-02-13T07:47:26.183Z","operation":"ToolRegistry.registerTool","msg":"Tool 'git_log' registered successfully."}
{"level":20,"time":1770968846183,"env":"development","version":"2.8.3","pid":43704,"toolName":"git_merge","requestId":"R999I-6NT8T","timestamp":"2026-02-13T07:47:26.183Z","operation":"ToolRegistry.registerTool","msg":"Registering tool: 'git_merge'"}
{"level":30,"time":1770968846183,"env":"development","version":"2.8.3","pid":43704,"toolName":"git_merge","requestId":"R999I-6NT8T","timestamp":"2026-02-13T07:47:26.183Z","operation":"ToolRegistry.registerTool","msg":"Tool 'git_merge' registered successfully."}
{"level":20,"time":1770968846184,"env":"development","version":"2.8.3","pid":43704,"toolName":"git_pull","requestId":"PZ1P6-NWE9W","timestamp":"2026-02-13T07:47:26.183Z","operation":"ToolRegistry.registerTool","msg":"Registering tool: 'git_pull'"}
{"level":30,"time":1770968846184,"env":"development","version":"2.8.3","pid":43704,"toolName":"git_pull","requestId":"PZ1P6-NWE9W","timestamp":"2026-02-13T07:47:26.183Z","operation":"ToolRegistry.registerTool","msg":"Tool 'git_pull' registered successfully."}
{"level":20,"time":1770968846184,"env":"development","version":"2.8.3","pid":43704,"toolName":"git_push","requestId":"SDMDW-KRQQ7","timestamp":"2026-02-13T07:47:26.184Z","operation":"ToolRegistry.registerTool","msg":"Registering tool: 'git_push'"}
{"level":30,"time":1770968846184,"env":"development","version":"2.8.3","pid":43704,"toolName":"git_push","requestId":"SDMDW-KRQQ7","timestamp":"2026-02-13T07:47:26.184Z","operation":"ToolRegistry.registerTool","msg":"Tool 'git_push' registered successfully."}
{"level":20,"time":1770968846184,"env":"development","version":"2.8.3","pid":43704,"toolName":"git_rebase","requestId":"ZJ70A-XTEAN","timestamp":"2026-02-13T07:47:26.184Z","operation":"ToolRegistry.registerTool","msg":"Registering tool: 'git_rebase'"}
{"level":30,"time":1770968846184,"env":"development","version":"2.8.3","pid":43704,"toolName":"git_rebase","requestId":"ZJ70A-XTEAN","timestamp":"2026-02-13T07:47:26.184Z","operation":"ToolRegistry.registerTool","msg":"Tool 'git_rebase' registered successfully."}
{"level":20,"time":1770968846184,"env":"development","version":"2.8.3","pid":43704,"toolName":"git_reflog","requestId":"6ZGSF-C5VKO","timestamp":"2026-02-13T07:47:26.184Z","operation":"ToolRegistry.registerTool","msg":"Registering tool: 'git_reflog'"}
{"level":30,"time":1770968846184,"env":"development","version":"2.8.3","pid":43704,"toolName":"git_reflog","requestId":"6ZGSF-C5VKO","timestamp":"2026-02-13T07:47:26.184Z","operation":"ToolRegistry.registerTool","msg":"Tool 'git_reflog' registered successfully."}
{"level":20,"time":1770968846184,"env":"development","version":"2.8.3","pid":43704,"toolName":"git_remote","requestId":"SBSEY-S75TA","timestamp":"2026-02-13T07:47:26.184Z","operation":"ToolRegistry.registerTool","msg":"Registering tool: 'git_remote'"}
{"level":30,"time":1770968846184,"env":"development","version":"2.8.3","pid":43704,"toolName":"git_remote","requestId":"SBSEY-S75TA","timestamp":"2026-02-13T07:47:26.184Z","operation":"ToolRegistry.registerTool","msg":"Tool 'git_remote' registered successfully."}
{"level":20,"time":1770968846184,"env":"development","version":"2.8.3","pid":43704,"toolName":"git_reset","requestId":"E5A9R-ZLQEY","timestamp":"2026-02-13T07:47:26.184Z","operation":"ToolRegistry.registerTool","msg":"Registering tool: 'git_reset'"}
{"level":30,"time":1770968846184,"env":"development","version":"2.8.3","pid":43704,"toolName":"git_reset","requestId":"E5A9R-ZLQEY","timestamp":"2026-02-13T07:47:26.184Z","operation":"ToolRegistry.registerTool","msg":"Tool 'git_reset' registered successfully."}
{"level":20,"time":1770968846184,"env":"development","version":"2.8.3","pid":43704,"toolName":"git_set_working_dir","requestId":"0QJ14-PQE9A","timestamp":"2026-02-13T07:47:26.184Z","operation":"ToolRegistry.registerTool","msg":"Registering tool: 'git_set_working_dir'"}
{"level":30,"time":1770968846184,"env":"development","version":"2.8.3","pid":43704,"toolName":"git_set_working_dir","requestId":"0QJ14-PQE9A","timestamp":"2026-02-13T07:47:26.184Z","operation":"ToolRegistry.registerTool","msg":"Tool 'git_set_working_dir' registered successfully."}
{"level":20,"time":1770968846184,"env":"development","version":"2.8.3","pid":43704,"toolName":"git_show","requestId":"73Y1L-3LAV4","timestamp":"2026-02-13T07:47:26.184Z","operation":"ToolRegistry.registerTool","msg":"Registering tool: 'git_show'"}
{"level":30,"time":1770968846184,"env":"development","version":"2.8.3","pid":43704,"toolName":"git_show","requestId":"73Y1L-3LAV4","timestamp":"2026-02-13T07:47:26.184Z","operation":"ToolRegistry.registerTool","msg":"Tool 'git_show' registered successfully."}
{"level":20,"time":1770968846184,"env":"development","version":"2.8.3","pid":43704,"toolName":"git_stash","requestId":"HSO4V-WQWH6","timestamp":"2026-02-13T07:47:26.184Z","operation":"ToolRegistry.registerTool","msg":"Registering tool: 'git_stash'"}
{"level":30,"time":1770968846184,"env":"development","version":"2.8.3","pid":43704,"toolName":"git_stash","requestId":"HSO4V-WQWH6","timestamp":"2026-02-13T07:47:26.184Z","operation":"ToolRegistry.registerTool","msg":"Tool 'git_stash' registered successfully."}
{"level":20,"time":1770968846184,"env":"development","version":"2.8.3","pid":43704,"toolName":"git_status","requestId":"IFMMO-E422W","timestamp":"2026-02-13T07:47:26.184Z","operation":"ToolRegistry.registerTool","msg":"Registering tool: 'git_status'"}
{"level":30,"time":1770968846184,"env":"development","version":"2.8.3","pid":43704,"toolName":"git_status","requestId":"IFMMO-E422W","timestamp":"2026-02-13T07:47:26.184Z","operation":"ToolRegistry.registerTool","msg":"Tool 'git_status' registered successfully."}
{"level":20,"time":1770968846184,"env":"development","version":"2.8.3","pid":43704,"toolName":"git_tag","requestId":"48Q1J-HDSBP","timestamp":"2026-02-13T07:47:26.184Z","operation":"ToolRegistry.registerTool","msg":"Registering tool: 'git_tag'"}
{"level":30,"time":1770968846184,"env":"development","version":"2.8.3","pid":43704,"toolName":"git_tag","requestId":"48Q1J-HDSBP","timestamp":"2026-02-13T07:47:26.184Z","operation":"ToolRegistry.registerTool","msg":"Tool 'git_tag' registered successfully."}
{"level":20,"time":1770968846184,"env":"development","version":"2.8.3","pid":43704,"toolName":"git_worktree","requestId":"BPIHD-2YE4O","timestamp":"2026-02-13T07:47:26.184Z","operation":"ToolRegistry.registerTool","msg":"Registering tool: 'git_worktree'"}
{"level":30,"time":1770968846184,"env":"development","version":"2.8.3","pid":43704,"toolName":"git_worktree","requestId":"BPIHD-2YE4O","timestamp":"2026-02-13T07:47:26.184Z","operation":"ToolRegistry.registerTool","msg":"Tool 'git_worktree' registered successfully."}
{"level":20,"time":1770968846184,"env":"development","version":"2.8.3","pid":43704,"toolName":"git_wrapup_instructions","requestId":"7HO05-TXHO0","timestamp":"2026-02-13T07:47:26.184Z","operation":"ToolRegistry.registerTool","msg":"Registering tool: 'git_wrapup_instructions'"}
{"level":30,"time":1770968846184,"env":"development","version":"2.8.3","pid":43704,"toolName":"git_wrapup_instructions","requestId":"7HO05-TXHO0","timestamp":"2026-02-13T07:47:26.184Z","operation":"ToolRegistry.registerTool","msg":"Tool 'git_wrapup_instructions' registered successfully."}
{"level":30,"time":1770968846185,"env":"development","version":"2.8.3","pid":43704,"requestId":"3BNWY-9Y4AE","timestamp":"2026-02-13T07:47:26.185Z","operation":"ResourceRegistry.registerAll","msg":"Registering 1 resource(s)..."}
{"level":30,"time":1770968846185,"env":"development","version":"2.8.3","pid":43704,"requestId":"LUDGP-I657M","timestamp":"2026-02-13T07:47:26.185Z","resourceName":"git-working-directory","operation":"RegisterResource","msg":"Registering resource: 'git-working-directory'"}
{"level":30,"time":1770968846185,"env":"development","version":"2.8.3","pid":43704,"requestId":"LUDGP-I657M","timestamp":"2026-02-13T07:47:26.185Z","resourceName":"git-working-directory","operation":"RegisterResource","msg":"Resource 'git-working-directory' registered successfully."}
{"level":20,"time":1770968846185,"env":"development","version":"2.8.3","pid":43704,"requestId":"4190R-35WBO","timestamp":"2026-02-13T07:47:26.185Z","operation":"PromptRegistry.registerAll","msg":"Registering 1 prompts..."}
{"level":20,"time":1770968846186,"env":"development","version":"2.8.3","pid":43704,"requestId":"4190R-35WBO","timestamp":"2026-02-13T07:47:26.185Z","operation":"PromptRegistry.registerAll","msg":"Registering prompt: git_wrapup"}
{"level":30,"time":1770968846186,"env":"development","version":"2.8.3","pid":43704,"requestId":"4190R-35WBO","timestamp":"2026-02-13T07:47:26.185Z","operation":"PromptRegistry.registerAll","msg":"Registered prompt: git_wrapup"}
{"level":30,"time":1770968846186,"env":"development","version":"2.8.3","pid":43704,"requestId":"4190R-35WBO","timestamp":"2026-02-13T07:47:26.185Z","operation":"PromptRegistry.registerAll","msg":"Successfully registered 1 prompts"}
{"level":30,"time":1770968846186,"env":"development","version":"2.8.3","pid":43704,"requestId":"GN4ED-WP47P","timestamp":"2026-02-13T07:47:26.175Z","operation":"createMcpServerInstance","msg":"All MCP capabilities registered successfully"}
{"level":30,"time":1770968846186,"env":"development","version":"2.8.3","pid":43704,"transport":"stdio","requestId":"NNVGC-SSA93","timestamp":"2026-02-13T07:47:26.175Z","operation":"connectStdioTransport","transportType":"Stdio","msg":"Attempting to connect stdio transport..."}
{"level":20,"time":1770968846186,"env":"development","version":"2.8.3","pid":43704,"transport":"stdio","requestId":"NNVGC-SSA93","timestamp":"2026-02-13T07:47:26.175Z","operation":"connectStdioTransport","transportType":"Stdio","msg":"Creating StdioServerTransport instance..."}
{"level":20,"time":1770968846186,"env":"development","version":"2.8.3","pid":43704,"transport":"stdio","requestId":"NNVGC-SSA93","timestamp":"2026-02-13T07:47:26.175Z","operation":"connectStdioTransport","transportType":"Stdio","msg":"Connecting McpServer instance to StdioServerTransport..."}
{"level":30,"time":1770968846186,"env":"development","version":"2.8.3","pid":43704,"transport":"stdio","requestId":"NNVGC-SSA93","timestamp":"2026-02-13T07:47:26.175Z","operation":"connectStdioTransport","transportType":"Stdio","msg":"MCP Server connected and listening via stdio transport."}
{"level":30,"time":1770968846186,"env":"development","version":"2.8.3","pid":43704,"applicationName":"@cyanheads/git-mcp-server","applicationVersion":"2.8.3","nodeEnvironment":"development","requestId":"180HQ-XD9F6","timestamp":"2026-02-13T07:47:26.175Z","operation":"ServerStartup","msg":"@cyanheads/git-mcp-server is now running and ready."}
{"level":30,"time":1770968855031,"env":"development","version":"2.8.3","pid":40368,"requestId":"FCOKW-GKK62","timestamp":"2026-02-13T07:47:35.029Z","operation":"loggerInit","msg":"Logger initialized. MCP level: debug."}
{"level":30,"time":1770968855032,"env":"development","version":"2.8.3","pid":40368,"requestId":"2WWBX-JPBJS","timestamp":"2026-02-13T07:47:35.031Z","operation":"LoggerInit","msg":"Logger initialized. Effective MCP logging level: debug."}
{"level":30,"time":1770968855032,"env":"development","version":"2.8.3","pid":40368,"runtime":"node","runtimeVersion":"Node.js 25.6.1","requestId":"ITYNM-0A0V1","timestamp":"2026-02-13T07:47:35.032Z","operation":"RuntimeDetection","msg":"Runtime detected: Node.js 25.6.1"}
{"level":30,"time":1770968855032,"env":"development","version":"2.8.3","pid":40368,"requestId":"OEWXR-G21UY","timestamp":"2026-02-13T07:47:35.032Z","operation":"StorageInit","msg":"Storage service initialized with provider: in-memory"}
{"level":30,"time":1770968855032,"env":"development","version":"2.8.3","pid":40368,"applicationName":"@cyanheads/git-mcp-server","applicationVersion":"2.8.3","nodeEnvironment":"development","requestId":"C3RAS-HT812","timestamp":"2026-02-13T07:47:35.032Z","operation":"ServerStartup","msg":"Starting @cyanheads/git-mcp-server (v2.8.3)..."}
{"level":30,"time":1770968855032,"env":"development","version":"2.8.3","pid":40368,"transport":"stdio","requestId":"4QZKH-V4Y2G","timestamp":"2026-02-13T07:47:35.032Z","operation":"TransportManager.start","msg":"Starting transport: stdio"}
{"level":30,"time":1770968855032,"env":"development","version":"2.8.3","pid":40368,"requestId":"3T7ME-0C9SN","timestamp":"2026-02-13T07:47:35.032Z","operation":"createMcpServerInstance","msg":"Initializing MCP server instance"}
{"level":20,"time":1770968855032,"env":"development","version":"2.8.3","pid":40368,"requestId":"N7W80-WELV6","timestamp":"2026-02-13T07:47:35.032Z","newConfigState":{"appName":"@cyanheads/git-mcp-server","appVersion":"2.8.3","environment":"development"},"operation":"RequestContextService.configure","msg":"RequestContextService configuration updated"}
{"level":20,"time":1770968855037,"env":"development","version":"2.8.3","pid":40368,"requestId":"3T7ME-0C9SN","timestamp":"2026-02-13T07:47:35.032Z","operation":"createMcpServerInstance","msg":"Registering all MCP capabilities via registries..."}
{"level":30,"time":1770968855038,"env":"development","version":"2.8.3","pid":40368,"requestId":"DD3WB-QJDZ8","timestamp":"2026-02-13T07:47:35.037Z","operation":"ToolRegistry.registerAll","msg":"Registering 28 tool(s)..."}
{"level":20,"time":1770968855038,"env":"development","version":"2.8.3","pid":40368,"toolName":"git_add","requestId":"PDCM7-9LRK8","timestamp":"2026-02-13T07:47:35.038Z","operation":"ToolRegistry.registerTool","msg":"Registering tool: 'git_add'"}
{"level":30,"time":1770968855039,"env":"development","version":"2.8.3","pid":40368,"toolName":"git_add","requestId":"PDCM7-9LRK8","timestamp":"2026-02-13T07:47:35.038Z","operation":"ToolRegistry.registerTool","msg":"Tool 'git_add' registered successfully."}
{"level":20,"time":1770968855039,"env":"development","version":"2.8.3","pid":40368,"toolName":"git_blame","requestId":"FOKQG-LLNUF","timestamp":"2026-02-13T07:47:35.039Z","operation":"ToolRegistry.registerTool","msg":"Registering tool: 'git_blame'"}
{"level":30,"time":1770968855039,"env":"development","version":"2.8.3","pid":40368,"toolName":"git_blame","requestId":"FOKQG-LLNUF","timestamp":"2026-02-13T07:47:35.039Z","operation":"ToolRegistry.registerTool","msg":"Tool 'git_blame' registered successfully."}
{"level":20,"time":1770968855039,"env":"development","version":"2.8.3","pid":40368,"toolName":"git_branch","requestId":"F7ZAU-6MNMD","timestamp":"2026-02-13T07:47:35.039Z","operation":"ToolRegistry.registerTool","msg":"Registering tool: 'git_branch'"}
{"level":30,"time":1770968855039,"env":"development","version":"2.8.3","pid":40368,"toolName":"git_branch","requestId":"F7ZAU-6MNMD","timestamp":"2026-02-13T07:47:35.039Z","operation":"ToolRegistry.registerTool","msg":"Tool 'git_branch' registered successfully."}
{"level":20,"time":1770968855039,"env":"development","version":"2.8.3","pid":40368,"toolName":"git_changelog_analyze","requestId":"2LMKM-YKE90","timestamp":"2026-02-13T07:47:35.039Z","operation":"ToolRegistry.registerTool","msg":"Registering tool: 'git_changelog_analyze'"}
{"level":30,"time":1770968855039,"env":"development","version":"2.8.3","pid":40368,"toolName":"git_changelog_analyze","requestId":"2LMKM-YKE90","timestamp":"2026-02-13T07:47:35.039Z","operation":"ToolRegistry.registerTool","msg":"Tool 'git_changelog_analyze' registered successfully."}
{"level":20,"time":1770968855039,"env":"development","version":"2.8.3","pid":40368,"toolName":"git_checkout","requestId":"L773S-USY6U","timestamp":"2026-02-13T07:47:35.039Z","operation":"ToolRegistry.registerTool","msg":"Registering tool: 'git_checkout'"}
{"level":30,"time":1770968855039,"env":"development","version":"2.8.3","pid":40368,"toolName":"git_checkout","requestId":"L773S-USY6U","timestamp":"2026-02-13T07:47:35.039Z","operation":"ToolRegistry.registerTool","msg":"Tool 'git_checkout' registered successfully."}
{"level":20,"time":1770968855039,"env":"development","version":"2.8.3","pid":40368,"toolName":"git_cherry_pick","requestId":"DC8UT-NJKWT","timestamp":"2026-02-13T07:47:35.039Z","operation":"ToolRegistry.registerTool","msg":"Registering tool: 'git_cherry_pick'"}
{"level":30,"time":1770968855039,"env":"development","version":"2.8.3","pid":40368,"toolName":"git_cherry_pick","requestId":"DC8UT-NJKWT","timestamp":"2026-02-13T07:47:35.039Z","operation":"ToolRegistry.registerTool","msg":"Tool 'git_cherry_pick' registered successfully."}
{"level":20,"time":1770968855039,"env":"development","version":"2.8.3","pid":40368,"toolName":"git_clean","requestId":"8V37L-TH3RM","timestamp":"2026-02-13T07:47:35.039Z","operation":"ToolRegistry.registerTool","msg":"Registering tool: 'git_clean'"}
{"level":30,"time":1770968855039,"env":"development","version":"2.8.3","pid":40368,"toolName":"git_clean","requestId":"8V37L-TH3RM","timestamp":"2026-02-13T07:47:35.039Z","operation":"ToolRegistry.registerTool","msg":"Tool 'git_clean' registered successfully."}
{"level":20,"time":1770968855039,"env":"development","version":"2.8.3","pid":40368,"toolName":"git_clear_working_dir","requestId":"TE5PY-2NW1N","timestamp":"2026-02-13T07:47:35.039Z","operation":"ToolRegistry.registerTool","msg":"Registering tool: 'git_clear_working_dir'"}
{"level":30,"time":1770968855039,"env":"development","version":"2.8.3","pid":40368,"toolName":"git_clear_working_dir","requestId":"TE5PY-2NW1N","timestamp":"2026-02-13T07:47:35.039Z","operation":"ToolRegistry.registerTool","msg":"Tool 'git_clear_working_dir' registered successfully."}
{"level":20,"time":1770968855039,"env":"development","version":"2.8.3","pid":40368,"toolName":"git_clone","requestId":"FWIAR-O98MN","timestamp":"2026-02-13T07:47:35.039Z","operation":"ToolRegistry.registerTool","msg":"Registering tool: 'git_clone'"}
{"level":30,"time":1770968855039,"env":"development","version":"2.8.3","pid":40368,"toolName":"git_clone","requestId":"FWIAR-O98MN","timestamp":"2026-02-13T07:47:35.039Z","operation":"ToolRegistry.registerTool","msg":"Tool 'git_clone' registered successfully."}
{"level":20,"time":1770968855040,"env":"development","version":"2.8.3","pid":40368,"toolName":"git_commit","requestId":"IX2XF-8RSAR","timestamp":"2026-02-13T07:47:35.040Z","operation":"ToolRegistry.registerTool","msg":"Registering tool: 'git_commit'"}
{"level":30,"time":1770968855040,"env":"development","version":"2.8.3","pid":40368,"toolName":"git_commit","requestId":"IX2XF-8RSAR","timestamp":"2026-02-13T07:47:35.040Z","operation":"ToolRegistry.registerTool","msg":"Tool 'git_commit' registered successfully."}
{"level":20,"time":1770968855040,"env":"development","version":"2.8.3","pid":40368,"toolName":"git_diff","requestId":"0LTYQ-K8V2D","timestamp":"2026-02-13T07:47:35.040Z","operation":"ToolRegistry.registerTool","msg":"Registering tool: 'git_diff'"}
{"level":30,"time":1770968855040,"env":"development","version":"2.8.3","pid":40368,"toolName":"git_diff","requestId":"0LTYQ-K8V2D","timestamp":"2026-02-13T07:47:35.040Z","operation":"ToolRegistry.registerTool","msg":"Tool 'git_diff' registered successfully."}
{"level":20,"time":1770968855040,"env":"development","version":"2.8.3","pid":40368,"toolName":"git_fetch","requestId":"SGP71-JFWR0","timestamp":"2026-02-13T07:47:35.040Z","operation":"ToolRegistry.registerTool","msg":"Registering tool: 'git_fetch'"}
{"level":30,"time":1770968855040,"env":"development","version":"2.8.3","pid":40368,"toolName":"git_fetch","requestId":"SGP71-JFWR0","timestamp":"2026-02-13T07:47:35.040Z","operation":"ToolRegistry.registerTool","msg":"Tool 'git_fetch' registered successfully."}
{"level":20,"time":1770968855040,"env":"development","version":"2.8.3","pid":40368,"toolName":"git_init","requestId":"0RJE9-HQXFO","timestamp":"2026-02-13T07:47:35.040Z","operation":"ToolRegistry.registerTool","msg":"Registering tool: 'git_init'"}
{"level":30,"time":1770968855040,"env":"development","version":"2.8.3","pid":40368,"toolName":"git_init","requestId":"0RJE9-HQXFO","timestamp":"2026-02-13T07:47:35.040Z","operation":"ToolRegistry.registerTool","msg":"Tool 'git_init' registered successfully."}
{"level":20,"time":1770968855040,"env":"development","version":"2.8.3","pid":40368,"toolName":"git_log","requestId":"RANMS-HHEAY","timestamp":"2026-02-13T07:47:35.040Z","operation":"ToolRegistry.registerTool","msg":"Registering tool: 'git_log'"}
{"level":30,"time":1770968855040,"env":"development","version":"2.8.3","pid":40368,"toolName":"git_log","requestId":"RANMS-HHEAY","timestamp":"2026-02-13T07:47:35.040Z","operation":"ToolRegistry.registerTool","msg":"Tool 'git_log' registered successfully."}
{"level":20,"time":1770968855040,"env":"development","version":"2.8.3","pid":40368,"toolName":"git_merge","requestId":"RSSN6-GDG7D","timestamp":"2026-02-13T07:47:35.040Z","operation":"ToolRegistry.registerTool","msg":"Registering tool: 'git_merge'"}
{"level":30,"time":1770968855040,"env":"development","version":"2.8.3","pid":40368,"toolName":"git_merge","requestId":"RSSN6-GDG7D","timestamp":"2026-02-13T07:47:35.040Z","operation":"ToolRegistry.registerTool","msg":"Tool 'git_merge' registered successfully."}
{"level":20,"time":1770968855040,"env":"development","version":"2.8.3","pid":40368,"toolName":"git_pull","requestId":"Z4JTE-5BWV4","timestamp":"2026-02-13T07:47:35.040Z","operation":"ToolRegistry.registerTool","msg":"Registering tool: 'git_pull'"}
{"level":30,"time":1770968855040,"env":"development","version":"2.8.3","pid":40368,"toolName":"git_pull","requestId":"Z4JTE-5BWV4","timestamp":"2026-02-13T07:47:35.040Z","operation":"ToolRegistry.registerTool","msg":"Tool 'git_pull' registered successfully."}
{"level":20,"time":1770968855040,"env":"development","version":"2.8.3","pid":40368,"toolName":"git_push","requestId":"C29KG-5W5V4","timestamp":"2026-02-13T07:47:35.040Z","operation":"ToolRegistry.registerTool","msg":"Registering tool: 'git_push'"}
{"level":30,"time":1770968855040,"env":"development","version":"2.8.3","pid":40368,"toolName":"git_push","requestId":"C29KG-5W5V4","timestamp":"2026-02-13T07:47:35.040Z","operation":"ToolRegistry.registerTool","msg":"Tool 'git_push' registered successfully."}
{"level":20,"time":1770968855040,"env":"development","version":"2.8.3","pid":40368,"toolName":"git_rebase","requestId":"WOPRV-IXVIH","timestamp":"2026-02-13T07:47:35.040Z","operation":"ToolRegistry.registerTool","msg":"Registering tool: 'git_rebase'"}
{"level":30,"time":1770968855040,"env":"development","version":"2.8.3","pid":40368,"toolName":"git_rebase","requestId":"WOPRV-IXVIH","timestamp":"2026-02-13T07:47:35.040Z","operation":"ToolRegistry.registerTool","msg":"Tool 'git_rebase' registered successfully."}
{"level":20,"time":1770968855040,"env":"development","version":"2.8.3","pid":40368,"toolName":"git_reflog","requestId":"KXVTJ-XR02D","timestamp":"2026-02-13T07:47:35.040Z","operation":"ToolRegistry.registerTool","msg":"Registering tool: 'git_reflog'"}
{"level":30,"time":1770968855040,"env":"development","version":"2.8.3","pid":40368,"toolName":"git_reflog","requestId":"KXVTJ-XR02D","timestamp":"2026-02-13T07:47:35.040Z","operation":"ToolRegistry.registerTool","msg":"Tool 'git_reflog' registered successfully."}
{"level":20,"time":1770968855041,"env":"development","version":"2.8.3","pid":40368,"toolName":"git_remote","requestId":"FJ8EL-UB564","timestamp":"2026-02-13T07:47:35.041Z","operation":"ToolRegistry.registerTool","msg":"Registering tool: 'git_remote'"}
{"level":30,"time":1770968855041,"env":"development","version":"2.8.3","pid":40368,"toolName":"git_remote","requestId":"FJ8EL-UB564","timestamp":"2026-02-13T07:47:35.041Z","operation":"ToolRegistry.registerTool","msg":"Tool 'git_remote' registered successfully."}
{"level":20,"time":1770968855041,"env":"development","version":"2.8.3","pid":40368,"toolName":"git_reset","requestId":"59D76-SHFCU","timestamp":"2026-02-13T07:47:35.041Z","operation":"ToolRegistry.registerTool","msg":"Registering tool: 'git_reset'"}
{"level":30,"time":1770968855041,"env":"development","version":"2.8.3","pid":40368,"toolName":"git_reset","requestId":"59D76-SHFCU","timestamp":"2026-02-13T07:47:35.041Z","operation":"ToolRegistry.registerTool","msg":"Tool 'git_reset' registered successfully."}
{"level":20,"time":1770968855041,"env":"development","version":"2.8.3","pid":40368,"toolName":"git_set_working_dir","requestId":"27GQU-2H7U6","timestamp":"2026-02-13T07:47:35.041Z","operation":"ToolRegistry.registerTool","msg":"Registering tool: 'git_set_working_dir'"}
{"level":30,"time":1770968855041,"env":"development","version":"2.8.3","pid":40368,"toolName":"git_set_working_dir","requestId":"27GQU-2H7U6","timestamp":"2026-02-13T07:47:35.041Z","operation":"ToolRegistry.registerTool","msg":"Tool 'git_set_working_dir' registered successfully."}
{"level":20,"time":1770968855041,"env":"development","version":"2.8.3","pid":40368,"toolName":"git_show","requestId":"O2FJM-XB7AO","timestamp":"2026-02-13T07:47:35.041Z","operation":"ToolRegistry.registerTool","msg":"Registering tool: 'git_show'"}
{"level":30,"time":1770968855041,"env":"development","version":"2.8.3","pid":40368,"toolName":"git_show","requestId":"O2FJM-XB7AO","timestamp":"2026-02-13T07:47:35.041Z","operation":"ToolRegistry.registerTool","msg":"Tool 'git_show' registered successfully."}
{"level":20,"time":1770968855041,"env":"development","version":"2.8.3","pid":40368,"toolName":"git_stash","requestId":"PEVB8-D2FC3","timestamp":"2026-02-13T07:47:35.041Z","operation":"ToolRegistry.registerTool","msg":"Registering tool: 'git_stash'"}
{"level":30,"time":1770968855041,"env":"development","version":"2.8.3","pid":40368,"toolName":"git_stash","requestId":"PEVB8-D2FC3","timestamp":"2026-02-13T07:47:35.041Z","operation":"ToolRegistry.registerTool","msg":"Tool 'git_stash' registered successfully."}
{"level":20,"time":1770968855041,"env":"development","version":"2.8.3","pid":40368,"toolName":"git_status","requestId":"X8LZX-T9Q37","timestamp":"2026-02-13T07:47:35.041Z","operation":"ToolRegistry.registerTool","msg":"Registering tool: 'git_status'"}
{"level":30,"time":1770968855041,"env":"development","version":"2.8.3","pid":40368,"toolName":"git_status","requestId":"X8LZX-T9Q37","timestamp":"2026-02-13T07:47:35.041Z","operation":"ToolRegistry.registerTool","msg":"Tool 'git_status' registered successfully."}
{"level":20,"time":1770968855041,"env":"development","version":"2.8.3","pid":40368,"toolName":"git_tag","requestId":"TTCHN-TOXIE","timestamp":"2026-02-13T07:47:35.041Z","operation":"ToolRegistry.registerTool","msg":"Registering tool: 'git_tag'"}
{"level":30,"time":1770968855041,"env":"development","version":"2.8.3","pid":40368,"toolName":"git_tag","requestId":"TTCHN-TOXIE","timestamp":"2026-02-13T07:47:35.041Z","operation":"ToolRegistry.registerTool","msg":"Tool 'git_tag' registered successfully."}
{"level":20,"time":1770968855041,"env":"development","version":"2.8.3","pid":40368,"toolName":"git_worktree","requestId":"SBTJK-P3N46","timestamp":"2026-02-13T07:47:35.041Z","operation":"ToolRegistry.registerTool","msg":"Registering tool: 'git_worktree'"}
{"level":30,"time":1770968855041,"env":"development","version":"2.8.3","pid":40368,"toolName":"git_worktree","requestId":"SBTJK-P3N46","timestamp":"2026-02-13T07:47:35.041Z","operation":"ToolRegistry.registerTool","msg":"Tool 'git_worktree' registered successfully."}
{"level":20,"time":1770968855041,"env":"development","version":"2.8.3","pid":40368,"toolName":"git_wrapup_instructions","requestId":"3LT9I-AMZ3R","timestamp":"2026-02-13T07:47:35.041Z","operation":"ToolRegistry.registerTool","msg":"Registering tool: 'git_wrapup_instructions'"}
{"level":30,"time":1770968855041,"env":"development","version":"2.8.3","pid":40368,"toolName":"git_wrapup_instructions","requestId":"3LT9I-AMZ3R","timestamp":"2026-02-13T07:47:35.041Z","operation":"ToolRegistry.registerTool","msg":"Tool 'git_wrapup_instructions' registered successfully."}
{"level":30,"time":1770968855041,"env":"development","version":"2.8.3","pid":40368,"requestId":"QDIVK-TF41A","timestamp":"2026-02-13T07:47:35.041Z","operation":"ResourceRegistry.registerAll","msg":"Registering 1 resource(s)..."}
{"level":30,"time":1770968855042,"env":"development","version":"2.8.3","pid":40368,"requestId":"XUA5K-SRGJS","timestamp":"2026-02-13T07:47:35.042Z","resourceName":"git-working-directory","operation":"RegisterResource","msg":"Registering resource: 'git-working-directory'"}
{"level":30,"time":1770968855042,"env":"development","version":"2.8.3","pid":40368,"requestId":"XUA5K-SRGJS","timestamp":"2026-02-13T07:47:35.042Z","resourceName":"git-working-directory","operation":"RegisterResource","msg":"Resource 'git-working-directory' registered successfully."}
{"level":20,"time":1770968855042,"env":"development","version":"2.8.3","pid":40368,"requestId":"3SJF1-ATTFU","timestamp":"2026-02-13T07:47:35.042Z","operation":"PromptRegistry.registerAll","msg":"Registering 1 prompts..."}
{"level":20,"time":1770968855042,"env":"development","version":"2.8.3","pid":40368,"requestId":"3SJF1-ATTFU","timestamp":"2026-02-13T07:47:35.042Z","operation":"PromptRegistry.registerAll","msg":"Registering prompt: git_wrapup"}
{"level":30,"time":1770968855043,"env":"development","version":"2.8.3","pid":40368,"requestId":"3SJF1-ATTFU","timestamp":"2026-02-13T07:47:35.042Z","operation":"PromptRegistry.registerAll","msg":"Registered prompt: git_wrapup"}
{"level":30,"time":1770968855043,"env":"development","version":"2.8.3","pid":40368,"requestId":"3SJF1-ATTFU","timestamp":"2026-02-13T07:47:35.042Z","operation":"PromptRegistry.registerAll","msg":"Successfully registered 1 prompts"}
{"level":30,"time":1770968855043,"env":"development","version":"2.8.3","pid":40368,"requestId":"3T7ME-0C9SN","timestamp":"2026-02-13T07:47:35.032Z","operation":"createMcpServerInstance","msg":"All MCP capabilities registered successfully"}
{"level":30,"time":1770968855043,"env":"development","version":"2.8.3","pid":40368,"transport":"stdio","requestId":"4QZKH-V4Y2G","timestamp":"2026-02-13T07:47:35.032Z","operation":"connectStdioTransport","transportType":"Stdio","msg":"Attempting to connect stdio transport..."}
{"level":20,"time":1770968855043,"env":"development","version":"2.8.3","pid":40368,"transport":"stdio","requestId":"4QZKH-V4Y2G","timestamp":"2026-02-13T07:47:35.032Z","operation":"connectStdioTransport","transportType":"Stdio","msg":"Creating StdioServerTransport instance..."}
{"level":20,"time":1770968855043,"env":"development","version":"2.8.3","pid":40368,"transport":"stdio","requestId":"4QZKH-V4Y2G","timestamp":"2026-02-13T07:47:35.032Z","operation":"connectStdioTransport","transportType":"Stdio","msg":"Connecting McpServer instance to StdioServerTransport..."}
{"level":30,"time":1770968855044,"env":"development","version":"2.8.3","pid":40368,"transport":"stdio","requestId":"4QZKH-V4Y2G","timestamp":"2026-02-13T07:47:35.032Z","operation":"connectStdioTransport","transportType":"Stdio","msg":"MCP Server connected and listening via stdio transport."}
{"level":30,"time":1770968855044,"env":"development","version":"2.8.3","pid":40368,"applicationName":"@cyanheads/git-mcp-server","applicationVersion":"2.8.3","nodeEnvironment":"development","requestId":"C3RAS-HT812","timestamp":"2026-02-13T07:47:35.032Z","operation":"ServerStartup","msg":"@cyanheads/git-mcp-server is now running and ready."}
{"level":30,"time":1770968989780,"env":"development","version":"2.8.3","pid":41072,"requestId":"2T9HQ-MT1ZO","timestamp":"2026-02-13T07:49:49.777Z","operation":"loggerInit","msg":"Logger initialized. MCP level: debug."}
{"level":30,"time":1770968989780,"env":"development","version":"2.8.3","pid":41072,"requestId":"I8R2C-FT5GT","timestamp":"2026-02-13T07:49:49.780Z","operation":"LoggerInit","msg":"Logger initialized. Effective MCP logging level: debug."}
{"level":30,"time":1770968989780,"env":"development","version":"2.8.3","pid":41072,"runtime":"node","runtimeVersion":"Node.js 25.6.1","requestId":"TU9P1-6067U","timestamp":"2026-02-13T07:49:49.780Z","operation":"RuntimeDetection","msg":"Runtime detected: Node.js 25.6.1"}
{"level":30,"time":1770968989780,"env":"development","version":"2.8.3","pid":41072,"requestId":"5S9RD-IT6DW","timestamp":"2026-02-13T07:49:49.780Z","operation":"StorageInit","msg":"Storage service initialized with provider: in-memory"}
{"level":30,"time":1770968989781,"env":"development","version":"2.8.3","pid":41072,"applicationName":"@cyanheads/git-mcp-server","applicationVersion":"2.8.3","nodeEnvironment":"development","requestId":"SVGZS-II3SA","timestamp":"2026-02-13T07:49:49.781Z","operation":"ServerStartup","msg":"Starting @cyanheads/git-mcp-server (v2.8.3)..."}
{"level":30,"time":1770968989781,"env":"development","version":"2.8.3","pid":41072,"transport":"stdio","requestId":"RNDRY-YY3JC","timestamp":"2026-02-13T07:49:49.781Z","operation":"TransportManager.start","msg":"Starting transport: stdio"}
{"level":30,"time":1770968989781,"env":"development","version":"2.8.3","pid":41072,"requestId":"FJ0SD-5DQIN","timestamp":"2026-02-13T07:49:49.781Z","operation":"createMcpServerInstance","msg":"Initializing MCP server instance"}
{"level":20,"time":1770968989781,"env":"development","version":"2.8.3","pid":41072,"requestId":"38P8Y-Z717Y","timestamp":"2026-02-13T07:49:49.781Z","newConfigState":{"appName":"@cyanheads/git-mcp-server","appVersion":"2.8.3","environment":"development"},"operation":"RequestContextService.configure","msg":"RequestContextService configuration updated"}
{"level":20,"time":1770968989786,"env":"development","version":"2.8.3","pid":41072,"requestId":"FJ0SD-5DQIN","timestamp":"2026-02-13T07:49:49.781Z","operation":"createMcpServerInstance","msg":"Registering all MCP capabilities via registries..."}
{"level":30,"time":1770968989787,"env":"development","version":"2.8.3","pid":41072,"requestId":"RG4R8-W7PR2","timestamp":"2026-02-13T07:49:49.787Z","operation":"ToolRegistry.registerAll","msg":"Registering 28 tool(s)..."}
{"level":20,"time":1770968989787,"env":"development","version":"2.8.3","pid":41072,"toolName":"git_add","requestId":"MWK5T-A2DRF","timestamp":"2026-02-13T07:49:49.787Z","operation":"ToolRegistry.registerTool","msg":"Registering tool: 'git_add'"}
{"level":30,"time":1770968989788,"env":"development","version":"2.8.3","pid":41072,"toolName":"git_add","requestId":"MWK5T-A2DRF","timestamp":"2026-02-13T07:49:49.787Z","operation":"ToolRegistry.registerTool","msg":"Tool 'git_add' registered successfully."}
{"level":20,"time":1770968989788,"env":"development","version":"2.8.3","pid":41072,"toolName":"git_blame","requestId":"18PZK-ODMHW","timestamp":"2026-02-13T07:49:49.788Z","operation":"ToolRegistry.registerTool","msg":"Registering tool: 'git_blame'"}
{"level":30,"time":1770968989788,"env":"development","version":"2.8.3","pid":41072,"toolName":"git_blame","requestId":"18PZK-ODMHW","timestamp":"2026-02-13T07:49:49.788Z","operation":"ToolRegistry.registerTool","msg":"Tool 'git_blame' registered successfully."}
{"level":20,"time":1770968989788,"env":"development","version":"2.8.3","pid":41072,"toolName":"git_branch","requestId":"LMSQH-OA8LS","timestamp":"2026-02-13T07:49:49.788Z","operation":"ToolRegistry.registerTool","msg":"Registering tool: 'git_branch'"}
{"level":30,"time":1770968989788,"env":"development","version":"2.8.3","pid":41072,"toolName":"git_branch","requestId":"LMSQH-OA8LS","timestamp":"2026-02-13T07:49:49.788Z","operation":"ToolRegistry.registerTool","msg":"Tool 'git_branch' registered successfully."}
{"level":20,"time":1770968989788,"env":"development","version":"2.8.3","pid":41072,"toolName":"git_changelog_analyze","requestId":"JZTQR-PT6HF","timestamp":"2026-02-13T07:49:49.788Z","operation":"ToolRegistry.registerTool","msg":"Registering tool: 'git_changelog_analyze'"}
{"level":30,"time":1770968989788,"env":"development","version":"2.8.3","pid":41072,"toolName":"git_changelog_analyze","requestId":"JZTQR-PT6HF","timestamp":"2026-02-13T07:49:49.788Z","operation":"ToolRegistry.registerTool","msg":"Tool 'git_changelog_analyze' registered successfully."}
{"level":20,"time":1770968989788,"env":"development","version":"2.8.3","pid":41072,"toolName":"git_checkout","requestId":"STNSJ-YNXVK","timestamp":"2026-02-13T07:49:49.788Z","operation":"ToolRegistry.registerTool","msg":"Registering tool: 'git_checkout'"}
{"level":30,"time":1770968989788,"env":"development","version":"2.8.3","pid":41072,"toolName":"git_checkout","requestId":"STNSJ-YNXVK","timestamp":"2026-02-13T07:49:49.788Z","operation":"ToolRegistry.registerTool","msg":"Tool 'git_checkout' registered successfully."}
{"level":20,"time":1770968989788,"env":"development","version":"2.8.3","pid":41072,"toolName":"git_cherry_pick","requestId":"KT2WY-GKRRX","timestamp":"2026-02-13T07:49:49.788Z","operation":"ToolRegistry.registerTool","msg":"Registering tool: 'git_cherry_pick'"}
{"level":30,"time":1770968989788,"env":"development","version":"2.8.3","pid":41072,"toolName":"git_cherry_pick","requestId":"KT2WY-GKRRX","timestamp":"2026-02-13T07:49:49.788Z","operation":"ToolRegistry.registerTool","msg":"Tool 'git_cherry_pick' registered successfully."}
{"level":20,"time":1770968989788,"env":"development","version":"2.8.3","pid":41072,"toolName":"git_clean","requestId":"XGTD9-7DM4R","timestamp":"2026-02-13T07:49:49.788Z","operation":"ToolRegistry.registerTool","msg":"Registering tool: 'git_clean'"}
{"level":30,"time":1770968989788,"env":"development","version":"2.8.3","pid":41072,"toolName":"git_clean","requestId":"XGTD9-7DM4R","timestamp":"2026-02-13T07:49:49.788Z","operation":"ToolRegistry.registerTool","msg":"Tool 'git_clean' registered successfully."}
{"level":20,"time":1770968989789,"env":"development","version":"2.8.3","pid":41072,"toolName":"git_clear_working_dir","requestId":"EPX02-9XU2M","timestamp":"2026-02-13T07:49:49.789Z","operation":"ToolRegistry.registerTool","msg":"Registering tool: 'git_clear_working_dir'"}
{"level":30,"time":1770968989789,"env":"development","version":"2.8.3","pid":41072,"toolName":"git_clear_working_dir","requestId":"EPX02-9XU2M","timestamp":"2026-02-13T07:49:49.789Z","operation":"ToolRegistry.registerTool","msg":"Tool 'git_clear_working_dir' registered successfully."}
{"level":20,"time":1770968989789,"env":"development","version":"2.8.3","pid":41072,"toolName":"git_clone","requestId":"O0KMU-JR3QU","timestamp":"2026-02-13T07:49:49.789Z","operation":"ToolRegistry.registerTool","msg":"Registering tool: 'git_clone'"}
{"level":30,"time":1770968989789,"env":"development","version":"2.8.3","pid":41072,"toolName":"git_clone","requestId":"O0KMU-JR3QU","timestamp":"2026-02-13T07:49:49.789Z","operation":"ToolRegistry.registerTool","msg":"Tool 'git_clone' registered successfully."}
{"level":20,"time":1770968989789,"env":"development","version":"2.8.3","pid":41072,"toolName":"git_commit","requestId":"NWU4U-I1XYT","timestamp":"2026-02-13T07:49:49.789Z","operation":"ToolRegistry.registerTool","msg":"Registering tool: 'git_commit'"}
{"level":30,"time":1770968989789,"env":"development","version":"2.8.3","pid":41072,"toolName":"git_commit","requestId":"NWU4U-I1XYT","timestamp":"2026-02-13T07:49:49.789Z","operation":"ToolRegistry.registerTool","msg":"Tool 'git_commit' registered successfully."}
{"level":20,"time":1770968989789,"env":"development","version":"2.8.3","pid":41072,"toolName":"git_diff","requestId":"0C5PK-H50F9","timestamp":"2026-02-13T07:49:49.789Z","operation":"ToolRegistry.registerTool","msg":"Registering tool: 'git_diff'"}
{"level":30,"time":1770968989789,"env":"development","version":"2.8.3","pid":41072,"toolName":"git_diff","requestId":"0C5PK-H50F9","timestamp":"2026-02-13T07:49:49.789Z","operation":"ToolRegistry.registerTool","msg":"Tool 'git_diff' registered successfully."}
{"level":20,"time":1770968989789,"env":"development","version":"2.8.3","pid":41072,"toolName":"git_fetch","requestId":"UDVRB-9D221","timestamp":"2026-02-13T07:49:49.789Z","operation":"ToolRegistry.registerTool","msg":"Registering tool: 'git_fetch'"}
{"level":30,"time":1770968989789,"env":"development","version":"2.8.3","pid":41072,"toolName":"git_fetch","requestId":"UDVRB-9D221","timestamp":"2026-02-13T07:49:49.789Z","operation":"ToolRegistry.registerTool","msg":"Tool 'git_fetch' registered successfully."}
{"level":20,"time":1770968989789,"env":"development","version":"2.8.3","pid":41072,"toolName":"git_init","requestId":"YILY8-DXBRQ","timestamp":"2026-02-13T07:49:49.789Z","operation":"ToolRegistry.registerTool","msg":"Registering tool: 'git_init'"}
{"level":30,"time":1770968989789,"env":"development","version":"2.8.3","pid":41072,"toolName":"git_init","requestId":"YILY8-DXBRQ","timestamp":"2026-02-13T07:49:49.789Z","operation":"ToolRegistry.registerTool","msg":"Tool 'git_init' registered successfully."}
{"level":20,"time":1770968989789,"env":"development","version":"2.8.3","pid":41072,"toolName":"git_log","requestId":"K7CIT-ZMZYB","timestamp":"2026-02-13T07:49:49.789Z","operation":"ToolRegistry.registerTool","msg":"Registering tool: 'git_log'"}
{"level":30,"time":1770968989789,"env":"development","version":"2.8.3","pid":41072,"toolName":"git_log","requestId":"K7CIT-ZMZYB","timestamp":"2026-02-13T07:49:49.789Z","operation":"ToolRegistry.registerTool","msg":"Tool 'git_log' registered successfully."}
{"level":20,"time":1770968989789,"env":"development","version":"2.8.3","pid":41072,"toolName":"git_merge","requestId":"2EA0P-AAWBY","timestamp":"2026-02-13T07:49:49.789Z","operation":"ToolRegistry.registerTool","msg":"Registering tool: 'git_merge'"}
{"level":30,"time":1770968989789,"env":"development","version":"2.8.3","pid":41072,"toolName":"git_merge","requestId":"2EA0P-AAWBY","timestamp":"2026-02-13T07:49:49.789Z","operation":"ToolRegistry.registerTool","msg":"Tool 'git_merge' registered successfully."}
{"level":20,"time":1770968989789,"env":"development","version":"2.8.3","pid":41072,"toolName":"git_pull","requestId":"HD8RP-SO8FZ","timestamp":"2026-02-13T07:49:49.789Z","operation":"ToolRegistry.registerTool","msg":"Registering tool: 'git_pull'"}
{"level":30,"time":1770968989789,"env":"development","version":"2.8.3","pid":41072,"toolName":"git_pull","requestId":"HD8RP-SO8FZ","timestamp":"2026-02-13T07:49:49.789Z","operation":"ToolRegistry.registerTool","msg":"Tool 'git_pull' registered successfully."}
{"level":20,"time":1770968989789,"env":"development","version":"2.8.3","pid":41072,"toolName":"git_push","requestId":"WU1L9-0USBD","timestamp":"2026-02-13T07:49:49.789Z","operation":"ToolRegistry.registerTool","msg":"Registering tool: 'git_push'"}
{"level":30,"time":1770968989789,"env":"development","version":"2.8.3","pid":41072,"toolName":"git_push","requestId":"WU1L9-0USBD","timestamp":"2026-02-13T07:49:49.789Z","operation":"ToolRegistry.registerTool","msg":"Tool 'git_push' registered successfully."}
{"level":20,"time":1770968989789,"env":"development","version":"2.8.3","pid":41072,"toolName":"git_rebase","requestId":"5IJDJ-XHSZS","timestamp":"2026-02-13T07:49:49.789Z","operation":"ToolRegistry.registerTool","msg":"Registering tool: 'git_rebase'"}
{"level":30,"time":1770968989789,"env":"development","version":"2.8.3","pid":41072,"toolName":"git_rebase","requestId":"5IJDJ-XHSZS","timestamp":"2026-02-13T07:49:49.789Z","operation":"ToolRegistry.registerTool","msg":"Tool 'git_rebase' registered successfully."}
{"level":20,"time":1770968989789,"env":"development","version":"2.8.3","pid":41072,"toolName":"git_reflog","requestId":"8G63V-91D4C","timestamp":"2026-02-13T07:49:49.789Z","operation":"ToolRegistry.registerTool","msg":"Registering tool: 'git_reflog'"}
{"level":30,"time":1770968989789,"env":"development","version":"2.8.3","pid":41072,"toolName":"git_reflog","requestId":"8G63V-91D4C","timestamp":"2026-02-13T07:49:49.789Z","operation":"ToolRegistry.registerTool","msg":"Tool 'git_reflog' registered successfully."}
{"level":20,"time":1770968989789,"env":"development","version":"2.8.3","pid":41072,"toolName":"git_remote","requestId":"LNCAQ-AO7N4","timestamp":"2026-02-13T07:49:49.789Z","operation":"ToolRegistry.registerTool","msg":"Registering tool: 'git_remote'"}
{"level":30,"time":1770968989789,"env":"development","version":"2.8.3","pid":41072,"toolName":"git_remote","requestId":"LNCAQ-AO7N4","timestamp":"2026-02-13T07:49:49.789Z","operation":"ToolRegistry.registerTool","msg":"Tool 'git_remote' registered successfully."}
{"level":20,"time":1770968989789,"env":"development","version":"2.8.3","pid":41072,"toolName":"git_reset","requestId":"VVMCT-EVDSS","timestamp":"2026-02-13T07:49:49.789Z","operation":"ToolRegistry.registerTool","msg":"Registering tool: 'git_reset'"}
{"level":30,"time":1770968989789,"env":"development","version":"2.8.3","pid":41072,"toolName":"git_reset","requestId":"VVMCT-EVDSS","timestamp":"2026-02-13T07:49:49.789Z","operation":"ToolRegistry.registerTool","msg":"Tool 'git_reset' registered successfully."}
{"level":20,"time":1770968989789,"env":"development","version":"2.8.3","pid":41072,"toolName":"git_set_working_dir","requestId":"39U4O-YIWPD","timestamp":"2026-02-13T07:49:49.789Z","operation":"ToolRegistry.registerTool","msg":"Registering tool: 'git_set_working_dir'"}
{"level":30,"time":1770968989789,"env":"development","version":"2.8.3","pid":41072,"toolName":"git_set_working_dir","requestId":"39U4O-YIWPD","timestamp":"2026-02-13T07:49:49.789Z","operation":"ToolRegistry.registerTool","msg":"Tool 'git_set_working_dir' registered successfully."}
{"level":20,"time":1770968989789,"env":"development","version":"2.8.3","pid":41072,"toolName":"git_show","requestId":"WYFX5-WWV4E","timestamp":"2026-02-13T07:49:49.789Z","operation":"ToolRegistry.registerTool","msg":"Registering tool: 'git_show'"}
{"level":30,"time":1770968989790,"env":"development","version":"2.8.3","pid":41072,"toolName":"git_show","requestId":"WYFX5-WWV4E","timestamp":"2026-02-13T07:49:49.789Z","operation":"ToolRegistry.registerTool","msg":"Tool 'git_show' registered successfully."}
{"level":20,"time":1770968989790,"env":"development","version":"2.8.3","pid":41072,"toolName":"git_stash","requestId":"TU7JC-MMA49","timestamp":"2026-02-13T07:49:49.790Z","operation":"ToolRegistry.registerTool","msg":"Registering tool: 'git_stash'"}
{"level":30,"time":1770968989790,"env":"development","version":"2.8.3","pid":41072,"toolName":"git_stash","requestId":"TU7JC-MMA49","timestamp":"2026-02-13T07:49:49.790Z","operation":"ToolRegistry.registerTool","msg":"Tool 'git_stash' registered successfully."}
{"level":20,"time":1770968989790,"env":"development","version":"2.8.3","pid":41072,"toolName":"git_status","requestId":"YY17X-X89V6","timestamp":"2026-02-13T07:49:49.790Z","operation":"ToolRegistry.registerTool","msg":"Registering tool: 'git_status'"}
{"level":30,"time":1770968989790,"env":"development","version":"2.8.3","pid":41072,"toolName":"git_status","requestId":"YY17X-X89V6","timestamp":"2026-02-13T07:49:49.790Z","operation":"ToolRegistry.registerTool","msg":"Tool 'git_status' registered successfully."}
{"level":20,"time":1770968989790,"env":"development","version":"2.8.3","pid":41072,"toolName":"git_tag","requestId":"BCB9X-L7T7G","timestamp":"2026-02-13T07:49:49.790Z","operation":"ToolRegistry.registerTool","msg":"Registering tool: 'git_tag'"}
{"level":30,"time":1770968989790,"env":"development","version":"2.8.3","pid":41072,"toolName":"git_tag","requestId":"BCB9X-L7T7G","timestamp":"2026-02-13T07:49:49.790Z","operation":"ToolRegistry.registerTool","msg":"Tool 'git_tag' registered successfully."}
{"level":20,"time":1770968989790,"env":"development","version":"2.8.3","pid":41072,"toolName":"git_worktree","requestId":"A70GF-IT09L","timestamp":"2026-02-13T07:49:49.790Z","operation":"ToolRegistry.registerTool","msg":"Registering tool: 'git_worktree'"}
{"level":30,"time":1770968989790,"env":"development","version":"2.8.3","pid":41072,"toolName":"git_worktree","requestId":"A70GF-IT09L","timestamp":"2026-02-13T07:49:49.790Z","operation":"ToolRegistry.registerTool","msg":"Tool 'git_worktree' registered successfully."}
{"level":20,"time":1770968989790,"env":"development","version":"2.8.3","pid":41072,"toolName":"git_wrapup_instructions","requestId":"8EBWA-J4LBX","timestamp":"2026-02-13T07:49:49.790Z","operation":"ToolRegistry.registerTool","msg":"Registering tool: 'git_wrapup_instructions'"}
{"level":30,"time":1770968989790,"env":"development","version":"2.8.3","pid":41072,"toolName":"git_wrapup_instructions","requestId":"8EBWA-J4LBX","timestamp":"2026-02-13T07:49:49.790Z","operation":"ToolRegistry.registerTool","msg":"Tool 'git_wrapup_instructions' registered successfully."}
{"level":30,"time":1770968989790,"env":"development","version":"2.8.3","pid":41072,"requestId":"1PJ86-MDGSS","timestamp":"2026-02-13T07:49:49.790Z","operation":"ResourceRegistry.registerAll","msg":"Registering 1 resource(s)..."}
{"level":30,"time":1770968989790,"env":"development","version":"2.8.3","pid":41072,"requestId":"ZE6B8-0BI8T","timestamp":"2026-02-13T07:49:49.790Z","resourceName":"git-working-directory","operation":"RegisterResource","msg":"Registering resource: 'git-working-directory'"}
{"level":30,"time":1770968989791,"env":"development","version":"2.8.3","pid":41072,"requestId":"ZE6B8-0BI8T","timestamp":"2026-02-13T07:49:49.790Z","resourceName":"git-working-directory","operation":"RegisterResource","msg":"Resource 'git-working-directory' registered successfully."}
{"level":20,"time":1770968989791,"env":"development","version":"2.8.3","pid":41072,"requestId":"ECOT3-N8NSS","timestamp":"2026-02-13T07:49:49.791Z","operation":"PromptRegistry.registerAll","msg":"Registering 1 prompts..."}
{"level":20,"time":1770968989791,"env":"development","version":"2.8.3","pid":41072,"requestId":"ECOT3-N8NSS","timestamp":"2026-02-13T07:49:49.791Z","operation":"PromptRegistry.registerAll","msg":"Registering prompt: git_wrapup"}
{"level":30,"time":1770968989791,"env":"development","version":"2.8.3","pid":41072,"requestId":"ECOT3-N8NSS","timestamp":"2026-02-13T07:49:49.791Z","operation":"PromptRegistry.registerAll","msg":"Registered prompt: git_wrapup"}
{"level":30,"time":1770968989791,"env":"development","version":"2.8.3","pid":41072,"requestId":"ECOT3-N8NSS","timestamp":"2026-02-13T07:49:49.791Z","operation":"PromptRegistry.registerAll","msg":"Successfully registered 1 prompts"}
{"level":30,"time":1770968989791,"env":"development","version":"2.8.3","pid":41072,"requestId":"FJ0SD-5DQIN","timestamp":"2026-02-13T07:49:49.781Z","operation":"createMcpServerInstance","msg":"All MCP capabilities registered successfully"}
{"level":30,"time":1770968989792,"env":"development","version":"2.8.3","pid":41072,"transport":"stdio","requestId":"RNDRY-YY3JC","timestamp":"2026-02-13T07:49:49.781Z","operation":"connectStdioTransport","transportType":"Stdio","msg":"Attempting to connect stdio transport..."}
{"level":20,"time":1770968989792,"env":"development","version":"2.8.3","pid":41072,"transport":"stdio","requestId":"RNDRY-YY3JC","timestamp":"2026-02-13T07:49:49.781Z","operation":"connectStdioTransport","transportType":"Stdio","msg":"Creating StdioServerTransport instance..."}
{"level":20,"time":1770968989792,"env":"development","version":"2.8.3","pid":41072,"transport":"stdio","requestId":"RNDRY-YY3JC","timestamp":"2026-02-13T07:49:49.781Z","operation":"connectStdioTransport","transportType":"Stdio","msg":"Connecting McpServer instance to StdioServerTransport..."}
{"level":30,"time":1770968989792,"env":"development","version":"2.8.3","pid":41072,"transport":"stdio","requestId":"RNDRY-YY3JC","timestamp":"2026-02-13T07:49:49.781Z","operation":"connectStdioTransport","transportType":"Stdio","msg":"MCP Server connected and listening via stdio transport."}
{"level":30,"time":1770968989792,"env":"development","version":"2.8.3","pid":41072,"applicationName":"@cyanheads/git-mcp-server","applicationVersion":"2.8.3","nodeEnvironment":"development","requestId":"SVGZS-II3SA","timestamp":"2026-02-13T07:49:49.781Z","operation":"ServerStartup","msg":"@cyanheads/git-mcp-server is now running and ready."}
{"level":30,"time":1771142375695,"env":"development","version":"2.8.4","pid":19856,"requestId":"8UUY6-RGUV4","timestamp":"2026-02-15T07:59:35.693Z","operation":"loggerInit","msg":"Logger initialized. MCP level: debug."}
{"level":30,"time":1771142375695,"env":"development","version":"2.8.4","pid":19856,"requestId":"XSBJ6-A8UW8","timestamp":"2026-02-15T07:59:35.695Z","operation":"LoggerInit","msg":"Logger initialized. Effective MCP logging level: debug."}
{"level":30,"time":1771142375695,"env":"development","version":"2.8.4","pid":19856,"runtime":"node","runtimeVersion":"Node.js 25.6.1","requestId":"Z6A5K-GIYT7","timestamp":"2026-02-15T07:59:35.695Z","operation":"RuntimeDetection","msg":"Runtime detected: Node.js 25.6.1"}
{"level":30,"time":1771142375695,"env":"development","version":"2.8.4","pid":19856,"requestId":"3E47I-UD22N","timestamp":"2026-02-15T07:59:35.695Z","operation":"StorageInit","msg":"Storage service initialized with provider: in-memory"}
{"level":30,"time":1771142375696,"env":"development","version":"2.8.4","pid":19856,"applicationName":"@cyanheads/git-mcp-server","applicationVersion":"2.8.4","nodeEnvironment":"development","requestId":"1T38L-EFH9N","timestamp":"2026-02-15T07:59:35.696Z","operation":"ServerStartup","msg":"Starting @cyanheads/git-mcp-server (v2.8.4)..."}
{"level":30,"time":1771142375696,"env":"development","version":"2.8.4","pid":19856,"transport":"stdio","requestId":"ZGFD8-XJ8MS","timestamp":"2026-02-15T07:59:35.696Z","operation":"TransportManager.start","msg":"Starting transport: stdio"}
{"level":30,"time":1771142375696,"env":"development","version":"2.8.4","pid":19856,"requestId":"FI2N4-PB64H","timestamp":"2026-02-15T07:59:35.696Z","operation":"createMcpServerInstance","msg":"Initializing MCP server instance"}
{"level":20,"time":1771142375696,"env":"development","version":"2.8.4","pid":19856,"requestId":"MU36H-HSAID","timestamp":"2026-02-15T07:59:35.696Z","newConfigState":{"appName":"@cyanheads/git-mcp-server","appVersion":"2.8.4","environment":"development"},"operation":"RequestContextService.configure","msg":"RequestContextService configuration updated"}
{"level":20,"time":1771142375699,"env":"development","version":"2.8.4","pid":19856,"requestId":"FI2N4-PB64H","timestamp":"2026-02-15T07:59:35.696Z","operation":"createMcpServerInstance","msg":"Registering all MCP capabilities via registries..."}
{"level":30,"time":1771142375700,"env":"development","version":"2.8.4","pid":19856,"requestId":"CCNYN-GJSZL","timestamp":"2026-02-15T07:59:35.700Z","operation":"ToolRegistry.registerAll","msg":"Registering 28 tool(s)..."}
{"level":20,"time":1771142375700,"env":"development","version":"2.8.4","pid":19856,"toolName":"git_add","requestId":"8DEMG-KPSWT","timestamp":"2026-02-15T07:59:35.700Z","operation":"ToolRegistry.registerTool","msg":"Registering tool: 'git_add'"}
{"level":30,"time":1771142375700,"env":"development","version":"2.8.4","pid":19856,"toolName":"git_add","requestId":"8DEMG-KPSWT","timestamp":"2026-02-15T07:59:35.700Z","operation":"ToolRegistry.registerTool","msg":"Tool 'git_add' registered successfully."}
{"level":20,"time":1771142375700,"env":"development","version":"2.8.4","pid":19856,"toolName":"git_blame","requestId":"KBSN1-99P5A","timestamp":"2026-02-15T07:59:35.700Z","operation":"ToolRegistry.registerTool","msg":"Registering tool: 'git_blame'"}
{"level":30,"time":1771142375700,"env":"development","version":"2.8.4","pid":19856,"toolName":"git_blame","requestId":"KBSN1-99P5A","timestamp":"2026-02-15T07:59:35.700Z","operation":"ToolRegistry.registerTool","msg":"Tool 'git_blame' registered successfully."}
{"level":20,"time":1771142375701,"env":"development","version":"2.8.4","pid":19856,"toolName":"git_branch","requestId":"KEN3Q-D5EW1","timestamp":"2026-02-15T07:59:35.701Z","operation":"ToolRegistry.registerTool","msg":"Registering tool: 'git_branch'"}
{"level":30,"time":1771142375701,"env":"development","version":"2.8.4","pid":19856,"toolName":"git_branch","requestId":"KEN3Q-D5EW1","timestamp":"2026-02-15T07:59:35.701Z","operation":"ToolRegistry.registerTool","msg":"Tool 'git_branch' registered successfully."}
{"level":20,"time":1771142375701,"env":"development","version":"2.8.4","pid":19856,"toolName":"git_changelog_analyze","requestId":"NBO68-NOGB1","timestamp":"2026-02-15T07:59:35.701Z","operation":"ToolRegistry.registerTool","msg":"Registering tool: 'git_changelog_analyze'"}
{"level":30,"time":1771142375701,"env":"development","version":"2.8.4","pid":19856,"toolName":"git_changelog_analyze","requestId":"NBO68-NOGB1","timestamp":"2026-02-15T07:59:35.701Z","operation":"ToolRegistry.registerTool","msg":"Tool 'git_changelog_analyze' registered successfully."}
{"level":20,"time":1771142375701,"env":"development","version":"2.8.4","pid":19856,"toolName":"git_checkout","requestId":"QT55P-ST29S","timestamp":"2026-02-15T07:59:35.701Z","operation":"ToolRegistry.registerTool","msg":"Registering tool: 'git_checkout'"}
{"level":30,"time":1771142375701,"env":"development","version":"2.8.4","pid":19856,"toolName":"git_checkout","requestId":"QT55P-ST29S","timestamp":"2026-02-15T07:59:35.701Z","operation":"ToolRegistry.registerTool","msg":"Tool 'git_checkout' registered successfully."}
{"level":20,"time":1771142375701,"env":"development","version":"2.8.4","pid":19856,"toolName":"git_cherry_pick","requestId":"0QHAK-AJKNY","timestamp":"2026-02-15T07:59:35.701Z","operation":"ToolRegistry.registerTool","msg":"Registering tool: 'git_cherry_pick'"}
{"level":30,"time":1771142375701,"env":"development","version":"2.8.4","pid":19856,"toolName":"git_cherry_pick","requestId":"0QHAK-AJKNY","timestamp":"2026-02-15T07:59:35.701Z","operation":"ToolRegistry.registerTool","msg":"Tool 'git_cherry_pick' registered successfully."}
{"level":20,"time":1771142375701,"env":"development","version":"2.8.4","pid":19856,"toolName":"git_clean","requestId":"RALHC-LFO5F","timestamp":"2026-02-15T07:59:35.701Z","operation":"ToolRegistry.registerTool","msg":"Registering tool: 'git_clean'"}
{"level":30,"time":1771142375701,"env":"development","version":"2.8.4","pid":19856,"toolName":"git_clean","requestId":"RALHC-LFO5F","timestamp":"2026-02-15T07:59:35.701Z","operation":"ToolRegistry.registerTool","msg":"Tool 'git_clean' registered successfully."}
{"level":20,"time":1771142375701,"env":"development","version":"2.8.4","pid":19856,"toolName":"git_clear_working_dir","requestId":"RNNAU-UGZYF","timestamp":"2026-02-15T07:59:35.701Z","operation":"ToolRegistry.registerTool","msg":"Registering tool: 'git_clear_working_dir'"}
{"level":30,"time":1771142375701,"env":"development","version":"2.8.4","pid":19856,"toolName":"git_clear_working_dir","requestId":"RNNAU-UGZYF","timestamp":"2026-02-15T07:59:35.701Z","operation":"ToolRegistry.registerTool","msg":"Tool 'git_clear_working_dir' registered successfully."}
{"level":20,"time":1771142375701,"env":"development","version":"2.8.4","pid":19856,"toolName":"git_clone","requestId":"R24ED-0XI8X","timestamp":"2026-02-15T07:59:35.701Z","operation":"ToolRegistry.registerTool","msg":"Registering tool: 'git_clone'"}
{"level":30,"time":1771142375701,"env":"development","version":"2.8.4","pid":19856,"toolName":"git_clone","requestId":"R24ED-0XI8X","timestamp":"2026-02-15T07:59:35.701Z","operation":"ToolRegistry.registerTool","msg":"Tool 'git_clone' registered successfully."}
{"level":20,"time":1771142375701,"env":"development","version":"2.8.4","pid":19856,"toolName":"git_commit","requestId":"IT699-2M76S","timestamp":"2026-02-15T07:59:35.701Z","operation":"ToolRegistry.registerTool","msg":"Registering tool: 'git_commit'"}
{"level":30,"time":1771142375701,"env":"development","version":"2.8.4","pid":19856,"toolName":"git_commit","requestId":"IT699-2M76S","timestamp":"2026-02-15T07:59:35.701Z","operation":"ToolRegistry.registerTool","msg":"Tool 'git_commit' registered successfully."}
{"level":20,"time":1771142375701,"env":"development","version":"2.8.4","pid":19856,"toolName":"git_diff","requestId":"K7VM4-Q8I2H","timestamp":"2026-02-15T07:59:35.701Z","operation":"ToolRegistry.registerTool","msg":"Registering tool: 'git_diff'"}
{"level":30,"time":1771142375702,"env":"development","version":"2.8.4","pid":19856,"toolName":"git_diff","requestId":"K7VM4-Q8I2H","timestamp":"2026-02-15T07:59:35.701Z","operation":"ToolRegistry.registerTool","msg":"Tool 'git_diff' registered successfully."}
{"level":20,"time":1771142375702,"env":"development","version":"2.8.4","pid":19856,"toolName":"git_fetch","requestId":"3C3J7-5FXDW","timestamp":"2026-02-15T07:59:35.702Z","operation":"ToolRegistry.registerTool","msg":"Registering tool: 'git_fetch'"}
{"level":30,"time":1771142375702,"env":"development","version":"2.8.4","pid":19856,"toolName":"git_fetch","requestId":"3C3J7-5FXDW","timestamp":"2026-02-15T07:59:35.702Z","operation":"ToolRegistry.registerTool","msg":"Tool 'git_fetch' registered successfully."}
{"level":20,"time":1771142375702,"env":"development","version":"2.8.4","pid":19856,"toolName":"git_init","requestId":"2EK07-HUHWW","timestamp":"2026-02-15T07:59:35.702Z","operation":"ToolRegistry.registerTool","msg":"Registering tool: 'git_init'"}
{"level":30,"time":1771142375702,"env":"development","version":"2.8.4","pid":19856,"toolName":"git_init","requestId":"2EK07-HUHWW","timestamp":"2026-02-15T07:59:35.702Z","operation":"ToolRegistry.registerTool","msg":"Tool 'git_init' registered successfully."}
{"level":20,"time":1771142375702,"env":"development","version":"2.8.4","pid":19856,"toolName":"git_log","requestId":"EMIU6-RF0LC","timestamp":"2026-02-15T07:59:35.702Z","operation":"ToolRegistry.registerTool","msg":"Registering tool: 'git_log'"}
{"level":30,"time":1771142375702,"env":"development","version":"2.8.4","pid":19856,"toolName":"git_log","requestId":"EMIU6-RF0LC","timestamp":"2026-02-15T07:59:35.702Z","operation":"ToolRegistry.registerTool","msg":"Tool 'git_log' registered successfully."}
{"level":20,"time":1771142375702,"env":"development","version":"2.8.4","pid":19856,"toolName":"git_merge","requestId":"CKW0T-OZSIC","timestamp":"2026-02-15T07:59:35.702Z","operation":"ToolRegistry.registerTool","msg":"Registering tool: 'git_merge'"}
{"level":30,"time":1771142375702,"env":"development","version":"2.8.4","pid":19856,"toolName":"git_merge","requestId":"CKW0T-OZSIC","timestamp":"2026-02-15T07:59:35.702Z","operation":"ToolRegistry.registerTool","msg":"Tool 'git_merge' registered successfully."}
{"level":20,"time":1771142375702,"env":"development","version":"2.8.4","pid":19856,"toolName":"git_pull","requestId":"3H73N-U4YVG","timestamp":"2026-02-15T07:59:35.702Z","operation":"ToolRegistry.registerTool","msg":"Registering tool: 'git_pull'"}
{"level":30,"time":1771142375702,"env":"development","version":"2.8.4","pid":19856,"toolName":"git_pull","requestId":"3H73N-U4YVG","timestamp":"2026-02-15T07:59:35.702Z","operation":"ToolRegistry.registerTool","msg":"Tool 'git_pull' registered successfully."}
{"level":20,"time":1771142375702,"env":"development","version":"2.8.4","pid":19856,"toolName":"git_push","requestId":"PF69S-RA1KY","timestamp":"2026-02-15T07:59:35.702Z","operation":"ToolRegistry.registerTool","msg":"Registering tool: 'git_push'"}
{"level":30,"time":1771142375702,"env":"development","version":"2.8.4","pid":19856,"toolName":"git_push","requestId":"PF69S-RA1KY","timestamp":"2026-02-15T07:59:35.702Z","operation":"ToolRegistry.registerTool","msg":"Tool 'git_push' registered successfully."}
{"level":20,"time":1771142375702,"env":"development","version":"2.8.4","pid":19856,"toolName":"git_rebase","requestId":"DP6GJ-FAD76","timestamp":"2026-02-15T07:59:35.702Z","operation":"ToolRegistry.registerTool","msg":"Registering tool: 'git_rebase'"}
{"level":30,"time":1771142375702,"env":"development","version":"2.8.4","pid":19856,"toolName":"git_rebase","requestId":"DP6GJ-FAD76","timestamp":"2026-02-15T07:59:35.702Z","operation":"ToolRegistry.registerTool","msg":"Tool 'git_rebase' registered successfully."}
{"level":20,"time":1771142375702,"env":"development","version":"2.8.4","pid":19856,"toolName":"git_reflog","requestId":"MO0YL-11UYP","timestamp":"2026-02-15T07:59:35.702Z","operation":"ToolRegistry.registerTool","msg":"Registering tool: 'git_reflog'"}
{"level":30,"time":1771142375702,"env":"development","version":"2.8.4","pid":19856,"toolName":"git_reflog","requestId":"MO0YL-11UYP","timestamp":"2026-02-15T07:59:35.702Z","operation":"ToolRegistry.registerTool","msg":"Tool 'git_reflog' registered successfully."}
{"level":20,"time":1771142375702,"env":"development","version":"2.8.4","pid":19856,"toolName":"git_remote","requestId":"FG7R4-N7OZU","timestamp":"2026-02-15T07:59:35.702Z","operation":"ToolRegistry.registerTool","msg":"Registering tool: 'git_remote'"}
{"level":30,"time":1771142375702,"env":"development","version":"2.8.4","pid":19856,"toolName":"git_remote","requestId":"FG7R4-N7OZU","timestamp":"2026-02-15T07:59:35.702Z","operation":"ToolRegistry.registerTool","msg":"Tool 'git_remote' registered successfully."}
{"level":20,"time":1771142375702,"env":"development","version":"2.8.4","pid":19856,"toolName":"git_reset","requestId":"MCSQ3-VM7BK","timestamp":"2026-02-15T07:59:35.702Z","operation":"ToolRegistry.registerTool","msg":"Registering tool: 'git_reset'"}
{"level":30,"time":1771142375702,"env":"development","version":"2.8.4","pid":19856,"toolName":"git_reset","requestId":"MCSQ3-VM7BK","timestamp":"2026-02-15T07:59:35.702Z","operation":"ToolRegistry.registerTool","msg":"Tool 'git_reset' registered successfully."}
{"level":20,"time":1771142375702,"env":"development","version":"2.8.4","pid":19856,"toolName":"git_set_working_dir","requestId":"I8XA1-945J2","timestamp":"2026-02-15T07:59:35.702Z","operation":"ToolRegistry.registerTool","msg":"Registering tool: 'git_set_working_dir'"}
{"level":30,"time":1771142375702,"env":"development","version":"2.8.4","pid":19856,"toolName":"git_set_working_dir","requestId":"I8XA1-945J2","timestamp":"2026-02-15T07:59:35.702Z","operation":"ToolRegistry.registerTool","msg":"Tool 'git_set_working_dir' registered successfully."}
{"level":20,"time":1771142375702,"env":"development","version":"2.8.4","pid":19856,"toolName":"git_show","requestId":"B61TA-WZDTO","timestamp":"2026-02-15T07:59:35.702Z","operation":"ToolRegistry.registerTool","msg":"Registering tool: 'git_show'"}
{"level":30,"time":1771142375703,"env":"development","version":"2.8.4","pid":19856,"toolName":"git_show","requestId":"B61TA-WZDTO","timestamp":"2026-02-15T07:59:35.702Z","operation":"ToolRegistry.registerTool","msg":"Tool 'git_show' registered successfully."}
{"level":20,"time":1771142375703,"env":"development","version":"2.8.4","pid":19856,"toolName":"git_stash","requestId":"86C9W-Y69BW","timestamp":"2026-02-15T07:59:35.703Z","operation":"ToolRegistry.registerTool","msg":"Registering tool: 'git_stash'"}
{"level":30,"time":1771142375703,"env":"development","version":"2.8.4","pid":19856,"toolName":"git_stash","requestId":"86C9W-Y69BW","timestamp":"2026-02-15T07:59:35.703Z","operation":"ToolRegistry.registerTool","msg":"Tool 'git_stash' registered successfully."}
{"level":20,"time":1771142375703,"env":"development","version":"2.8.4","pid":19856,"toolName":"git_status","requestId":"42NQT-03GQ2","timestamp":"2026-02-15T07:59:35.703Z","operation":"ToolRegistry.registerTool","msg":"Registering tool: 'git_status'"}
{"level":30,"time":1771142375703,"env":"development","version":"2.8.4","pid":19856,"toolName":"git_status","requestId":"42NQT-03GQ2","timestamp":"2026-02-15T07:59:35.703Z","operation":"ToolRegistry.registerTool","msg":"Tool 'git_status' registered successfully."}
{"level":20,"time":1771142375703,"env":"development","version":"2.8.4","pid":19856,"toolName":"git_tag","requestId":"VXWMG-DCEP9","timestamp":"2026-02-15T07:59:35.703Z","operation":"ToolRegistry.registerTool","msg":"Registering tool: 'git_tag'"}
{"level":30,"time":1771142375703,"env":"development","version":"2.8.4","pid":19856,"toolName":"git_tag","requestId":"VXWMG-DCEP9","timestamp":"2026-02-15T07:59:35.703Z","operation":"ToolRegistry.registerTool","msg":"Tool 'git_tag' registered successfully."}
{"level":20,"time":1771142375703,"env":"development","version":"2.8.4","pid":19856,"toolName":"git_worktree","requestId":"YR4PW-JJYJT","timestamp":"2026-02-15T07:59:35.703Z","operation":"ToolRegistry.registerTool","msg":"Registering tool: 'git_worktree'"}
{"level":30,"time":1771142375703,"env":"development","version":"2.8.4","pid":19856,"toolName":"git_worktree","requestId":"YR4PW-JJYJT","timestamp":"2026-02-15T07:59:35.703Z","operation":"ToolRegistry.registerTool","msg":"Tool 'git_worktree' registered successfully."}
{"level":20,"time":1771142375703,"env":"development","version":"2.8.4","pid":19856,"toolName":"git_wrapup_instructions","requestId":"LO0JJ-E7PIE","timestamp":"2026-02-15T07:59:35.703Z","operation":"ToolRegistry.registerTool","msg":"Registering tool: 'git_wrapup_instructions'"}
{"level":30,"time":1771142375703,"env":"development","version":"2.8.4","pid":19856,"toolName":"git_wrapup_instructions","requestId":"LO0JJ-E7PIE","timestamp":"2026-02-15T07:59:35.703Z","operation":"ToolRegistry.registerTool","msg":"Tool 'git_wrapup_instructions' registered successfully."}
{"level":30,"time":1771142375703,"env":"development","version":"2.8.4","pid":19856,"requestId":"6313P-AJCNO","timestamp":"2026-02-15T07:59:35.703Z","operation":"ResourceRegistry.registerAll","msg":"Registering 1 resource(s)..."}
{"level":30,"time":1771142375703,"env":"development","version":"2.8.4","pid":19856,"requestId":"MHPWQ-RNC6I","timestamp":"2026-02-15T07:59:35.703Z","resourceName":"git-working-directory","operation":"RegisterResource","msg":"Registering resource: 'git-working-directory'"}
{"level":30,"time":1771142375704,"env":"development","version":"2.8.4","pid":19856,"requestId":"MHPWQ-RNC6I","timestamp":"2026-02-15T07:59:35.703Z","resourceName":"git-working-directory","operation":"RegisterResource","msg":"Resource 'git-working-directory' registered successfully."}
{"level":20,"time":1771142375704,"env":"development","version":"2.8.4","pid":19856,"requestId":"VSZ3Y-Q3VGR","timestamp":"2026-02-15T07:59:35.704Z","operation":"PromptRegistry.registerAll","msg":"Registering 1 prompts..."}
{"level":20,"time":1771142375704,"env":"development","version":"2.8.4","pid":19856,"requestId":"VSZ3Y-Q3VGR","timestamp":"2026-02-15T07:59:35.704Z","operation":"PromptRegistry.registerAll","msg":"Registering prompt: git_wrapup"}
{"level":30,"time":1771142375705,"env":"development","version":"2.8.4","pid":19856,"requestId":"VSZ3Y-Q3VGR","timestamp":"2026-02-15T07:59:35.704Z","operation":"PromptRegistry.registerAll","msg":"Registered prompt: git_wrapup"}
{"level":30,"time":1771142375705,"env":"development","version":"2.8.4","pid":19856,"requestId":"VSZ3Y-Q3VGR","timestamp":"2026-02-15T07:59:35.704Z","operation":"PromptRegistry.registerAll","msg":"Successfully registered 1 prompts"}
{"level":30,"time":1771142375705,"env":"development","version":"2.8.4","pid":19856,"requestId":"FI2N4-PB64H","timestamp":"2026-02-15T07:59:35.696Z","operation":"createMcpServerInstance","msg":"All MCP capabilities registered successfully"}
{"level":30,"time":1771142375705,"env":"development","version":"2.8.4","pid":19856,"transport":"stdio","requestId":"ZGFD8-XJ8MS","timestamp":"2026-02-15T07:59:35.696Z","operation":"connectStdioTransport","transportType":"Stdio","msg":"Attempting to connect stdio transport..."}
{"level":20,"time":1771142375705,"env":"development","version":"2.8.4","pid":19856,"transport":"stdio","requestId":"ZGFD8-XJ8MS","timestamp":"2026-02-15T07:59:35.696Z","operation":"connectStdioTransport","transportType":"Stdio","msg":"Creating StdioServerTransport instance..."}
{"level":20,"time":1771142375705,"env":"development","version":"2.8.4","pid":19856,"transport":"stdio","requestId":"ZGFD8-XJ8MS","timestamp":"2026-02-15T07:59:35.696Z","operation":"connectStdioTransport","transportType":"Stdio","msg":"Connecting McpServer instance to StdioServerTransport..."}
{"level":30,"time":1771142375705,"env":"development","version":"2.8.4","pid":19856,"transport":"stdio","requestId":"ZGFD8-XJ8MS","timestamp":"2026-02-15T07:59:35.696Z","operation":"connectStdioTransport","transportType":"Stdio","msg":"MCP Server connected and listening via stdio transport."}
{"level":30,"time":1771142375705,"env":"development","version":"2.8.4","pid":19856,"applicationName":"@cyanheads/git-mcp-server","applicationVersion":"2.8.4","nodeEnvironment":"development","requestId":"1T38L-EFH9N","timestamp":"2026-02-15T07:59:35.696Z","operation":"ServerStartup","msg":"@cyanheads/git-mcp-server is now running and ready."}
{"level":60,"time":1771142375721,"env":"development","version":"2.8.4","pid":19856,"applicationName":"@cyanheads/git-mcp-server","applicationVersion":"2.8.4","nodeEnvironment":"development","requestId":"1T38L-EFH9N","timestamp":"2026-02-15T07:59:35.696Z","operation":"ServerStartup","err":{"type":"Object","message":"EPIPE: broken pipe, write","stack":"Error: EPIPE: broken pipe, write\n    at Socket._write (node:internal/net:75:18)\n    at writeOrBuffer (node:internal/streams/writable:570:12)\n    at _write (node:internal/streams/writable:499:10)\n    at Writable.write (node:internal/streams/writable:508:10)\n    at file:///C:/Users/cotal/AppData/Local/npm-cache/_npx/28a7655f837f2293/node_modules/@cyanheads/git-mcp-server/dist/index.js:202499:24\n    at new Promise (<anonymous>)\n    at StdioServerTransport.send (file:///C:/Users/cotal/AppData/Local/npm-cache/_npx/28a7655f837f2293/node_modules/@cyanheads/git-mcp-server/dist/index.js:202497:12)\n    at Promise.resolve.then.then.then.errorResponse.jsonrpc (file:///C:/Users/cotal/AppData/Local/npm-cache/_npx/28a7655f837f2293/node_modules/@cyanheads/git-mcp-server/dist/index.js:191611:34)\n    at process.processTicksAndRejections (node:internal/process/task_queues:104:5)","errno":-4047,"syscall":"write","code":"EPIPE"},"msg":"FATAL: Uncaught exception detected."}
{"level":30,"time":1771142375770,"env":"development","version":"2.8.4","pid":19856,"triggerEvent":"uncaughtException","requestId":"GPXET-BIWEN","timestamp":"2026-02-15T07:59:35.770Z","operation":"ServerShutdown","msg":"Received uncaughtException. Initiating graceful shutdown..."}
{"level":30,"time":1771142375770,"env":"development","version":"2.8.4","pid":19856,"signal":"uncaughtException","requestId":"5Q8UT-42CB7","timestamp":"2026-02-15T07:59:35.770Z","operation":"stopStdioTransport","transportType":"Stdio","msg":"Attempting to stop stdio transport..."}
{"level":30,"time":1771142375771,"env":"development","version":"2.8.4","pid":19856,"signal":"uncaughtException","requestId":"5Q8UT-42CB7","timestamp":"2026-02-15T07:59:35.770Z","operation":"stopStdioTransport","transportType":"Stdio","msg":"Stdio transport stopped successfully."}
{"level":30,"time":1771142375771,"env":"development","version":"2.8.4","pid":19856,"triggerEvent":"uncaughtException","requestId":"GPXET-BIWEN","timestamp":"2026-02-15T07:59:35.770Z","operation":"ServerShutdown","msg":"Graceful shutdown completed successfully. Exiting."}
{"level":30,"time":1771142375771,"env":"development","version":"2.8.4","pid":19856,"requestId":"KJU9C-QVW96","timestamp":"2026-02-15T07:59:35.771Z","operation":"loggerClose","msg":"Logger shutting down."}
{"level":30,"time":1771142375968,"env":"development","version":"2.8.4","pid":29764,"requestId":"PLIYH-UR6EL","timestamp":"2026-02-15T07:59:35.966Z","operation":"loggerInit","msg":"Logger initialized. MCP level: debug."}
{"level":30,"time":1771142375968,"env":"development","version":"2.8.4","pid":29764,"requestId":"5II0W-7UZQ1","timestamp":"2026-02-15T07:59:35.968Z","operation":"LoggerInit","msg":"Logger initialized. Effective MCP logging level: debug."}
{"level":30,"time":1771142375969,"env":"development","version":"2.8.4","pid":29764,"runtime":"node","runtimeVersion":"Node.js 25.6.1","requestId":"ZC5QJ-3JL6M","timestamp":"2026-02-15T07:59:35.969Z","operation":"RuntimeDetection","msg":"Runtime detected: Node.js 25.6.1"}
{"level":30,"time":1771142375969,"env":"development","version":"2.8.4","pid":29764,"requestId":"U683A-TVHRT","timestamp":"2026-02-15T07:59:35.969Z","operation":"StorageInit","msg":"Storage service initialized with provider: in-memory"}
{"level":30,"time":1771142375969,"env":"development","version":"2.8.4","pid":29764,"applicationName":"@cyanheads/git-mcp-server","applicationVersion":"2.8.4","nodeEnvironment":"development","requestId":"BXTY9-90OBM","timestamp":"2026-02-15T07:59:35.969Z","operation":"ServerStartup","msg":"Starting @cyanheads/git-mcp-server (v2.8.4)..."}
{"level":30,"time":1771142375969,"env":"development","version":"2.8.4","pid":29764,"transport":"stdio","requestId":"IPVZM-UBLK7","timestamp":"2026-02-15T07:59:35.969Z","operation":"TransportManager.start","msg":"Starting transport: stdio"}
{"level":30,"time":1771142375969,"env":"development","version":"2.8.4","pid":29764,"requestId":"WCR8L-XF8K0","timestamp":"2026-02-15T07:59:35.969Z","operation":"createMcpServerInstance","msg":"Initializing MCP server instance"}
{"level":20,"time":1771142375970,"env":"development","version":"2.8.4","pid":29764,"requestId":"LW76B-KFBFA","timestamp":"2026-02-15T07:59:35.969Z","newConfigState":{"appName":"@cyanheads/git-mcp-server","appVersion":"2.8.4","environment":"development"},"operation":"RequestContextService.configure","msg":"RequestContextService configuration updated"}
{"level":20,"time":1771142375973,"env":"development","version":"2.8.4","pid":29764,"requestId":"WCR8L-XF8K0","timestamp":"2026-02-15T07:59:35.969Z","operation":"createMcpServerInstance","msg":"Registering all MCP capabilities via registries..."}
{"level":30,"time":1771142375973,"env":"development","version":"2.8.4","pid":29764,"requestId":"KW0V0-YET4J","timestamp":"2026-02-15T07:59:35.973Z","operation":"ToolRegistry.registerAll","msg":"Registering 28 tool(s)..."}
{"level":20,"time":1771142375973,"env":"development","version":"2.8.4","pid":29764,"toolName":"git_add","requestId":"2WFJT-1MFRK","timestamp":"2026-02-15T07:59:35.973Z","operation":"ToolRegistry.registerTool","msg":"Registering tool: 'git_add'"}
{"level":30,"time":1771142375974,"env":"development","version":"2.8.4","pid":29764,"toolName":"git_add","requestId":"2WFJT-1MFRK","timestamp":"2026-02-15T07:59:35.973Z","operation":"ToolRegistry.registerTool","msg":"Tool 'git_add' registered successfully."}
{"level":20,"time":1771142375974,"env":"development","version":"2.8.4","pid":29764,"toolName":"git_blame","requestId":"LOVOD-GIW4K","timestamp":"2026-02-15T07:59:35.974Z","operation":"ToolRegistry.registerTool","msg":"Registering tool: 'git_blame'"}
{"level":30,"time":1771142375974,"env":"development","version":"2.8.4","pid":29764,"toolName":"git_blame","requestId":"LOVOD-GIW4K","timestamp":"2026-02-15T07:59:35.974Z","operation":"ToolRegistry.registerTool","msg":"Tool 'git_blame' registered successfully."}
{"level":20,"time":1771142375974,"env":"development","version":"2.8.4","pid":29764,"toolName":"git_branch","requestId":"TCPST-RGDD0","timestamp":"2026-02-15T07:59:35.974Z","operation":"ToolRegistry.registerTool","msg":"Registering tool: 'git_branch'"}
{"level":30,"time":1771142375974,"env":"development","version":"2.8.4","pid":29764,"toolName":"git_branch","requestId":"TCPST-RGDD0","timestamp":"2026-02-15T07:59:35.974Z","operation":"ToolRegistry.registerTool","msg":"Tool 'git_branch' registered successfully."}
{"level":20,"time":1771142375974,"env":"development","version":"2.8.4","pid":29764,"toolName":"git_changelog_analyze","requestId":"3RJ4A-1OGFU","timestamp":"2026-02-15T07:59:35.974Z","operation":"ToolRegistry.registerTool","msg":"Registering tool: 'git_changelog_analyze'"}
{"level":30,"time":1771142375974,"env":"development","version":"2.8.4","pid":29764,"toolName":"git_changelog_analyze","requestId":"3RJ4A-1OGFU","timestamp":"2026-02-15T07:59:35.974Z","operation":"ToolRegistry.registerTool","msg":"Tool 'git_changelog_analyze' registered successfully."}
{"level":20,"time":1771142375974,"env":"development","version":"2.8.4","pid":29764,"toolName":"git_checkout","requestId":"ZOFNX-DMFNH","timestamp":"2026-02-15T07:59:35.974Z","operation":"ToolRegistry.registerTool","msg":"Registering tool: 'git_checkout'"}
{"level":30,"time":1771142375974,"env":"development","version":"2.8.4","pid":29764,"toolName":"git_checkout","requestId":"ZOFNX-DMFNH","timestamp":"2026-02-15T07:59:35.974Z","operation":"ToolRegistry.registerTool","msg":"Tool 'git_checkout' registered successfully."}
{"level":20,"time":1771142375974,"env":"development","version":"2.8.4","pid":29764,"toolName":"git_cherry_pick","requestId":"KGACW-TW3Y7","timestamp":"2026-02-15T07:59:35.974Z","operation":"ToolRegistry.registerTool","msg":"Registering tool: 'git_cherry_pick'"}
{"level":30,"time":1771142375974,"env":"development","version":"2.8.4","pid":29764,"toolName":"git_cherry_pick","requestId":"KGACW-TW3Y7","timestamp":"2026-02-15T07:59:35.974Z","operation":"ToolRegistry.registerTool","msg":"Tool 'git_cherry_pick' registered successfully."}
{"level":20,"time":1771142375974,"env":"development","version":"2.8.4","pid":29764,"toolName":"git_clean","requestId":"KZDQU-O2ZGO","timestamp":"2026-02-15T07:59:35.974Z","operation":"ToolRegistry.registerTool","msg":"Registering tool: 'git_clean'"}
{"level":30,"time":1771142375974,"env":"development","version":"2.8.4","pid":29764,"toolName":"git_clean","requestId":"KZDQU-O2ZGO","timestamp":"2026-02-15T07:59:35.974Z","operation":"ToolRegistry.registerTool","msg":"Tool 'git_clean' registered successfully."}
{"level":20,"time":1771142375974,"env":"development","version":"2.8.4","pid":29764,"toolName":"git_clear_working_dir","requestId":"9IYWP-U9KMV","timestamp":"2026-02-15T07:59:35.974Z","operation":"ToolRegistry.registerTool","msg":"Registering tool: 'git_clear_working_dir'"}
{"level":30,"time":1771142375974,"env":"development","version":"2.8.4","pid":29764,"toolName":"git_clear_working_dir","requestId":"9IYWP-U9KMV","timestamp":"2026-02-15T07:59:35.974Z","operation":"ToolRegistry.registerTool","msg":"Tool 'git_clear_working_dir' registered successfully."}
{"level":20,"time":1771142375974,"env":"development","version":"2.8.4","pid":29764,"toolName":"git_clone","requestId":"R1J3M-R466S","timestamp":"2026-02-15T07:59:35.974Z","operation":"ToolRegistry.registerTool","msg":"Registering tool: 'git_clone'"}
{"level":30,"time":1771142375974,"env":"development","version":"2.8.4","pid":29764,"toolName":"git_clone","requestId":"R1J3M-R466S","timestamp":"2026-02-15T07:59:35.974Z","operation":"ToolRegistry.registerTool","msg":"Tool 'git_clone' registered successfully."}
{"level":20,"time":1771142375974,"env":"development","version":"2.8.4","pid":29764,"toolName":"git_commit","requestId":"A2VSX-27WU8","timestamp":"2026-02-15T07:59:35.974Z","operation":"ToolRegistry.registerTool","msg":"Registering tool: 'git_commit'"}
{"level":30,"time":1771142375974,"env":"development","version":"2.8.4","pid":29764,"toolName":"git_commit","requestId":"A2VSX-27WU8","timestamp":"2026-02-15T07:59:35.974Z","operation":"ToolRegistry.registerTool","msg":"Tool 'git_commit' registered successfully."}
{"level":20,"time":1771142375974,"env":"development","version":"2.8.4","pid":29764,"toolName":"git_diff","requestId":"7X6OV-5O11P","timestamp":"2026-02-15T07:59:35.974Z","operation":"ToolRegistry.registerTool","msg":"Registering tool: 'git_diff'"}
{"level":30,"time":1771142375974,"env":"development","version":"2.8.4","pid":29764,"toolName":"git_diff","requestId":"7X6OV-5O11P","timestamp":"2026-02-15T07:59:35.974Z","operation":"ToolRegistry.registerTool","msg":"Tool 'git_diff' registered successfully."}
{"level":20,"time":1771142375974,"env":"development","version":"2.8.4","pid":29764,"toolName":"git_fetch","requestId":"IAQ5W-81PWA","timestamp":"2026-02-15T07:59:35.974Z","operation":"ToolRegistry.registerTool","msg":"Registering tool: 'git_fetch'"}
{"level":30,"time":1771142375974,"env":"development","version":"2.8.4","pid":29764,"toolName":"git_fetch","requestId":"IAQ5W-81PWA","timestamp":"2026-02-15T07:59:35.974Z","operation":"ToolRegistry.registerTool","msg":"Tool 'git_fetch' registered successfully."}
{"level":20,"time":1771142375975,"env":"development","version":"2.8.4","pid":29764,"toolName":"git_init","requestId":"ZWP7Q-SQ8G7","timestamp":"2026-02-15T07:59:35.974Z","operation":"ToolRegistry.registerTool","msg":"Registering tool: 'git_init'"}
{"level":30,"time":1771142375975,"env":"development","version":"2.8.4","pid":29764,"toolName":"git_init","requestId":"ZWP7Q-SQ8G7","timestamp":"2026-02-15T07:59:35.974Z","operation":"ToolRegistry.registerTool","msg":"Tool 'git_init' registered successfully."}
{"level":20,"time":1771142375975,"env":"development","version":"2.8.4","pid":29764,"toolName":"git_log","requestId":"KMNML-UJKSH","timestamp":"2026-02-15T07:59:35.975Z","operation":"ToolRegistry.registerTool","msg":"Registering tool: 'git_log'"}
{"level":30,"time":1771142375975,"env":"development","version":"2.8.4","pid":29764,"toolName":"git_log","requestId":"KMNML-UJKSH","timestamp":"2026-02-15T07:59:35.975Z","operation":"ToolRegistry.registerTool","msg":"Tool 'git_log' registered successfully."}
{"level":20,"time":1771142375975,"env":"development","version":"2.8.4","pid":29764,"toolName":"git_merge","requestId":"7DMT5-X43PC","timestamp":"2026-02-15T07:59:35.975Z","operation":"ToolRegistry.registerTool","msg":"Registering tool: 'git_merge'"}
{"level":30,"time":1771142375975,"env":"development","version":"2.8.4","pid":29764,"toolName":"git_merge","requestId":"7DMT5-X43PC","timestamp":"2026-02-15T07:59:35.975Z","operation":"ToolRegistry.registerTool","msg":"Tool 'git_merge' registered successfully."}
{"level":20,"time":1771142375975,"env":"development","version":"2.8.4","pid":29764,"toolName":"git_pull","requestId":"TYGZ7-8HANZ","timestamp":"2026-02-15T07:59:35.975Z","operation":"ToolRegistry.registerTool","msg":"Registering tool: 'git_pull'"}
{"level":30,"time":1771142375975,"env":"development","version":"2.8.4","pid":29764,"toolName":"git_pull","requestId":"TYGZ7-8HANZ","timestamp":"2026-02-15T07:59:35.975Z","operation":"ToolRegistry.registerTool","msg":"Tool 'git_pull' registered successfully."}
{"level":20,"time":1771142375975,"env":"development","version":"2.8.4","pid":29764,"toolName":"git_push","requestId":"YDIV6-58A5T","timestamp":"2026-02-15T07:59:35.975Z","operation":"ToolRegistry.registerTool","msg":"Registering tool: 'git_push'"}
{"level":30,"time":1771142375975,"env":"development","version":"2.8.4","pid":29764,"toolName":"git_push","requestId":"YDIV6-58A5T","timestamp":"2026-02-15T07:59:35.975Z","operation":"ToolRegistry.registerTool","msg":"Tool 'git_push' registered successfully."}
{"level":20,"time":1771142375975,"env":"development","version":"2.8.4","pid":29764,"toolName":"git_rebase","requestId":"76THG-EJK8X","timestamp":"2026-02-15T07:59:35.975Z","operation":"ToolRegistry.registerTool","msg":"Registering tool: 'git_rebase'"}
{"level":30,"time":1771142375975,"env":"development","version":"2.8.4","pid":29764,"toolName":"git_rebase","requestId":"76THG-EJK8X","timestamp":"2026-02-15T07:59:35.975Z","operation":"ToolRegistry.registerTool","msg":"Tool 'git_rebase' registered successfully."}
{"level":20,"time":1771142375975,"env":"development","version":"2.8.4","pid":29764,"toolName":"git_reflog","requestId":"VXUUR-ZG4RY","timestamp":"2026-02-15T07:59:35.975Z","operation":"ToolRegistry.registerTool","msg":"Registering tool: 'git_reflog'"}
{"level":30,"time":1771142375975,"env":"development","version":"2.8.4","pid":29764,"toolName":"git_reflog","requestId":"VXUUR-ZG4RY","timestamp":"2026-02-15T07:59:35.975Z","operation":"ToolRegistry.registerTool","msg":"Tool 'git_reflog' registered successfully."}
{"level":20,"time":1771142375975,"env":"development","version":"2.8.4","pid":29764,"toolName":"git_remote","requestId":"EJLR5-LXR3T","timestamp":"2026-02-15T07:59:35.975Z","operation":"ToolRegistry.registerTool","msg":"Registering tool: 'git_remote'"}
{"level":30,"time":1771142375975,"env":"development","version":"2.8.4","pid":29764,"toolName":"git_remote","requestId":"EJLR5-LXR3T","timestamp":"2026-02-15T07:59:35.975Z","operation":"ToolRegistry.registerTool","msg":"Tool 'git_remote' registered successfully."}
{"level":20,"time":1771142375975,"env":"development","version":"2.8.4","pid":29764,"toolName":"git_reset","requestId":"531S8-L9Y03","timestamp":"2026-02-15T07:59:35.975Z","operation":"ToolRegistry.registerTool","msg":"Registering tool: 'git_reset'"}
{"level":30,"time":1771142375975,"env":"development","version":"2.8.4","pid":29764,"toolName":"git_reset","requestId":"531S8-L9Y03","timestamp":"2026-02-15T07:59:35.975Z","operation":"ToolRegistry.registerTool","msg":"Tool 'git_reset' registered successfully."}
{"level":20,"time":1771142375975,"env":"development","version":"2.8.4","pid":29764,"toolName":"git_set_working_dir","requestId":"HY6AT-JTDED","timestamp":"2026-02-15T07:59:35.975Z","operation":"ToolRegistry.registerTool","msg":"Registering tool: 'git_set_working_dir'"}
{"level":30,"time":1771142375975,"env":"development","version":"2.8.4","pid":29764,"toolName":"git_set_working_dir","requestId":"HY6AT-JTDED","timestamp":"2026-02-15T07:59:35.975Z","operation":"ToolRegistry.registerTool","msg":"Tool 'git_set_working_dir' registered successfully."}
{"level":20,"time":1771142375975,"env":"development","version":"2.8.4","pid":29764,"toolName":"git_show","requestId":"U3KEA-SV1MR","timestamp":"2026-02-15T07:59:35.975Z","operation":"ToolRegistry.registerTool","msg":"Registering tool: 'git_show'"}
{"level":30,"time":1771142375975,"env":"development","version":"2.8.4","pid":29764,"toolName":"git_show","requestId":"U3KEA-SV1MR","timestamp":"2026-02-15T07:59:35.975Z","operation":"ToolRegistry.registerTool","msg":"Tool 'git_show' registered successfully."}
{"level":20,"time":1771142375975,"env":"development","version":"2.8.4","pid":29764,"toolName":"git_stash","requestId":"8JDN7-Z59MT","timestamp":"2026-02-15T07:59:35.975Z","operation":"ToolRegistry.registerTool","msg":"Registering tool: 'git_stash'"}
{"level":30,"time":1771142375975,"env":"development","version":"2.8.4","pid":29764,"toolName":"git_stash","requestId":"8JDN7-Z59MT","timestamp":"2026-02-15T07:59:35.975Z","operation":"ToolRegistry.registerTool","msg":"Tool 'git_stash' registered successfully."}
{"level":20,"time":1771142375975,"env":"development","version":"2.8.4","pid":29764,"toolName":"git_status","requestId":"40DG2-BV1VP","timestamp":"2026-02-15T07:59:35.975Z","operation":"ToolRegistry.registerTool","msg":"Registering tool: 'git_status'"}
{"level":30,"time":1771142375975,"env":"development","version":"2.8.4","pid":29764,"toolName":"git_status","requestId":"40DG2-BV1VP","timestamp":"2026-02-15T07:59:35.975Z","operation":"ToolRegistry.registerTool","msg":"Tool 'git_status' registered successfully."}
{"level":20,"time":1771142375975,"env":"development","version":"2.8.4","pid":29764,"toolName":"git_tag","requestId":"36ZP4-JJXIG","timestamp":"2026-02-15T07:59:35.975Z","operation":"ToolRegistry.registerTool","msg":"Registering tool: 'git_tag'"}
{"level":30,"time":1771142375975,"env":"development","version":"2.8.4","pid":29764,"toolName":"git_tag","requestId":"36ZP4-JJXIG","timestamp":"2026-02-15T07:59:35.975Z","operation":"ToolRegistry.registerTool","msg":"Tool 'git_tag' registered successfully."}
{"level":20,"time":1771142375975,"env":"development","version":"2.8.4","pid":29764,"toolName":"git_worktree","requestId":"OY4JZ-OF17N","timestamp":"2026-02-15T07:59:35.975Z","operation":"ToolRegistry.registerTool","msg":"Registering tool: 'git_worktree'"}
{"level":30,"time":1771142375975,"env":"development","version":"2.8.4","pid":29764,"toolName":"git_worktree","requestId":"OY4JZ-OF17N","timestamp":"2026-02-15T07:59:35.975Z","operation":"ToolRegistry.registerTool","msg":"Tool 'git_worktree' registered successfully."}
{"level":20,"time":1771142375975,"env":"development","version":"2.8.4","pid":29764,"toolName":"git_wrapup_instructions","requestId":"JEW85-7Y2WA","timestamp":"2026-02-15T07:59:35.975Z","operation":"ToolRegistry.registerTool","msg":"Registering tool: 'git_wrapup_instructions'"}
{"level":30,"time":1771142375975,"env":"development","version":"2.8.4","pid":29764,"toolName":"git_wrapup_instructions","requestId":"JEW85-7Y2WA","timestamp":"2026-02-15T07:59:35.975Z","operation":"ToolRegistry.registerTool","msg":"Tool 'git_wrapup_instructions' registered successfully."}
{"level":30,"time":1771142375975,"env":"development","version":"2.8.4","pid":29764,"requestId":"7BKAH-E022Q","timestamp":"2026-02-15T07:59:35.975Z","operation":"ResourceRegistry.registerAll","msg":"Registering 1 resource(s)..."}
{"level":30,"time":1771142375975,"env":"development","version":"2.8.4","pid":29764,"requestId":"HGNFW-T5XFX","timestamp":"2026-02-15T07:59:35.975Z","resourceName":"git-working-directory","operation":"RegisterResource","msg":"Registering resource: 'git-working-directory'"}
{"level":30,"time":1771142375976,"env":"development","version":"2.8.4","pid":29764,"requestId":"HGNFW-T5XFX","timestamp":"2026-02-15T07:59:35.975Z","resourceName":"git-working-directory","operation":"RegisterResource","msg":"Resource 'git-working-directory' registered successfully."}
{"level":20,"time":1771142375976,"env":"development","version":"2.8.4","pid":29764,"requestId":"PFT6D-ARGX5","timestamp":"2026-02-15T07:59:35.976Z","operation":"PromptRegistry.registerAll","msg":"Registering 1 prompts..."}
{"level":20,"time":1771142375976,"env":"development","version":"2.8.4","pid":29764,"requestId":"PFT6D-ARGX5","timestamp":"2026-02-15T07:59:35.976Z","operation":"PromptRegistry.registerAll","msg":"Registering prompt: git_wrapup"}
{"level":30,"time":1771142375976,"env":"development","version":"2.8.4","pid":29764,"requestId":"PFT6D-ARGX5","timestamp":"2026-02-15T07:59:35.976Z","operation":"PromptRegistry.registerAll","msg":"Registered prompt: git_wrapup"}
{"level":30,"time":1771142375976,"env":"development","version":"2.8.4","pid":29764,"requestId":"PFT6D-ARGX5","timestamp":"2026-02-15T07:59:35.976Z","operation":"PromptRegistry.registerAll","msg":"Successfully registered 1 prompts"}
{"level":30,"time":1771142375976,"env":"development","version":"2.8.4","pid":29764,"requestId":"WCR8L-XF8K0","timestamp":"2026-02-15T07:59:35.969Z","operation":"createMcpServerInstance","msg":"All MCP capabilities registered successfully"}
{"level":30,"time":1771142375976,"env":"development","version":"2.8.4","pid":29764,"transport":"stdio","requestId":"IPVZM-UBLK7","timestamp":"2026-02-15T07:59:35.969Z","operation":"connectStdioTransport","transportType":"Stdio","msg":"Attempting to connect stdio transport..."}
{"level":20,"time":1771142375976,"env":"development","version":"2.8.4","pid":29764,"transport":"stdio","requestId":"IPVZM-UBLK7","timestamp":"2026-02-15T07:59:35.969Z","operation":"connectStdioTransport","transportType":"Stdio","msg":"Creating StdioServerTransport instance..."}
{"level":20,"time":1771142375976,"env":"development","version":"2.8.4","pid":29764,"transport":"stdio","requestId":"IPVZM-UBLK7","timestamp":"2026-02-15T07:59:35.969Z","operation":"connectStdioTransport","transportType":"Stdio","msg":"Connecting McpServer instance to StdioServerTransport..."}
{"level":30,"time":1771142375977,"env":"development","version":"2.8.4","pid":29764,"transport":"stdio","requestId":"IPVZM-UBLK7","timestamp":"2026-02-15T07:59:35.969Z","operation":"connectStdioTransport","transportType":"Stdio","msg":"MCP Server connected and listening via stdio transport."}
{"level":30,"time":1771142375977,"env":"development","version":"2.8.4","pid":29764,"applicationName":"@cyanheads/git-mcp-server","applicationVersion":"2.8.4","nodeEnvironment":"development","requestId":"BXTY9-90OBM","timestamp":"2026-02-15T07:59:35.969Z","operation":"ServerStartup","msg":"@cyanheads/git-mcp-server is now running and ready."}
{"level":30,"time":1771142388810,"env":"development","version":"2.8.4","pid":29552,"requestId":"0JY49-2B1MH","timestamp":"2026-02-15T07:59:48.807Z","operation":"loggerInit","msg":"Logger initialized. MCP level: debug."}
{"level":30,"time":1771142388810,"env":"development","version":"2.8.4","pid":29552,"requestId":"9T23D-B1ATK","timestamp":"2026-02-15T07:59:48.810Z","operation":"LoggerInit","msg":"Logger initialized. Effective MCP logging level: debug."}
{"level":30,"time":1771142388810,"env":"development","version":"2.8.4","pid":29552,"runtime":"node","runtimeVersion":"Node.js 25.6.1","requestId":"AW2N7-9R819","timestamp":"2026-02-15T07:59:48.810Z","operation":"RuntimeDetection","msg":"Runtime detected: Node.js 25.6.1"}
{"level":30,"time":1771142388810,"env":"development","version":"2.8.4","pid":29552,"requestId":"C17Z9-AA3JJ","timestamp":"2026-02-15T07:59:48.810Z","operation":"StorageInit","msg":"Storage service initialized with provider: in-memory"}
{"level":30,"time":1771142388810,"env":"development","version":"2.8.4","pid":29552,"applicationName":"@cyanheads/git-mcp-server","applicationVersion":"2.8.4","nodeEnvironment":"development","requestId":"TZ7M5-2Q5HI","timestamp":"2026-02-15T07:59:48.810Z","operation":"ServerStartup","msg":"Starting @cyanheads/git-mcp-server (v2.8.4)..."}
{"level":30,"time":1771142388811,"env":"development","version":"2.8.4","pid":29552,"transport":"stdio","requestId":"QAA74-TF8GD","timestamp":"2026-02-15T07:59:48.811Z","operation":"TransportManager.start","msg":"Starting transport: stdio"}
{"level":30,"time":1771142388811,"env":"development","version":"2.8.4","pid":29552,"requestId":"NTQ1P-61YPK","timestamp":"2026-02-15T07:59:48.811Z","operation":"createMcpServerInstance","msg":"Initializing MCP server instance"}
{"level":20,"time":1771142388811,"env":"development","version":"2.8.4","pid":29552,"requestId":"54FG3-0J8PA","timestamp":"2026-02-15T07:59:48.811Z","newConfigState":{"appName":"@cyanheads/git-mcp-server","appVersion":"2.8.4","environment":"development"},"operation":"RequestContextService.configure","msg":"RequestContextService configuration updated"}
{"level":20,"time":1771142388815,"env":"development","version":"2.8.4","pid":29552,"requestId":"NTQ1P-61YPK","timestamp":"2026-02-15T07:59:48.811Z","operation":"createMcpServerInstance","msg":"Registering all MCP capabilities via registries..."}
{"level":30,"time":1771142388815,"env":"development","version":"2.8.4","pid":29552,"requestId":"ESO3U-NEZRL","timestamp":"2026-02-15T07:59:48.815Z","operation":"ToolRegistry.registerAll","msg":"Registering 28 tool(s)..."}
{"level":20,"time":1771142388815,"env":"development","version":"2.8.4","pid":29552,"toolName":"git_add","requestId":"KMQIT-JZ6BR","timestamp":"2026-02-15T07:59:48.815Z","operation":"ToolRegistry.registerTool","msg":"Registering tool: 'git_add'"}
{"level":30,"time":1771142388816,"env":"development","version":"2.8.4","pid":29552,"toolName":"git_add","requestId":"KMQIT-JZ6BR","timestamp":"2026-02-15T07:59:48.815Z","operation":"ToolRegistry.registerTool","msg":"Tool 'git_add' registered successfully."}
{"level":20,"time":1771142388816,"env":"development","version":"2.8.4","pid":29552,"toolName":"git_blame","requestId":"A8MCP-3B02I","timestamp":"2026-02-15T07:59:48.816Z","operation":"ToolRegistry.registerTool","msg":"Registering tool: 'git_blame'"}
{"level":30,"time":1771142388816,"env":"development","version":"2.8.4","pid":29552,"toolName":"git_blame","requestId":"A8MCP-3B02I","timestamp":"2026-02-15T07:59:48.816Z","operation":"ToolRegistry.registerTool","msg":"Tool 'git_blame' registered successfully."}
{"level":20,"time":1771142388816,"env":"development","version":"2.8.4","pid":29552,"toolName":"git_branch","requestId":"534JP-9CUGC","timestamp":"2026-02-15T07:59:48.816Z","operation":"ToolRegistry.registerTool","msg":"Registering tool: 'git_branch'"}
{"level":30,"time":1771142388816,"env":"development","version":"2.8.4","pid":29552,"toolName":"git_branch","requestId":"534JP-9CUGC","timestamp":"2026-02-15T07:59:48.816Z","operation":"ToolRegistry.registerTool","msg":"Tool 'git_branch' registered successfully."}
{"level":20,"time":1771142388816,"env":"development","version":"2.8.4","pid":29552,"toolName":"git_changelog_analyze","requestId":"1RA1W-M6ZSK","timestamp":"2026-02-15T07:59:48.816Z","operation":"ToolRegistry.registerTool","msg":"Registering tool: 'git_changelog_analyze'"}
{"level":30,"time":1771142388816,"env":"development","version":"2.8.4","pid":29552,"toolName":"git_changelog_analyze","requestId":"1RA1W-M6ZSK","timestamp":"2026-02-15T07:59:48.816Z","operation":"ToolRegistry.registerTool","msg":"Tool 'git_changelog_analyze' registered successfully."}
{"level":20,"time":1771142388816,"env":"development","version":"2.8.4","pid":29552,"toolName":"git_checkout","requestId":"QLUHC-797Y8","timestamp":"2026-02-15T07:59:48.816Z","operation":"ToolRegistry.registerTool","msg":"Registering tool: 'git_checkout'"}
{"level":30,"time":1771142388816,"env":"development","version":"2.8.4","pid":29552,"toolName":"git_checkout","requestId":"QLUHC-797Y8","timestamp":"2026-02-15T07:59:48.816Z","operation":"ToolRegistry.registerTool","msg":"Tool 'git_checkout' registered successfully."}
{"level":20,"time":1771142388816,"env":"development","version":"2.8.4","pid":29552,"toolName":"git_cherry_pick","requestId":"Z2GJG-QGN6J","timestamp":"2026-02-15T07:59:48.816Z","operation":"ToolRegistry.registerTool","msg":"Registering tool: 'git_cherry_pick'"}
{"level":30,"time":1771142388816,"env":"development","version":"2.8.4","pid":29552,"toolName":"git_cherry_pick","requestId":"Z2GJG-QGN6J","timestamp":"2026-02-15T07:59:48.816Z","operation":"ToolRegistry.registerTool","msg":"Tool 'git_cherry_pick' registered successfully."}
{"level":20,"time":1771142388816,"env":"development","version":"2.8.4","pid":29552,"toolName":"git_clean","requestId":"TJ4G6-1K65X","timestamp":"2026-02-15T07:59:48.816Z","operation":"ToolRegistry.registerTool","msg":"Registering tool: 'git_clean'"}
{"level":30,"time":1771142388816,"env":"development","version":"2.8.4","pid":29552,"toolName":"git_clean","requestId":"TJ4G6-1K65X","timestamp":"2026-02-15T07:59:48.816Z","operation":"ToolRegistry.registerTool","msg":"Tool 'git_clean' registered successfully."}
{"level":20,"time":1771142388816,"env":"development","version":"2.8.4","pid":29552,"toolName":"git_clear_working_dir","requestId":"RWWB4-167MU","timestamp":"2026-02-15T07:59:48.816Z","operation":"ToolRegistry.registerTool","msg":"Registering tool: 'git_clear_working_dir'"}
{"level":30,"time":1771142388816,"env":"development","version":"2.8.4","pid":29552,"toolName":"git_clear_working_dir","requestId":"RWWB4-167MU","timestamp":"2026-02-15T07:59:48.816Z","operation":"ToolRegistry.registerTool","msg":"Tool 'git_clear_working_dir' registered successfully."}
{"level":20,"time":1771142388816,"env":"development","version":"2.8.4","pid":29552,"toolName":"git_clone","requestId":"OGHYF-7L0GI","timestamp":"2026-02-15T07:59:48.816Z","operation":"ToolRegistry.registerTool","msg":"Registering tool: 'git_clone'"}
{"level":30,"time":1771142388816,"env":"development","version":"2.8.4","pid":29552,"toolName":"git_clone","requestId":"OGHYF-7L0GI","timestamp":"2026-02-15T07:59:48.816Z","operation":"ToolRegistry.registerTool","msg":"Tool 'git_clone' registered successfully."}
{"level":20,"time":1771142388816,"env":"development","version":"2.8.4","pid":29552,"toolName":"git_commit","requestId":"SG8P5-L9AZK","timestamp":"2026-02-15T07:59:48.816Z","operation":"ToolRegistry.registerTool","msg":"Registering tool: 'git_commit'"}
{"level":30,"time":1771142388816,"env":"development","version":"2.8.4","pid":29552,"toolName":"git_commit","requestId":"SG8P5-L9AZK","timestamp":"2026-02-15T07:59:48.816Z","operation":"ToolRegistry.registerTool","msg":"Tool 'git_commit' registered successfully."}
{"level":20,"time":1771142388816,"env":"development","version":"2.8.4","pid":29552,"toolName":"git_diff","requestId":"K82J6-T9SB2","timestamp":"2026-02-15T07:59:48.816Z","operation":"ToolRegistry.registerTool","msg":"Registering tool: 'git_diff'"}
{"level":30,"time":1771142388816,"env":"development","version":"2.8.4","pid":29552,"toolName":"git_diff","requestId":"K82J6-T9SB2","timestamp":"2026-02-15T07:59:48.816Z","operation":"ToolRegistry.registerTool","msg":"Tool 'git_diff' registered successfully."}
{"level":20,"time":1771142388817,"env":"development","version":"2.8.4","pid":29552,"toolName":"git_fetch","requestId":"HYUU0-NDWGM","timestamp":"2026-02-15T07:59:48.816Z","operation":"ToolRegistry.registerTool","msg":"Registering tool: 'git_fetch'"}
{"level":30,"time":1771142388817,"env":"development","version":"2.8.4","pid":29552,"toolName":"git_fetch","requestId":"HYUU0-NDWGM","timestamp":"2026-02-15T07:59:48.816Z","operation":"ToolRegistry.registerTool","msg":"Tool 'git_fetch' registered successfully."}
{"level":20,"time":1771142388817,"env":"development","version":"2.8.4","pid":29552,"toolName":"git_init","requestId":"ARE73-8BVEA","timestamp":"2026-02-15T07:59:48.817Z","operation":"ToolRegistry.registerTool","msg":"Registering tool: 'git_init'"}
{"level":30,"time":1771142388817,"env":"development","version":"2.8.4","pid":29552,"toolName":"git_init","requestId":"ARE73-8BVEA","timestamp":"2026-02-15T07:59:48.817Z","operation":"ToolRegistry.registerTool","msg":"Tool 'git_init' registered successfully."}
{"level":20,"time":1771142388817,"env":"development","version":"2.8.4","pid":29552,"toolName":"git_log","requestId":"MIAKB-0Q4FV","timestamp":"2026-02-15T07:59:48.817Z","operation":"ToolRegistry.registerTool","msg":"Registering tool: 'git_log'"}
{"level":30,"time":1771142388817,"env":"development","version":"2.8.4","pid":29552,"toolName":"git_log","requestId":"MIAKB-0Q4FV","timestamp":"2026-02-15T07:59:48.817Z","operation":"ToolRegistry.registerTool","msg":"Tool 'git_log' registered successfully."}
{"level":20,"time":1771142388817,"env":"development","version":"2.8.4","pid":29552,"toolName":"git_merge","requestId":"RQ6O5-YO977","timestamp":"2026-02-15T07:59:48.817Z","operation":"ToolRegistry.registerTool","msg":"Registering tool: 'git_merge'"}
{"level":30,"time":1771142388817,"env":"development","version":"2.8.4","pid":29552,"toolName":"git_merge","requestId":"RQ6O5-YO977","timestamp":"2026-02-15T07:59:48.817Z","operation":"ToolRegistry.registerTool","msg":"Tool 'git_merge' registered successfully."}
{"level":20,"time":1771142388817,"env":"development","version":"2.8.4","pid":29552,"toolName":"git_pull","requestId":"EQH3Y-BRGR6","timestamp":"2026-02-15T07:59:48.817Z","operation":"ToolRegistry.registerTool","msg":"Registering tool: 'git_pull'"}
{"level":30,"time":1771142388817,"env":"development","version":"2.8.4","pid":29552,"toolName":"git_pull","requestId":"EQH3Y-BRGR6","timestamp":"2026-02-15T07:59:48.817Z","operation":"ToolRegistry.registerTool","msg":"Tool 'git_pull' registered successfully."}
{"level":20,"time":1771142388817,"env":"development","version":"2.8.4","pid":29552,"toolName":"git_push","requestId":"RYXJ9-EK3LX","timestamp":"2026-02-15T07:59:48.817Z","operation":"ToolRegistry.registerTool","msg":"Registering tool: 'git_push'"}
{"level":30,"time":1771142388817,"env":"development","version":"2.8.4","pid":29552,"toolName":"git_push","requestId":"RYXJ9-EK3LX","timestamp":"2026-02-15T07:59:48.817Z","operation":"ToolRegistry.registerTool","msg":"Tool 'git_push' registered successfully."}
{"level":20,"time":1771142388817,"env":"development","version":"2.8.4","pid":29552,"toolName":"git_rebase","requestId":"N9ASY-8J1I4","timestamp":"2026-02-15T07:59:48.817Z","operation":"ToolRegistry.registerTool","msg":"Registering tool: 'git_rebase'"}
{"level":30,"time":1771142388817,"env":"development","version":"2.8.4","pid":29552,"toolName":"git_rebase","requestId":"N9ASY-8J1I4","timestamp":"2026-02-15T07:59:48.817Z","operation":"ToolRegistry.registerTool","msg":"Tool 'git_rebase' registered successfully."}
{"level":20,"time":1771142388817,"env":"development","version":"2.8.4","pid":29552,"toolName":"git_reflog","requestId":"3TVJI-IJPG4","timestamp":"2026-02-15T07:59:48.817Z","operation":"ToolRegistry.registerTool","msg":"Registering tool: 'git_reflog'"}
{"level":30,"time":1771142388817,"env":"development","version":"2.8.4","pid":29552,"toolName":"git_reflog","requestId":"3TVJI-IJPG4","timestamp":"2026-02-15T07:59:48.817Z","operation":"ToolRegistry.registerTool","msg":"Tool 'git_reflog' registered successfully."}
{"level":20,"time":1771142388817,"env":"development","version":"2.8.4","pid":29552,"toolName":"git_remote","requestId":"9CAD4-E55O9","timestamp":"2026-02-15T07:59:48.817Z","operation":"ToolRegistry.registerTool","msg":"Registering tool: 'git_remote'"}
{"level":30,"time":1771142388817,"env":"development","version":"2.8.4","pid":29552,"toolName":"git_remote","requestId":"9CAD4-E55O9","timestamp":"2026-02-15T07:59:48.817Z","operation":"ToolRegistry.registerTool","msg":"Tool 'git_remote' registered successfully."}
{"level":20,"time":1771142388817,"env":"development","version":"2.8.4","pid":29552,"toolName":"git_reset","requestId":"O578F-D726K","timestamp":"2026-02-15T07:59:48.817Z","operation":"ToolRegistry.registerTool","msg":"Registering tool: 'git_reset'"}
{"level":30,"time":1771142388817,"env":"development","version":"2.8.4","pid":29552,"toolName":"git_reset","requestId":"O578F-D726K","timestamp":"2026-02-15T07:59:48.817Z","operation":"ToolRegistry.registerTool","msg":"Tool 'git_reset' registered successfully."}
{"level":20,"time":1771142388817,"env":"development","version":"2.8.4","pid":29552,"toolName":"git_set_working_dir","requestId":"CXKUW-GXNF6","timestamp":"2026-02-15T07:59:48.817Z","operation":"ToolRegistry.registerTool","msg":"Registering tool: 'git_set_working_dir'"}
{"level":30,"time":1771142388817,"env":"development","version":"2.8.4","pid":29552,"toolName":"git_set_working_dir","requestId":"CXKUW-GXNF6","timestamp":"2026-02-15T07:59:48.817Z","operation":"ToolRegistry.registerTool","msg":"Tool 'git_set_working_dir' registered successfully."}
{"level":20,"time":1771142388817,"env":"development","version":"2.8.4","pid":29552,"toolName":"git_show","requestId":"3QFCE-UDWBC","timestamp":"2026-02-15T07:59:48.817Z","operation":"ToolRegistry.registerTool","msg":"Registering tool: 'git_show'"}
{"level":30,"time":1771142388817,"env":"development","version":"2.8.4","pid":29552,"toolName":"git_show","requestId":"3QFCE-UDWBC","timestamp":"2026-02-15T07:59:48.817Z","operation":"ToolRegistry.registerTool","msg":"Tool 'git_show' registered successfully."}
{"level":20,"time":1771142388817,"env":"development","version":"2.8.4","pid":29552,"toolName":"git_stash","requestId":"FA8X2-OJL6L","timestamp":"2026-02-15T07:59:48.817Z","operation":"ToolRegistry.registerTool","msg":"Registering tool: 'git_stash'"}
{"level":30,"time":1771142388817,"env":"development","version":"2.8.4","pid":29552,"toolName":"git_stash","requestId":"FA8X2-OJL6L","timestamp":"2026-02-15T07:59:48.817Z","operation":"ToolRegistry.registerTool","msg":"Tool 'git_stash' registered successfully."}
{"level":20,"time":1771142388817,"env":"development","version":"2.8.4","pid":29552,"toolName":"git_status","requestId":"97GHO-7C091","timestamp":"2026-02-15T07:59:48.817Z","operation":"ToolRegistry.registerTool","msg":"Registering tool: 'git_status'"}
{"level":30,"time":1771142388817,"env":"development","version":"2.8.4","pid":29552,"toolName":"git_status","requestId":"97GHO-7C091","timestamp":"2026-02-15T07:59:48.817Z","operation":"ToolRegistry.registerTool","msg":"Tool 'git_status' registered successfully."}
{"level":20,"time":1771142388817,"env":"development","version":"2.8.4","pid":29552,"toolName":"git_tag","requestId":"JIPP9-78NGY","timestamp":"2026-02-15T07:59:48.817Z","operation":"ToolRegistry.registerTool","msg":"Registering tool: 'git_tag'"}
{"level":30,"time":1771142388817,"env":"development","version":"2.8.4","pid":29552,"toolName":"git_tag","requestId":"JIPP9-78NGY","timestamp":"2026-02-15T07:59:48.817Z","operation":"ToolRegistry.registerTool","msg":"Tool 'git_tag' registered successfully."}
{"level":20,"time":1771142388817,"env":"development","version":"2.8.4","pid":29552,"toolName":"git_worktree","requestId":"WXTHD-8J1NF","timestamp":"2026-02-15T07:59:48.817Z","operation":"ToolRegistry.registerTool","msg":"Registering tool: 'git_worktree'"}
{"level":30,"time":1771142388817,"env":"development","version":"2.8.4","pid":29552,"toolName":"git_worktree","requestId":"WXTHD-8J1NF","timestamp":"2026-02-15T07:59:48.817Z","operation":"ToolRegistry.registerTool","msg":"Tool 'git_worktree' registered successfully."}
{"level":20,"time":1771142388817,"env":"development","version":"2.8.4","pid":29552,"toolName":"git_wrapup_instructions","requestId":"6PKU6-0IPN9","timestamp":"2026-02-15T07:59:48.817Z","operation":"ToolRegistry.registerTool","msg":"Registering tool: 'git_wrapup_instructions'"}
{"level":30,"time":1771142388817,"env":"development","version":"2.8.4","pid":29552,"toolName":"git_wrapup_instructions","requestId":"6PKU6-0IPN9","timestamp":"2026-02-15T07:59:48.817Z","operation":"ToolRegistry.registerTool","msg":"Tool 'git_wrapup_instructions' registered successfully."}
{"level":30,"time":1771142388818,"env":"development","version":"2.8.4","pid":29552,"requestId":"8KJ2Q-KJGQK","timestamp":"2026-02-15T07:59:48.817Z","operation":"ResourceRegistry.registerAll","msg":"Registering 1 resource(s)..."}
{"level":30,"time":1771142388818,"env":"development","version":"2.8.4","pid":29552,"requestId":"JBCSU-QO5YW","timestamp":"2026-02-15T07:59:48.818Z","resourceName":"git-working-directory","operation":"RegisterResource","msg":"Registering resource: 'git-working-directory'"}
{"level":30,"time":1771142388818,"env":"development","version":"2.8.4","pid":29552,"requestId":"JBCSU-QO5YW","timestamp":"2026-02-15T07:59:48.818Z","resourceName":"git-working-directory","operation":"RegisterResource","msg":"Resource 'git-working-directory' registered successfully."}
{"level":20,"time":1771142388818,"env":"development","version":"2.8.4","pid":29552,"requestId":"O5D6K-ZZZU9","timestamp":"2026-02-15T07:59:48.818Z","operation":"PromptRegistry.registerAll","msg":"Registering 1 prompts..."}
{"level":20,"time":1771142388818,"env":"development","version":"2.8.4","pid":29552,"requestId":"O5D6K-ZZZU9","timestamp":"2026-02-15T07:59:48.818Z","operation":"PromptRegistry.registerAll","msg":"Registering prompt: git_wrapup"}
{"level":30,"time":1771142388819,"env":"development","version":"2.8.4","pid":29552,"requestId":"O5D6K-ZZZU9","timestamp":"2026-02-15T07:59:48.818Z","operation":"PromptRegistry.registerAll","msg":"Registered prompt: git_wrapup"}
{"level":30,"time":1771142388819,"env":"development","version":"2.8.4","pid":29552,"requestId":"O5D6K-ZZZU9","timestamp":"2026-02-15T07:59:48.818Z","operation":"PromptRegistry.registerAll","msg":"Successfully registered 1 prompts"}
{"level":30,"time":1771142388819,"env":"development","version":"2.8.4","pid":29552,"requestId":"NTQ1P-61YPK","timestamp":"2026-02-15T07:59:48.811Z","operation":"createMcpServerInstance","msg":"All MCP capabilities registered successfully"}
{"level":30,"time":1771142388819,"env":"development","version":"2.8.4","pid":29552,"transport":"stdio","requestId":"QAA74-TF8GD","timestamp":"2026-02-15T07:59:48.811Z","operation":"connectStdioTransport","transportType":"Stdio","msg":"Attempting to connect stdio transport..."}
{"level":20,"time":1771142388819,"env":"development","version":"2.8.4","pid":29552,"transport":"stdio","requestId":"QAA74-TF8GD","timestamp":"2026-02-15T07:59:48.811Z","operation":"connectStdioTransport","transportType":"Stdio","msg":"Creating StdioServerTransport instance..."}
{"level":20,"time":1771142388819,"env":"development","version":"2.8.4","pid":29552,"transport":"stdio","requestId":"QAA74-TF8GD","timestamp":"2026-02-15T07:59:48.811Z","operation":"connectStdioTransport","transportType":"Stdio","msg":"Connecting McpServer instance to StdioServerTransport..."}
{"level":30,"time":1771142388819,"env":"development","version":"2.8.4","pid":29552,"transport":"stdio","requestId":"QAA74-TF8GD","timestamp":"2026-02-15T07:59:48.811Z","operation":"connectStdioTransport","transportType":"Stdio","msg":"MCP Server connected and listening via stdio transport."}
{"level":30,"time":1771142388819,"env":"development","version":"2.8.4","pid":29552,"applicationName":"@cyanheads/git-mcp-server","applicationVersion":"2.8.4","nodeEnvironment":"development","requestId":"TZ7M5-2Q5HI","timestamp":"2026-02-15T07:59:48.810Z","operation":"ServerStartup","msg":"@cyanheads/git-mcp-server is now running and ready."}
{"level":30,"time":1771400396621,"env":"development","version":"2.8.4","pid":30104,"requestId":"4QKI0-K2XZ6","timestamp":"2026-02-18T07:39:56.619Z","operation":"loggerInit","msg":"Logger initialized. MCP level: debug."}
{"level":30,"time":1771400396622,"env":"development","version":"2.8.4","pid":30104,"requestId":"88KO7-33X9J","timestamp":"2026-02-18T07:39:56.622Z","operation":"LoggerInit","msg":"Logger initialized. Effective MCP logging level: debug."}
{"level":30,"time":1771400396622,"env":"development","version":"2.8.4","pid":30104,"runtime":"node","runtimeVersion":"Node.js 25.6.1","requestId":"3ESLZ-CBPV1","timestamp":"2026-02-18T07:39:56.622Z","operation":"RuntimeDetection","msg":"Runtime detected: Node.js 25.6.1"}
{"level":30,"time":1771400396622,"env":"development","version":"2.8.4","pid":30104,"requestId":"RG2TZ-IWIEG","timestamp":"2026-02-18T07:39:56.622Z","operation":"StorageInit","msg":"Storage service initialized with provider: in-memory"}
{"level":30,"time":1771400396622,"env":"development","version":"2.8.4","pid":30104,"applicationName":"@cyanheads/git-mcp-server","applicationVersion":"2.8.4","nodeEnvironment":"development","requestId":"6NDAA-07SIK","timestamp":"2026-02-18T07:39:56.622Z","operation":"ServerStartup","msg":"Starting @cyanheads/git-mcp-server (v2.8.4)..."}
{"level":30,"time":1771400396623,"env":"development","version":"2.8.4","pid":30104,"transport":"stdio","requestId":"NFIG8-DXG4W","timestamp":"2026-02-18T07:39:56.623Z","operation":"TransportManager.start","msg":"Starting transport: stdio"}
{"level":30,"time":1771400396623,"env":"development","version":"2.8.4","pid":30104,"requestId":"SIH1R-CEXG2","timestamp":"2026-02-18T07:39:56.623Z","operation":"createMcpServerInstance","msg":"Initializing MCP server instance"}
{"level":20,"time":1771400396623,"env":"development","version":"2.8.4","pid":30104,"requestId":"F8U52-TEVMT","timestamp":"2026-02-18T07:39:56.623Z","newConfigState":{"appName":"@cyanheads/git-mcp-server","appVersion":"2.8.4","environment":"development"},"operation":"RequestContextService.configure","msg":"RequestContextService configuration updated"}
{"level":20,"time":1771400396627,"env":"development","version":"2.8.4","pid":30104,"requestId":"SIH1R-CEXG2","timestamp":"2026-02-18T07:39:56.623Z","operation":"createMcpServerInstance","msg":"Registering all MCP capabilities via registries..."}
{"level":30,"time":1771400396627,"env":"development","version":"2.8.4","pid":30104,"requestId":"7KYFN-L7NAW","timestamp":"2026-02-18T07:39:56.627Z","operation":"ToolRegistry.registerAll","msg":"Registering 28 tool(s)..."}
{"level":20,"time":1771400396627,"env":"development","version":"2.8.4","pid":30104,"toolName":"git_add","requestId":"AXCTF-VJAKX","timestamp":"2026-02-18T07:39:56.627Z","operation":"ToolRegistry.registerTool","msg":"Registering tool: 'git_add'"}
{"level":30,"time":1771400396628,"env":"development","version":"2.8.4","pid":30104,"toolName":"git_add","requestId":"AXCTF-VJAKX","timestamp":"2026-02-18T07:39:56.627Z","operation":"ToolRegistry.registerTool","msg":"Tool 'git_add' registered successfully."}
{"level":20,"time":1771400396628,"env":"development","version":"2.8.4","pid":30104,"toolName":"git_blame","requestId":"A5FH0-TCWV0","timestamp":"2026-02-18T07:39:56.628Z","operation":"ToolRegistry.registerTool","msg":"Registering tool: 'git_blame'"}
{"level":30,"time":1771400396628,"env":"development","version":"2.8.4","pid":30104,"toolName":"git_blame","requestId":"A5FH0-TCWV0","timestamp":"2026-02-18T07:39:56.628Z","operation":"ToolRegistry.registerTool","msg":"Tool 'git_blame' registered successfully."}
{"level":20,"time":1771400396628,"env":"development","version":"2.8.4","pid":30104,"toolName":"git_branch","requestId":"8SG7M-T2DO1","timestamp":"2026-02-18T07:39:56.628Z","operation":"ToolRegistry.registerTool","msg":"Registering tool: 'git_branch'"}
{"level":30,"time":1771400396628,"env":"development","version":"2.8.4","pid":30104,"toolName":"git_branch","requestId":"8SG7M-T2DO1","timestamp":"2026-02-18T07:39:56.628Z","operation":"ToolRegistry.registerTool","msg":"Tool 'git_branch' registered successfully."}
{"level":20,"time":1771400396628,"env":"development","version":"2.8.4","pid":30104,"toolName":"git_changelog_analyze","requestId":"YYHF1-9R8W2","timestamp":"2026-02-18T07:39:56.628Z","operation":"ToolRegistry.registerTool","msg":"Registering tool: 'git_changelog_analyze'"}
{"level":30,"time":1771400396628,"env":"development","version":"2.8.4","pid":30104,"toolName":"git_changelog_analyze","requestId":"YYHF1-9R8W2","timestamp":"2026-02-18T07:39:56.628Z","operation":"ToolRegistry.registerTool","msg":"Tool 'git_changelog_analyze' registered successfully."}
{"level":20,"time":1771400396628,"env":"development","version":"2.8.4","pid":30104,"toolName":"git_checkout","requestId":"USFSM-ZWIOG","timestamp":"2026-02-18T07:39:56.628Z","operation":"ToolRegistry.registerTool","msg":"Registering tool: 'git_checkout'"}
{"level":30,"time":1771400396628,"env":"development","version":"2.8.4","pid":30104,"toolName":"git_checkout","requestId":"USFSM-ZWIOG","timestamp":"2026-02-18T07:39:56.628Z","operation":"ToolRegistry.registerTool","msg":"Tool 'git_checkout' registered successfully."}
{"level":20,"time":1771400396628,"env":"development","version":"2.8.4","pid":30104,"toolName":"git_cherry_pick","requestId":"IZEHU-Q38Y2","timestamp":"2026-02-18T07:39:56.628Z","operation":"ToolRegistry.registerTool","msg":"Registering tool: 'git_cherry_pick'"}
{"level":30,"time":1771400396628,"env":"development","version":"2.8.4","pid":30104,"toolName":"git_cherry_pick","requestId":"IZEHU-Q38Y2","timestamp":"2026-02-18T07:39:56.628Z","operation":"ToolRegistry.registerTool","msg":"Tool 'git_cherry_pick' registered successfully."}
{"level":20,"time":1771400396628,"env":"development","version":"2.8.4","pid":30104,"toolName":"git_clean","requestId":"Y5YJF-U8WY8","timestamp":"2026-02-18T07:39:56.628Z","operation":"ToolRegistry.registerTool","msg":"Registering tool: 'git_clean'"}
{"level":30,"time":1771400396628,"env":"development","version":"2.8.4","pid":30104,"toolName":"git_clean","requestId":"Y5YJF-U8WY8","timestamp":"2026-02-18T07:39:56.628Z","operation":"ToolRegistry.registerTool","msg":"Tool 'git_clean' registered successfully."}
{"level":20,"time":1771400396628,"env":"development","version":"2.8.4","pid":30104,"toolName":"git_clear_working_dir","requestId":"QTFUR-2P8M7","timestamp":"2026-02-18T07:39:56.628Z","operation":"ToolRegistry.registerTool","msg":"Registering tool: 'git_clear_working_dir'"}
{"level":30,"time":1771400396628,"env":"development","version":"2.8.4","pid":30104,"toolName":"git_clear_working_dir","requestId":"QTFUR-2P8M7","timestamp":"2026-02-18T07:39:56.628Z","operation":"ToolRegistry.registerTool","msg":"Tool 'git_clear_working_dir' registered successfully."}
{"level":20,"time":1771400396628,"env":"development","version":"2.8.4","pid":30104,"toolName":"git_clone","requestId":"GXEYT-MBF02","timestamp":"2026-02-18T07:39:56.628Z","operation":"ToolRegistry.registerTool","msg":"Registering tool: 'git_clone'"}
{"level":30,"time":1771400396628,"env":"development","version":"2.8.4","pid":30104,"toolName":"git_clone","requestId":"GXEYT-MBF02","timestamp":"2026-02-18T07:39:56.628Z","operation":"ToolRegistry.registerTool","msg":"Tool 'git_clone' registered successfully."}
{"level":20,"time":1771400396628,"env":"development","version":"2.8.4","pid":30104,"toolName":"git_commit","requestId":"54K59-733JF","timestamp":"2026-02-18T07:39:56.628Z","operation":"ToolRegistry.registerTool","msg":"Registering tool: 'git_commit'"}
{"level":30,"time":1771400396629,"env":"development","version":"2.8.4","pid":30104,"toolName":"git_commit","requestId":"54K59-733JF","timestamp":"2026-02-18T07:39:56.628Z","operation":"ToolRegistry.registerTool","msg":"Tool 'git_commit' registered successfully."}
{"level":20,"time":1771400396629,"env":"development","version":"2.8.4","pid":30104,"toolName":"git_diff","requestId":"L1FV2-8EOIS","timestamp":"2026-02-18T07:39:56.629Z","operation":"ToolRegistry.registerTool","msg":"Registering tool: 'git_diff'"}
{"level":30,"time":1771400396629,"env":"development","version":"2.8.4","pid":30104,"toolName":"git_diff","requestId":"L1FV2-8EOIS","timestamp":"2026-02-18T07:39:56.629Z","operation":"ToolRegistry.registerTool","msg":"Tool 'git_diff' registered successfully."}
{"level":20,"time":1771400396629,"env":"development","version":"2.8.4","pid":30104,"toolName":"git_fetch","requestId":"N4Z9K-L6438","timestamp":"2026-02-18T07:39:56.629Z","operation":"ToolRegistry.registerTool","msg":"Registering tool: 'git_fetch'"}
{"level":30,"time":1771400396629,"env":"development","version":"2.8.4","pid":30104,"toolName":"git_fetch","requestId":"N4Z9K-L6438","timestamp":"2026-02-18T07:39:56.629Z","operation":"ToolRegistry.registerTool","msg":"Tool 'git_fetch' registered successfully."}
{"level":20,"time":1771400396629,"env":"development","version":"2.8.4","pid":30104,"toolName":"git_init","requestId":"JNYR1-L4CMP","timestamp":"2026-02-18T07:39:56.629Z","operation":"ToolRegistry.registerTool","msg":"Registering tool: 'git_init'"}
{"level":30,"time":1771400396629,"env":"development","version":"2.8.4","pid":30104,"toolName":"git_init","requestId":"JNYR1-L4CMP","timestamp":"2026-02-18T07:39:56.629Z","operation":"ToolRegistry.registerTool","msg":"Tool 'git_init' registered successfully."}
{"level":20,"time":1771400396629,"env":"development","version":"2.8.4","pid":30104,"toolName":"git_log","requestId":"H1TPC-OBNAF","timestamp":"2026-02-18T07:39:56.629Z","operation":"ToolRegistry.registerTool","msg":"Registering tool: 'git_log'"}
{"level":30,"time":1771400396629,"env":"development","version":"2.8.4","pid":30104,"toolName":"git_log","requestId":"H1TPC-OBNAF","timestamp":"2026-02-18T07:39:56.629Z","operation":"ToolRegistry.registerTool","msg":"Tool 'git_log' registered successfully."}
{"level":20,"time":1771400396629,"env":"development","version":"2.8.4","pid":30104,"toolName":"git_merge","requestId":"Y5WM1-L78XB","timestamp":"2026-02-18T07:39:56.629Z","operation":"ToolRegistry.registerTool","msg":"Registering tool: 'git_merge'"}
{"level":30,"time":1771400396629,"env":"development","version":"2.8.4","pid":30104,"toolName":"git_merge","requestId":"Y5WM1-L78XB","timestamp":"2026-02-18T07:39:56.629Z","operation":"ToolRegistry.registerTool","msg":"Tool 'git_merge' registered successfully."}
{"level":20,"time":1771400396629,"env":"development","version":"2.8.4","pid":30104,"toolName":"git_pull","requestId":"QGAUQ-QWJSI","timestamp":"2026-02-18T07:39:56.629Z","operation":"ToolRegistry.registerTool","msg":"Registering tool: 'git_pull'"}
{"level":30,"time":1771400396629,"env":"development","version":"2.8.4","pid":30104,"toolName":"git_pull","requestId":"QGAUQ-QWJSI","timestamp":"2026-02-18T07:39:56.629Z","operation":"ToolRegistry.registerTool","msg":"Tool 'git_pull' registered successfully."}
{"level":20,"time":1771400396629,"env":"development","version":"2.8.4","pid":30104,"toolName":"git_push","requestId":"XYPQM-ICXEM","timestamp":"2026-02-18T07:39:56.629Z","operation":"ToolRegistry.registerTool","msg":"Registering tool: 'git_push'"}
{"level":30,"time":1771400396629,"env":"development","version":"2.8.4","pid":30104,"toolName":"git_push","requestId":"XYPQM-ICXEM","timestamp":"2026-02-18T07:39:56.629Z","operation":"ToolRegistry.registerTool","msg":"Tool 'git_push' registered successfully."}
{"level":20,"time":1771400396629,"env":"development","version":"2.8.4","pid":30104,"toolName":"git_rebase","requestId":"XFVEH-6AMXB","timestamp":"2026-02-18T07:39:56.629Z","operation":"ToolRegistry.registerTool","msg":"Registering tool: 'git_rebase'"}
{"level":30,"time":1771400396629,"env":"development","version":"2.8.4","pid":30104,"toolName":"git_rebase","requestId":"XFVEH-6AMXB","timestamp":"2026-02-18T07:39:56.629Z","operation":"ToolRegistry.registerTool","msg":"Tool 'git_rebase' registered successfully."}
{"level":20,"time":1771400396629,"env":"development","version":"2.8.4","pid":30104,"toolName":"git_reflog","requestId":"A0D9P-9SPN2","timestamp":"2026-02-18T07:39:56.629Z","operation":"ToolRegistry.registerTool","msg":"Registering tool: 'git_reflog'"}
{"level":30,"time":1771400396629,"env":"development","version":"2.8.4","pid":30104,"toolName":"git_reflog","requestId":"A0D9P-9SPN2","timestamp":"2026-02-18T07:39:56.629Z","operation":"ToolRegistry.registerTool","msg":"Tool 'git_reflog' registered successfully."}
{"level":20,"time":1771400396629,"env":"development","version":"2.8.4","pid":30104,"toolName":"git_remote","requestId":"QJR0M-DXWGX","timestamp":"2026-02-18T07:39:56.629Z","operation":"ToolRegistry.registerTool","msg":"Registering tool: 'git_remote'"}
{"level":30,"time":1771400396629,"env":"development","version":"2.8.4","pid":30104,"toolName":"git_remote","requestId":"QJR0M-DXWGX","timestamp":"2026-02-18T07:39:56.629Z","operation":"ToolRegistry.registerTool","msg":"Tool 'git_remote' registered successfully."}
{"level":20,"time":1771400396629,"env":"development","version":"2.8.4","pid":30104,"toolName":"git_reset","requestId":"LOIJ4-JXO72","timestamp":"2026-02-18T07:39:56.629Z","operation":"ToolRegistry.registerTool","msg":"Registering tool: 'git_reset'"}
{"level":30,"time":1771400396629,"env":"development","version":"2.8.4","pid":30104,"toolName":"git_reset","requestId":"LOIJ4-JXO72","timestamp":"2026-02-18T07:39:56.629Z","operation":"ToolRegistry.registerTool","msg":"Tool 'git_reset' registered successfully."}
{"level":20,"time":1771400396629,"env":"development","version":"2.8.4","pid":30104,"toolName":"git_set_working_dir","requestId":"86SB4-ILCGL","timestamp":"2026-02-18T07:39:56.629Z","operation":"ToolRegistry.registerTool","msg":"Registering tool: 'git_set_working_dir'"}
{"level":30,"time":1771400396629,"env":"development","version":"2.8.4","pid":30104,"toolName":"git_set_working_dir","requestId":"86SB4-ILCGL","timestamp":"2026-02-18T07:39:56.629Z","operation":"ToolRegistry.registerTool","msg":"Tool 'git_set_working_dir' registered successfully."}
{"level":20,"time":1771400396629,"env":"development","version":"2.8.4","pid":30104,"toolName":"git_show","requestId":"XYI9D-2GSOH","timestamp":"2026-02-18T07:39:56.629Z","operation":"ToolRegistry.registerTool","msg":"Registering tool: 'git_show'"}
{"level":30,"time":1771400396629,"env":"development","version":"2.8.4","pid":30104,"toolName":"git_show","requestId":"XYI9D-2GSOH","timestamp":"2026-02-18T07:39:56.629Z","operation":"ToolRegistry.registerTool","msg":"Tool 'git_show' registered successfully."}
{"level":20,"time":1771400396629,"env":"development","version":"2.8.4","pid":30104,"toolName":"git_stash","requestId":"F5QZE-NKTBO","timestamp":"2026-02-18T07:39:56.629Z","operation":"ToolRegistry.registerTool","msg":"Registering tool: 'git_stash'"}
{"level":30,"time":1771400396629,"env":"development","version":"2.8.4","pid":30104,"toolName":"git_stash","requestId":"F5QZE-NKTBO","timestamp":"2026-02-18T07:39:56.629Z","operation":"ToolRegistry.registerTool","msg":"Tool 'git_stash' registered successfully."}
{"level":20,"time":1771400396629,"env":"development","version":"2.8.4","pid":30104,"toolName":"git_status","requestId":"GFYAY-EXL7D","timestamp":"2026-02-18T07:39:56.629Z","operation":"ToolRegistry.registerTool","msg":"Registering tool: 'git_status'"}
{"level":30,"time":1771400396629,"env":"development","version":"2.8.4","pid":30104,"toolName":"git_status","requestId":"GFYAY-EXL7D","timestamp":"2026-02-18T07:39:56.629Z","operation":"ToolRegistry.registerTool","msg":"Tool 'git_status' registered successfully."}
{"level":20,"time":1771400396629,"env":"development","version":"2.8.4","pid":30104,"toolName":"git_tag","requestId":"AJYVZ-RIXRP","timestamp":"2026-02-18T07:39:56.629Z","operation":"ToolRegistry.registerTool","msg":"Registering tool: 'git_tag'"}
{"level":30,"time":1771400396629,"env":"development","version":"2.8.4","pid":30104,"toolName":"git_tag","requestId":"AJYVZ-RIXRP","timestamp":"2026-02-18T07:39:56.629Z","operation":"ToolRegistry.registerTool","msg":"Tool 'git_tag' registered successfully."}
{"level":20,"time":1771400396629,"env":"development","version":"2.8.4","pid":30104,"toolName":"git_worktree","requestId":"G0IVT-WJU2Z","timestamp":"2026-02-18T07:39:56.629Z","operation":"ToolRegistry.registerTool","msg":"Registering tool: 'git_worktree'"}
{"level":30,"time":1771400396629,"env":"development","version":"2.8.4","pid":30104,"toolName":"git_worktree","requestId":"G0IVT-WJU2Z","timestamp":"2026-02-18T07:39:56.629Z","operation":"ToolRegistry.registerTool","msg":"Tool 'git_worktree' registered successfully."}
{"level":20,"time":1771400396629,"env":"development","version":"2.8.4","pid":30104,"toolName":"git_wrapup_instructions","requestId":"6P42O-T47FX","timestamp":"2026-02-18T07:39:56.629Z","operation":"ToolRegistry.registerTool","msg":"Registering tool: 'git_wrapup_instructions'"}
{"level":30,"time":1771400396629,"env":"development","version":"2.8.4","pid":30104,"toolName":"git_wrapup_instructions","requestId":"6P42O-T47FX","timestamp":"2026-02-18T07:39:56.629Z","operation":"ToolRegistry.registerTool","msg":"Tool 'git_wrapup_instructions' registered successfully."}
{"level":30,"time":1771400396630,"env":"development","version":"2.8.4","pid":30104,"requestId":"NO8X9-JQAE3","timestamp":"2026-02-18T07:39:56.630Z","operation":"ResourceRegistry.registerAll","msg":"Registering 1 resource(s)..."}
{"level":30,"time":1771400396630,"env":"development","version":"2.8.4","pid":30104,"requestId":"D2S1H-JK6IP","timestamp":"2026-02-18T07:39:56.630Z","resourceName":"git-working-directory","operation":"RegisterResource","msg":"Registering resource: 'git-working-directory'"}
{"level":30,"time":1771400396630,"env":"development","version":"2.8.4","pid":30104,"requestId":"D2S1H-JK6IP","timestamp":"2026-02-18T07:39:56.630Z","resourceName":"git-working-directory","operation":"RegisterResource","msg":"Resource 'git-working-directory' registered successfully."}
{"level":20,"time":1771400396631,"env":"development","version":"2.8.4","pid":30104,"requestId":"2BIZ1-1SADY","timestamp":"2026-02-18T07:39:56.631Z","operation":"PromptRegistry.registerAll","msg":"Registering 1 prompts..."}
{"level":20,"time":1771400396631,"env":"development","version":"2.8.4","pid":30104,"requestId":"2BIZ1-1SADY","timestamp":"2026-02-18T07:39:56.631Z","operation":"PromptRegistry.registerAll","msg":"Registering prompt: git_wrapup"}
{"level":30,"time":1771400396631,"env":"development","version":"2.8.4","pid":30104,"requestId":"2BIZ1-1SADY","timestamp":"2026-02-18T07:39:56.631Z","operation":"PromptRegistry.registerAll","msg":"Registered prompt: git_wrapup"}
{"level":30,"time":1771400396631,"env":"development","version":"2.8.4","pid":30104,"requestId":"2BIZ1-1SADY","timestamp":"2026-02-18T07:39:56.631Z","operation":"PromptRegistry.registerAll","msg":"Successfully registered 1 prompts"}
{"level":30,"time":1771400396631,"env":"development","version":"2.8.4","pid":30104,"requestId":"SIH1R-CEXG2","timestamp":"2026-02-18T07:39:56.623Z","operation":"createMcpServerInstance","msg":"All MCP capabilities registered successfully"}
{"level":30,"time":1771400396631,"env":"development","version":"2.8.4","pid":30104,"transport":"stdio","requestId":"NFIG8-DXG4W","timestamp":"2026-02-18T07:39:56.623Z","operation":"connectStdioTransport","transportType":"Stdio","msg":"Attempting to connect stdio transport..."}
{"level":20,"time":1771400396631,"env":"development","version":"2.8.4","pid":30104,"transport":"stdio","requestId":"NFIG8-DXG4W","timestamp":"2026-02-18T07:39:56.623Z","operation":"connectStdioTransport","transportType":"Stdio","msg":"Creating StdioServerTransport instance..."}
{"level":20,"time":1771400396631,"env":"development","version":"2.8.4","pid":30104,"transport":"stdio","requestId":"NFIG8-DXG4W","timestamp":"2026-02-18T07:39:56.623Z","operation":"connectStdioTransport","transportType":"Stdio","msg":"Connecting McpServer instance to StdioServerTransport..."}
{"level":30,"time":1771400396631,"env":"development","version":"2.8.4","pid":30104,"transport":"stdio","requestId":"NFIG8-DXG4W","timestamp":"2026-02-18T07:39:56.623Z","operation":"connectStdioTransport","transportType":"Stdio","msg":"MCP Server connected and listening via stdio transport."}
{"level":30,"time":1771400396631,"env":"development","version":"2.8.4","pid":30104,"applicationName":"@cyanheads/git-mcp-server","applicationVersion":"2.8.4","nodeEnvironment":"development","requestId":"6NDAA-07SIK","timestamp":"2026-02-18T07:39:56.622Z","operation":"ServerStartup","msg":"@cyanheads/git-mcp-server is now running and ready."}
{"level":30,"time":1771488232176,"env":"development","version":"2.8.4","pid":27920,"requestId":"GLJF3-W23G4","timestamp":"2026-02-19T08:03:52.174Z","operation":"loggerInit","msg":"Logger initialized. MCP level: debug."}
{"level":30,"time":1771488232176,"env":"development","version":"2.8.4","pid":27920,"requestId":"8CD50-2UCRJ","timestamp":"2026-02-19T08:03:52.176Z","operation":"LoggerInit","msg":"Logger initialized. Effective MCP logging level: debug."}
{"level":30,"time":1771488232177,"env":"development","version":"2.8.4","pid":27920,"runtime":"node","runtimeVersion":"Node.js 25.6.1","requestId":"D4Z0Y-BKRQL","timestamp":"2026-02-19T08:03:52.177Z","operation":"RuntimeDetection","msg":"Runtime detected: Node.js 25.6.1"}
{"level":30,"time":1771488232177,"env":"development","version":"2.8.4","pid":27920,"requestId":"Q6DYO-H39LT","timestamp":"2026-02-19T08:03:52.177Z","operation":"StorageInit","msg":"Storage service initialized with provider: in-memory"}
{"level":30,"time":1771488232177,"env":"development","version":"2.8.4","pid":27920,"applicationName":"@cyanheads/git-mcp-server","applicationVersion":"2.8.4","nodeEnvironment":"development","requestId":"QZKNS-JKHKG","timestamp":"2026-02-19T08:03:52.177Z","operation":"ServerStartup","msg":"Starting @cyanheads/git-mcp-server (v2.8.4)..."}
{"level":30,"time":1771488232177,"env":"development","version":"2.8.4","pid":27920,"transport":"stdio","requestId":"6HHA4-MWH4P","timestamp":"2026-02-19T08:03:52.177Z","operation":"TransportManager.start","msg":"Starting transport: stdio"}
{"level":30,"time":1771488232177,"env":"development","version":"2.8.4","pid":27920,"requestId":"C0O6M-GHG3B","timestamp":"2026-02-19T08:03:52.177Z","operation":"createMcpServerInstance","msg":"Initializing MCP server instance"}
{"level":20,"time":1771488232177,"env":"development","version":"2.8.4","pid":27920,"requestId":"CSMPN-TL4H5","timestamp":"2026-02-19T08:03:52.177Z","newConfigState":{"appName":"@cyanheads/git-mcp-server","appVersion":"2.8.4","environment":"development"},"operation":"RequestContextService.configure","msg":"RequestContextService configuration updated"}
{"level":20,"time":1771488232181,"env":"development","version":"2.8.4","pid":27920,"requestId":"C0O6M-GHG3B","timestamp":"2026-02-19T08:03:52.177Z","operation":"createMcpServerInstance","msg":"Registering all MCP capabilities via registries..."}
{"level":30,"time":1771488232181,"env":"development","version":"2.8.4","pid":27920,"requestId":"8AP2W-9X9DX","timestamp":"2026-02-19T08:03:52.181Z","operation":"ToolRegistry.registerAll","msg":"Registering 28 tool(s)..."}
{"level":20,"time":1771488232181,"env":"development","version":"2.8.4","pid":27920,"toolName":"git_add","requestId":"DRAX2-ODHPQ","timestamp":"2026-02-19T08:03:52.181Z","operation":"ToolRegistry.registerTool","msg":"Registering tool: 'git_add'"}
{"level":30,"time":1771488232181,"env":"development","version":"2.8.4","pid":27920,"toolName":"git_add","requestId":"DRAX2-ODHPQ","timestamp":"2026-02-19T08:03:52.181Z","operation":"ToolRegistry.registerTool","msg":"Tool 'git_add' registered successfully."}
{"level":20,"time":1771488232182,"env":"development","version":"2.8.4","pid":27920,"toolName":"git_blame","requestId":"2BS13-AW7G7","timestamp":"2026-02-19T08:03:52.182Z","operation":"ToolRegistry.registerTool","msg":"Registering tool: 'git_blame'"}
{"level":30,"time":1771488232182,"env":"development","version":"2.8.4","pid":27920,"toolName":"git_blame","requestId":"2BS13-AW7G7","timestamp":"2026-02-19T08:03:52.182Z","operation":"ToolRegistry.registerTool","msg":"Tool 'git_blame' registered successfully."}
{"level":20,"time":1771488232182,"env":"development","version":"2.8.4","pid":27920,"toolName":"git_branch","requestId":"YSRQB-ZPBFE","timestamp":"2026-02-19T08:03:52.182Z","operation":"ToolRegistry.registerTool","msg":"Registering tool: 'git_branch'"}
{"level":30,"time":1771488232182,"env":"development","version":"2.8.4","pid":27920,"toolName":"git_branch","requestId":"YSRQB-ZPBFE","timestamp":"2026-02-19T08:03:52.182Z","operation":"ToolRegistry.registerTool","msg":"Tool 'git_branch' registered successfully."}
{"level":20,"time":1771488232182,"env":"development","version":"2.8.4","pid":27920,"toolName":"git_changelog_analyze","requestId":"2AMTK-N88N6","timestamp":"2026-02-19T08:03:52.182Z","operation":"ToolRegistry.registerTool","msg":"Registering tool: 'git_changelog_analyze'"}
{"level":30,"time":1771488232182,"env":"development","version":"2.8.4","pid":27920,"toolName":"git_changelog_analyze","requestId":"2AMTK-N88N6","timestamp":"2026-02-19T08:03:52.182Z","operation":"ToolRegistry.registerTool","msg":"Tool 'git_changelog_analyze' registered successfully."}
{"level":20,"time":1771488232182,"env":"development","version":"2.8.4","pid":27920,"toolName":"git_checkout","requestId":"5L0N1-H9HGN","timestamp":"2026-02-19T08:03:52.182Z","operation":"ToolRegistry.registerTool","msg":"Registering tool: 'git_checkout'"}
{"level":30,"time":1771488232182,"env":"development","version":"2.8.4","pid":27920,"toolName":"git_checkout","requestId":"5L0N1-H9HGN","timestamp":"2026-02-19T08:03:52.182Z","operation":"ToolRegistry.registerTool","msg":"Tool 'git_checkout' registered successfully."}
{"level":20,"time":1771488232182,"env":"development","version":"2.8.4","pid":27920,"toolName":"git_cherry_pick","requestId":"XJ8QM-LFBU5","timestamp":"2026-02-19T08:03:52.182Z","operation":"ToolRegistry.registerTool","msg":"Registering tool: 'git_cherry_pick'"}
{"level":30,"time":1771488232182,"env":"development","version":"2.8.4","pid":27920,"toolName":"git_cherry_pick","requestId":"XJ8QM-LFBU5","timestamp":"2026-02-19T08:03:52.182Z","operation":"ToolRegistry.registerTool","msg":"Tool 'git_cherry_pick' registered successfully."}
{"level":20,"time":1771488232182,"env":"development","version":"2.8.4","pid":27920,"toolName":"git_clean","requestId":"NHF04-DG8PQ","timestamp":"2026-02-19T08:03:52.182Z","operation":"ToolRegistry.registerTool","msg":"Registering tool: 'git_clean'"}
{"level":30,"time":1771488232182,"env":"development","version":"2.8.4","pid":27920,"toolName":"git_clean","requestId":"NHF04-DG8PQ","timestamp":"2026-02-19T08:03:52.182Z","operation":"ToolRegistry.registerTool","msg":"Tool 'git_clean' registered successfully."}
{"level":20,"time":1771488232182,"env":"development","version":"2.8.4","pid":27920,"toolName":"git_clear_working_dir","requestId":"TYEPN-IREQF","timestamp":"2026-02-19T08:03:52.182Z","operation":"ToolRegistry.registerTool","msg":"Registering tool: 'git_clear_working_dir'"}
{"level":30,"time":1771488232182,"env":"development","version":"2.8.4","pid":27920,"toolName":"git_clear_working_dir","requestId":"TYEPN-IREQF","timestamp":"2026-02-19T08:03:52.182Z","operation":"ToolRegistry.registerTool","msg":"Tool 'git_clear_working_dir' registered successfully."}
{"level":20,"time":1771488232182,"env":"development","version":"2.8.4","pid":27920,"toolName":"git_clone","requestId":"9NJ20-8P3R8","timestamp":"2026-02-19T08:03:52.182Z","operation":"ToolRegistry.registerTool","msg":"Registering tool: 'git_clone'"}
{"level":30,"time":1771488232182,"env":"development","version":"2.8.4","pid":27920,"toolName":"git_clone","requestId":"9NJ20-8P3R8","timestamp":"2026-02-19T08:03:52.182Z","operation":"ToolRegistry.registerTool","msg":"Tool 'git_clone' registered successfully."}
{"level":20,"time":1771488232182,"env":"development","version":"2.8.4","pid":27920,"toolName":"git_commit","requestId":"NBV0L-TMTZA","timestamp":"2026-02-19T08:03:52.182Z","operation":"ToolRegistry.registerTool","msg":"Registering tool: 'git_commit'"}
{"level":30,"time":1771488232182,"env":"development","version":"2.8.4","pid":27920,"toolName":"git_commit","requestId":"NBV0L-TMTZA","timestamp":"2026-02-19T08:03:52.182Z","operation":"ToolRegistry.registerTool","msg":"Tool 'git_commit' registered successfully."}
{"level":20,"time":1771488232182,"env":"development","version":"2.8.4","pid":27920,"toolName":"git_diff","requestId":"W95RX-DNGCU","timestamp":"2026-02-19T08:03:52.182Z","operation":"ToolRegistry.registerTool","msg":"Registering tool: 'git_diff'"}
{"level":30,"time":1771488232182,"env":"development","version":"2.8.4","pid":27920,"toolName":"git_diff","requestId":"W95RX-DNGCU","timestamp":"2026-02-19T08:03:52.182Z","operation":"ToolRegistry.registerTool","msg":"Tool 'git_diff' registered successfully."}
{"level":20,"time":1771488232182,"env":"development","version":"2.8.4","pid":27920,"toolName":"git_fetch","requestId":"THI3Z-JJ3CI","timestamp":"2026-02-19T08:03:52.182Z","operation":"ToolRegistry.registerTool","msg":"Registering tool: 'git_fetch'"}
{"level":30,"time":1771488232182,"env":"development","version":"2.8.4","pid":27920,"toolName":"git_fetch","requestId":"THI3Z-JJ3CI","timestamp":"2026-02-19T08:03:52.182Z","operation":"ToolRegistry.registerTool","msg":"Tool 'git_fetch' registered successfully."}
{"level":20,"time":1771488232182,"env":"development","version":"2.8.4","pid":27920,"toolName":"git_init","requestId":"1K5CX-LDLYR","timestamp":"2026-02-19T08:03:52.182Z","operation":"ToolRegistry.registerTool","msg":"Registering tool: 'git_init'"}
{"level":30,"time":1771488232182,"env":"development","version":"2.8.4","pid":27920,"toolName":"git_init","requestId":"1K5CX-LDLYR","timestamp":"2026-02-19T08:03:52.182Z","operation":"ToolRegistry.registerTool","msg":"Tool 'git_init' registered successfully."}
{"level":20,"time":1771488232182,"env":"development","version":"2.8.4","pid":27920,"toolName":"git_log","requestId":"QYD4K-G3V9W","timestamp":"2026-02-19T08:03:52.182Z","operation":"ToolRegistry.registerTool","msg":"Registering tool: 'git_log'"}
{"level":30,"time":1771488232182,"env":"development","version":"2.8.4","pid":27920,"toolName":"git_log","requestId":"QYD4K-G3V9W","timestamp":"2026-02-19T08:03:52.182Z","operation":"ToolRegistry.registerTool","msg":"Tool 'git_log' registered successfully."}
{"level":20,"time":1771488232182,"env":"development","version":"2.8.4","pid":27920,"toolName":"git_merge","requestId":"5A22C-7413G","timestamp":"2026-02-19T08:03:52.182Z","operation":"ToolRegistry.registerTool","msg":"Registering tool: 'git_merge'"}
{"level":30,"time":1771488232182,"env":"development","version":"2.8.4","pid":27920,"toolName":"git_merge","requestId":"5A22C-7413G","timestamp":"2026-02-19T08:03:52.182Z","operation":"ToolRegistry.registerTool","msg":"Tool 'git_merge' registered successfully."}
{"level":20,"time":1771488232182,"env":"development","version":"2.8.4","pid":27920,"toolName":"git_pull","requestId":"AAGQD-PFB09","timestamp":"2026-02-19T08:03:52.182Z","operation":"ToolRegistry.registerTool","msg":"Registering tool: 'git_pull'"}
{"level":30,"time":1771488232182,"env":"development","version":"2.8.4","pid":27920,"toolName":"git_pull","requestId":"AAGQD-PFB09","timestamp":"2026-02-19T08:03:52.182Z","operation":"ToolRegistry.registerTool","msg":"Tool 'git_pull' registered successfully."}
{"level":20,"time":1771488232182,"env":"development","version":"2.8.4","pid":27920,"toolName":"git_push","requestId":"0JXG2-GH3CO","timestamp":"2026-02-19T08:03:52.182Z","operation":"ToolRegistry.registerTool","msg":"Registering tool: 'git_push'"}
{"level":30,"time":1771488232182,"env":"development","version":"2.8.4","pid":27920,"toolName":"git_push","requestId":"0JXG2-GH3CO","timestamp":"2026-02-19T08:03:52.182Z","operation":"ToolRegistry.registerTool","msg":"Tool 'git_push' registered successfully."}
{"level":20,"time":1771488232182,"env":"development","version":"2.8.4","pid":27920,"toolName":"git_rebase","requestId":"Y4MVP-XQFW4","timestamp":"2026-02-19T08:03:52.182Z","operation":"ToolRegistry.registerTool","msg":"Registering tool: 'git_rebase'"}
{"level":30,"time":1771488232183,"env":"development","version":"2.8.4","pid":27920,"toolName":"git_rebase","requestId":"Y4MVP-XQFW4","timestamp":"2026-02-19T08:03:52.182Z","operation":"ToolRegistry.registerTool","msg":"Tool 'git_rebase' registered successfully."}
{"level":20,"time":1771488232183,"env":"development","version":"2.8.4","pid":27920,"toolName":"git_reflog","requestId":"RFZXI-6OO2D","timestamp":"2026-02-19T08:03:52.183Z","operation":"ToolRegistry.registerTool","msg":"Registering tool: 'git_reflog'"}
{"level":30,"time":1771488232183,"env":"development","version":"2.8.4","pid":27920,"toolName":"git_reflog","requestId":"RFZXI-6OO2D","timestamp":"2026-02-19T08:03:52.183Z","operation":"ToolRegistry.registerTool","msg":"Tool 'git_reflog' registered successfully."}
{"level":20,"time":1771488232183,"env":"development","version":"2.8.4","pid":27920,"toolName":"git_remote","requestId":"EFQ42-VB5OS","timestamp":"2026-02-19T08:03:52.183Z","operation":"ToolRegistry.registerTool","msg":"Registering tool: 'git_remote'"}
{"level":30,"time":1771488232183,"env":"development","version":"2.8.4","pid":27920,"toolName":"git_remote","requestId":"EFQ42-VB5OS","timestamp":"2026-02-19T08:03:52.183Z","operation":"ToolRegistry.registerTool","msg":"Tool 'git_remote' registered successfully."}
{"level":20,"time":1771488232183,"env":"development","version":"2.8.4","pid":27920,"toolName":"git_reset","requestId":"HK76F-6RAQT","timestamp":"2026-02-19T08:03:52.183Z","operation":"ToolRegistry.registerTool","msg":"Registering tool: 'git_reset'"}
{"level":30,"time":1771488232183,"env":"development","version":"2.8.4","pid":27920,"toolName":"git_reset","requestId":"HK76F-6RAQT","timestamp":"2026-02-19T08:03:52.183Z","operation":"ToolRegistry.registerTool","msg":"Tool 'git_reset' registered successfully."}
{"level":20,"time":1771488232183,"env":"development","version":"2.8.4","pid":27920,"toolName":"git_set_working_dir","requestId":"6CCI7-IRJUN","timestamp":"2026-02-19T08:03:52.183Z","operation":"ToolRegistry.registerTool","msg":"Registering tool: 'git_set_working_dir'"}
{"level":30,"time":1771488232183,"env":"development","version":"2.8.4","pid":27920,"toolName":"git_set_working_dir","requestId":"6CCI7-IRJUN","timestamp":"2026-02-19T08:03:52.183Z","operation":"ToolRegistry.registerTool","msg":"Tool 'git_set_working_dir' registered successfully."}
{"level":20,"time":1771488232183,"env":"development","version":"2.8.4","pid":27920,"toolName":"git_show","requestId":"GR710-79SPF","timestamp":"2026-02-19T08:03:52.183Z","operation":"ToolRegistry.registerTool","msg":"Registering tool: 'git_show'"}
{"level":30,"time":1771488232183,"env":"development","version":"2.8.4","pid":27920,"toolName":"git_show","requestId":"GR710-79SPF","timestamp":"2026-02-19T08:03:52.183Z","operation":"ToolRegistry.registerTool","msg":"Tool 'git_show' registered successfully."}
{"level":20,"time":1771488232183,"env":"development","version":"2.8.4","pid":27920,"toolName":"git_stash","requestId":"LGMR9-1YU3U","timestamp":"2026-02-19T08:03:52.183Z","operation":"ToolRegistry.registerTool","msg":"Registering tool: 'git_stash'"}
{"level":30,"time":1771488232183,"env":"development","version":"2.8.4","pid":27920,"toolName":"git_stash","requestId":"LGMR9-1YU3U","timestamp":"2026-02-19T08:03:52.183Z","operation":"ToolRegistry.registerTool","msg":"Tool 'git_stash' registered successfully."}
{"level":20,"time":1771488232183,"env":"development","version":"2.8.4","pid":27920,"toolName":"git_status","requestId":"BAAXZ-PE2BY","timestamp":"2026-02-19T08:03:52.183Z","operation":"ToolRegistry.registerTool","msg":"Registering tool: 'git_status'"}
{"level":30,"time":1771488232183,"env":"development","version":"2.8.4","pid":27920,"toolName":"git_status","requestId":"BAAXZ-PE2BY","timestamp":"2026-02-19T08:03:52.183Z","operation":"ToolRegistry.registerTool","msg":"Tool 'git_status' registered successfully."}
{"level":20,"time":1771488232183,"env":"development","version":"2.8.4","pid":27920,"toolName":"git_tag","requestId":"LTL7C-C4OZ6","timestamp":"2026-02-19T08:03:52.183Z","operation":"ToolRegistry.registerTool","msg":"Registering tool: 'git_tag'"}
{"level":30,"time":1771488232183,"env":"development","version":"2.8.4","pid":27920,"toolName":"git_tag","requestId":"LTL7C-C4OZ6","timestamp":"2026-02-19T08:03:52.183Z","operation":"ToolRegistry.registerTool","msg":"Tool 'git_tag' registered successfully."}
{"level":20,"time":1771488232183,"env":"development","version":"2.8.4","pid":27920,"toolName":"git_worktree","requestId":"EGI4Q-DTAO7","timestamp":"2026-02-19T08:03:52.183Z","operation":"ToolRegistry.registerTool","msg":"Registering tool: 'git_worktree'"}
{"level":30,"time":1771488232183,"env":"development","version":"2.8.4","pid":27920,"toolName":"git_worktree","requestId":"EGI4Q-DTAO7","timestamp":"2026-02-19T08:03:52.183Z","operation":"ToolRegistry.registerTool","msg":"Tool 'git_worktree' registered successfully."}
{"level":20,"time":1771488232183,"env":"development","version":"2.8.4","pid":27920,"toolName":"git_wrapup_instructions","requestId":"FQEYH-LLYVO","timestamp":"2026-02-19T08:03:52.183Z","operation":"ToolRegistry.registerTool","msg":"Registering tool: 'git_wrapup_instructions'"}
{"level":30,"time":1771488232183,"env":"development","version":"2.8.4","pid":27920,"toolName":"git_wrapup_instructions","requestId":"FQEYH-LLYVO","timestamp":"2026-02-19T08:03:52.183Z","operation":"ToolRegistry.registerTool","msg":"Tool 'git_wrapup_instructions' registered successfully."}
{"level":30,"time":1771488232183,"env":"development","version":"2.8.4","pid":27920,"requestId":"JI48I-WO7GU","timestamp":"2026-02-19T08:03:52.183Z","operation":"ResourceRegistry.registerAll","msg":"Registering 1 resource(s)..."}
{"level":30,"time":1771488232183,"env":"development","version":"2.8.4","pid":27920,"requestId":"Y8QWD-H5R4H","timestamp":"2026-02-19T08:03:52.183Z","resourceName":"git-working-directory","operation":"RegisterResource","msg":"Registering resource: 'git-working-directory'"}
{"level":30,"time":1771488232184,"env":"development","version":"2.8.4","pid":27920,"requestId":"Y8QWD-H5R4H","timestamp":"2026-02-19T08:03:52.183Z","resourceName":"git-working-directory","operation":"RegisterResource","msg":"Resource 'git-working-directory' registered successfully."}
{"level":20,"time":1771488232184,"env":"development","version":"2.8.4","pid":27920,"requestId":"UKUIJ-TSGPW","timestamp":"2026-02-19T08:03:52.184Z","operation":"PromptRegistry.registerAll","msg":"Registering 1 prompts..."}
{"level":20,"time":1771488232184,"env":"development","version":"2.8.4","pid":27920,"requestId":"UKUIJ-TSGPW","timestamp":"2026-02-19T08:03:52.184Z","operation":"PromptRegistry.registerAll","msg":"Registering prompt: git_wrapup"}
{"level":30,"time":1771488232184,"env":"development","version":"2.8.4","pid":27920,"requestId":"UKUIJ-TSGPW","timestamp":"2026-02-19T08:03:52.184Z","operation":"PromptRegistry.registerAll","msg":"Registered prompt: git_wrapup"}
{"level":30,"time":1771488232184,"env":"development","version":"2.8.4","pid":27920,"requestId":"UKUIJ-TSGPW","timestamp":"2026-02-19T08:03:52.184Z","operation":"PromptRegistry.registerAll","msg":"Successfully registered 1 prompts"}
{"level":30,"time":1771488232184,"env":"development","version":"2.8.4","pid":27920,"requestId":"C0O6M-GHG3B","timestamp":"2026-02-19T08:03:52.177Z","operation":"createMcpServerInstance","msg":"All MCP capabilities registered successfully"}
{"level":30,"time":1771488232184,"env":"development","version":"2.8.4","pid":27920,"transport":"stdio","requestId":"6HHA4-MWH4P","timestamp":"2026-02-19T08:03:52.177Z","operation":"connectStdioTransport","transportType":"Stdio","msg":"Attempting to connect stdio transport..."}
{"level":20,"time":1771488232184,"env":"development","version":"2.8.4","pid":27920,"transport":"stdio","requestId":"6HHA4-MWH4P","timestamp":"2026-02-19T08:03:52.177Z","operation":"connectStdioTransport","transportType":"Stdio","msg":"Creating StdioServerTransport instance..."}
{"level":20,"time":1771488232184,"env":"development","version":"2.8.4","pid":27920,"transport":"stdio","requestId":"6HHA4-MWH4P","timestamp":"2026-02-19T08:03:52.177Z","operation":"connectStdioTransport","transportType":"Stdio","msg":"Connecting McpServer instance to StdioServerTransport..."}
{"level":30,"time":1771488232184,"env":"development","version":"2.8.4","pid":27920,"transport":"stdio","requestId":"6HHA4-MWH4P","timestamp":"2026-02-19T08:03:52.177Z","operation":"connectStdioTransport","transportType":"Stdio","msg":"MCP Server connected and listening via stdio transport."}
{"level":30,"time":1771488232184,"env":"development","version":"2.8.4","pid":27920,"applicationName":"@cyanheads/git-mcp-server","applicationVersion":"2.8.4","nodeEnvironment":"development","requestId":"QZKNS-JKHKG","timestamp":"2026-02-19T08:03:52.177Z","operation":"ServerStartup","msg":"@cyanheads/git-mcp-server is now running and ready."}
{"level":30,"time":1771491452560,"env":"development","version":"2.8.4","pid":35868,"requestId":"STEIM-888HI","timestamp":"2026-02-19T08:57:32.558Z","operation":"loggerInit","msg":"Logger initialized. MCP level: debug."}
{"level":30,"time":1771491452561,"env":"development","version":"2.8.4","pid":35868,"requestId":"GYNXF-YHZ4I","timestamp":"2026-02-19T08:57:32.561Z","operation":"LoggerInit","msg":"Logger initialized. Effective MCP logging level: debug."}
{"level":30,"time":1771491452561,"env":"development","version":"2.8.4","pid":35868,"runtime":"node","runtimeVersion":"Node.js 25.6.1","requestId":"0CIOW-OG5G4","timestamp":"2026-02-19T08:57:32.561Z","operation":"RuntimeDetection","msg":"Runtime detected: Node.js 25.6.1"}
{"level":30,"time":1771491452561,"env":"development","version":"2.8.4","pid":35868,"requestId":"DPNMY-CB1FS","timestamp":"2026-02-19T08:57:32.561Z","operation":"StorageInit","msg":"Storage service initialized with provider: in-memory"}
{"level":30,"time":1771491452561,"env":"development","version":"2.8.4","pid":35868,"applicationName":"@cyanheads/git-mcp-server","applicationVersion":"2.8.4","nodeEnvironment":"development","requestId":"N0VP0-JAIK9","timestamp":"2026-02-19T08:57:32.561Z","operation":"ServerStartup","msg":"Starting @cyanheads/git-mcp-server (v2.8.4)..."}
{"level":30,"time":1771491452562,"env":"development","version":"2.8.4","pid":35868,"transport":"stdio","requestId":"RSRUQ-ADGXZ","timestamp":"2026-02-19T08:57:32.562Z","operation":"TransportManager.start","msg":"Starting transport: stdio"}
{"level":30,"time":1771491452562,"env":"development","version":"2.8.4","pid":35868,"requestId":"UXR8K-H39WZ","timestamp":"2026-02-19T08:57:32.562Z","operation":"createMcpServerInstance","msg":"Initializing MCP server instance"}
{"level":20,"time":1771491452562,"env":"development","version":"2.8.4","pid":35868,"requestId":"FW3I0-JDZEV","timestamp":"2026-02-19T08:57:32.562Z","newConfigState":{"appName":"@cyanheads/git-mcp-server","appVersion":"2.8.4","environment":"development"},"operation":"RequestContextService.configure","msg":"RequestContextService configuration updated"}
{"level":20,"time":1771491452566,"env":"development","version":"2.8.4","pid":35868,"requestId":"UXR8K-H39WZ","timestamp":"2026-02-19T08:57:32.562Z","operation":"createMcpServerInstance","msg":"Registering all MCP capabilities via registries..."}
{"level":30,"time":1771491452567,"env":"development","version":"2.8.4","pid":35868,"requestId":"SFCVB-AT1YB","timestamp":"2026-02-19T08:57:32.567Z","operation":"ToolRegistry.registerAll","msg":"Registering 28 tool(s)..."}
{"level":20,"time":1771491452567,"env":"development","version":"2.8.4","pid":35868,"toolName":"git_add","requestId":"E2CPG-JWYV8","timestamp":"2026-02-19T08:57:32.567Z","operation":"ToolRegistry.registerTool","msg":"Registering tool: 'git_add'"}
{"level":30,"time":1771491452568,"env":"development","version":"2.8.4","pid":35868,"toolName":"git_add","requestId":"E2CPG-JWYV8","timestamp":"2026-02-19T08:57:32.567Z","operation":"ToolRegistry.registerTool","msg":"Tool 'git_add' registered successfully."}
{"level":20,"time":1771491452568,"env":"development","version":"2.8.4","pid":35868,"toolName":"git_blame","requestId":"SCC3S-CDDLF","timestamp":"2026-02-19T08:57:32.568Z","operation":"ToolRegistry.registerTool","msg":"Registering tool: 'git_blame'"}
{"level":30,"time":1771491452568,"env":"development","version":"2.8.4","pid":35868,"toolName":"git_blame","requestId":"SCC3S-CDDLF","timestamp":"2026-02-19T08:57:32.568Z","operation":"ToolRegistry.registerTool","msg":"Tool 'git_blame' registered successfully."}
{"level":20,"time":1771491452568,"env":"development","version":"2.8.4","pid":35868,"toolName":"git_branch","requestId":"Q4S6I-YZF57","timestamp":"2026-02-19T08:57:32.568Z","operation":"ToolRegistry.registerTool","msg":"Registering tool: 'git_branch'"}
{"level":30,"time":1771491452568,"env":"development","version":"2.8.4","pid":35868,"toolName":"git_branch","requestId":"Q4S6I-YZF57","timestamp":"2026-02-19T08:57:32.568Z","operation":"ToolRegistry.registerTool","msg":"Tool 'git_branch' registered successfully."}
{"level":20,"time":1771491452568,"env":"development","version":"2.8.4","pid":35868,"toolName":"git_changelog_analyze","requestId":"PFNLT-DG9B9","timestamp":"2026-02-19T08:57:32.568Z","operation":"ToolRegistry.registerTool","msg":"Registering tool: 'git_changelog_analyze'"}
{"level":30,"time":1771491452568,"env":"development","version":"2.8.4","pid":35868,"toolName":"git_changelog_analyze","requestId":"PFNLT-DG9B9","timestamp":"2026-02-19T08:57:32.568Z","operation":"ToolRegistry.registerTool","msg":"Tool 'git_changelog_analyze' registered successfully."}
{"level":20,"time":1771491452568,"env":"development","version":"2.8.4","pid":35868,"toolName":"git_checkout","requestId":"NHRT3-75W37","timestamp":"2026-02-19T08:57:32.568Z","operation":"ToolRegistry.registerTool","msg":"Registering tool: 'git_checkout'"}
{"level":30,"time":1771491452568,"env":"development","version":"2.8.4","pid":35868,"toolName":"git_checkout","requestId":"NHRT3-75W37","timestamp":"2026-02-19T08:57:32.568Z","operation":"ToolRegistry.registerTool","msg":"Tool 'git_checkout' registered successfully."}
{"level":20,"time":1771491452568,"env":"development","version":"2.8.4","pid":35868,"toolName":"git_cherry_pick","requestId":"03D9N-H9U4I","timestamp":"2026-02-19T08:57:32.568Z","operation":"ToolRegistry.registerTool","msg":"Registering tool: 'git_cherry_pick'"}
{"level":30,"time":1771491452568,"env":"development","version":"2.8.4","pid":35868,"toolName":"git_cherry_pick","requestId":"03D9N-H9U4I","timestamp":"2026-02-19T08:57:32.568Z","operation":"ToolRegistry.registerTool","msg":"Tool 'git_cherry_pick' registered successfully."}
{"level":20,"time":1771491452568,"env":"development","version":"2.8.4","pid":35868,"toolName":"git_clean","requestId":"27E4N-863H8","timestamp":"2026-02-19T08:57:32.568Z","operation":"ToolRegistry.registerTool","msg":"Registering tool: 'git_clean'"}
{"level":30,"time":1771491452568,"env":"development","version":"2.8.4","pid":35868,"toolName":"git_clean","requestId":"27E4N-863H8","timestamp":"2026-02-19T08:57:32.568Z","operation":"ToolRegistry.registerTool","msg":"Tool 'git_clean' registered successfully."}
{"level":20,"time":1771491452568,"env":"development","version":"2.8.4","pid":35868,"toolName":"git_clear_working_dir","requestId":"RHBAX-9NIL0","timestamp":"2026-02-19T08:57:32.568Z","operation":"ToolRegistry.registerTool","msg":"Registering tool: 'git_clear_working_dir'"}
{"level":30,"time":1771491452568,"env":"development","version":"2.8.4","pid":35868,"toolName":"git_clear_working_dir","requestId":"RHBAX-9NIL0","timestamp":"2026-02-19T08:57:32.568Z","operation":"ToolRegistry.registerTool","msg":"Tool 'git_clear_working_dir' registered successfully."}
{"level":20,"time":1771491452568,"env":"development","version":"2.8.4","pid":35868,"toolName":"git_clone","requestId":"3Q60E-GITDX","timestamp":"2026-02-19T08:57:32.568Z","operation":"ToolRegistry.registerTool","msg":"Registering tool: 'git_clone'"}
{"level":30,"time":1771491452568,"env":"development","version":"2.8.4","pid":35868,"toolName":"git_clone","requestId":"3Q60E-GITDX","timestamp":"2026-02-19T08:57:32.568Z","operation":"ToolRegistry.registerTool","msg":"Tool 'git_clone' registered successfully."}
{"level":20,"time":1771491452568,"env":"development","version":"2.8.4","pid":35868,"toolName":"git_commit","requestId":"WPFZA-I157B","timestamp":"2026-02-19T08:57:32.568Z","operation":"ToolRegistry.registerTool","msg":"Registering tool: 'git_commit'"}
{"level":30,"time":1771491452568,"env":"development","version":"2.8.4","pid":35868,"toolName":"git_commit","requestId":"WPFZA-I157B","timestamp":"2026-02-19T08:57:32.568Z","operation":"ToolRegistry.registerTool","msg":"Tool 'git_commit' registered successfully."}
{"level":20,"time":1771491452568,"env":"development","version":"2.8.4","pid":35868,"toolName":"git_diff","requestId":"WVENF-YSF0E","timestamp":"2026-02-19T08:57:32.568Z","operation":"ToolRegistry.registerTool","msg":"Registering tool: 'git_diff'"}
{"level":30,"time":1771491452568,"env":"development","version":"2.8.4","pid":35868,"toolName":"git_diff","requestId":"WVENF-YSF0E","timestamp":"2026-02-19T08:57:32.568Z","operation":"ToolRegistry.registerTool","msg":"Tool 'git_diff' registered successfully."}
{"level":20,"time":1771491452569,"env":"development","version":"2.8.4","pid":35868,"toolName":"git_fetch","requestId":"W27JF-9OJNC","timestamp":"2026-02-19T08:57:32.569Z","operation":"ToolRegistry.registerTool","msg":"Registering tool: 'git_fetch'"}
{"level":30,"time":1771491452569,"env":"development","version":"2.8.4","pid":35868,"toolName":"git_fetch","requestId":"W27JF-9OJNC","timestamp":"2026-02-19T08:57:32.569Z","operation":"ToolRegistry.registerTool","msg":"Tool 'git_fetch' registered successfully."}
{"level":20,"time":1771491452569,"env":"development","version":"2.8.4","pid":35868,"toolName":"git_init","requestId":"897AJ-UQ0VE","timestamp":"2026-02-19T08:57:32.569Z","operation":"ToolRegistry.registerTool","msg":"Registering tool: 'git_init'"}
{"level":30,"time":1771491452569,"env":"development","version":"2.8.4","pid":35868,"toolName":"git_init","requestId":"897AJ-UQ0VE","timestamp":"2026-02-19T08:57:32.569Z","operation":"ToolRegistry.registerTool","msg":"Tool 'git_init' registered successfully."}
{"level":20,"time":1771491452569,"env":"development","version":"2.8.4","pid":35868,"toolName":"git_log","requestId":"JCPW5-QCRPW","timestamp":"2026-02-19T08:57:32.569Z","operation":"ToolRegistry.registerTool","msg":"Registering tool: 'git_log'"}
{"level":30,"time":1771491452569,"env":"development","version":"2.8.4","pid":35868,"toolName":"git_log","requestId":"JCPW5-QCRPW","timestamp":"2026-02-19T08:57:32.569Z","operation":"ToolRegistry.registerTool","msg":"Tool 'git_log' registered successfully."}
{"level":20,"time":1771491452569,"env":"development","version":"2.8.4","pid":35868,"toolName":"git_merge","requestId":"O7KJD-6MH1U","timestamp":"2026-02-19T08:57:32.569Z","operation":"ToolRegistry.registerTool","msg":"Registering tool: 'git_merge'"}
{"level":30,"time":1771491452569,"env":"development","version":"2.8.4","pid":35868,"toolName":"git_merge","requestId":"O7KJD-6MH1U","timestamp":"2026-02-19T08:57:32.569Z","operation":"ToolRegistry.registerTool","msg":"Tool 'git_merge' registered successfully."}
{"level":20,"time":1771491452569,"env":"development","version":"2.8.4","pid":35868,"toolName":"git_pull","requestId":"XMV2D-B1D6P","timestamp":"2026-02-19T08:57:32.569Z","operation":"ToolRegistry.registerTool","msg":"Registering tool: 'git_pull'"}
{"level":30,"time":1771491452569,"env":"development","version":"2.8.4","pid":35868,"toolName":"git_pull","requestId":"XMV2D-B1D6P","timestamp":"2026-02-19T08:57:32.569Z","operation":"ToolRegistry.registerTool","msg":"Tool 'git_pull' registered successfully."}
{"level":20,"time":1771491452569,"env":"development","version":"2.8.4","pid":35868,"toolName":"git_push","requestId":"FZZJ7-1CJZI","timestamp":"2026-02-19T08:57:32.569Z","operation":"ToolRegistry.registerTool","msg":"Registering tool: 'git_push'"}
{"level":30,"time":1771491452569,"env":"development","version":"2.8.4","pid":35868,"toolName":"git_push","requestId":"FZZJ7-1CJZI","timestamp":"2026-02-19T08:57:32.569Z","operation":"ToolRegistry.registerTool","msg":"Tool 'git_push' registered successfully."}
{"level":20,"time":1771491452569,"env":"development","version":"2.8.4","pid":35868,"toolName":"git_rebase","requestId":"BJOM5-MGWMP","timestamp":"2026-02-19T08:57:32.569Z","operation":"ToolRegistry.registerTool","msg":"Registering tool: 'git_rebase'"}
{"level":30,"time":1771491452569,"env":"development","version":"2.8.4","pid":35868,"toolName":"git_rebase","requestId":"BJOM5-MGWMP","timestamp":"2026-02-19T08:57:32.569Z","operation":"ToolRegistry.registerTool","msg":"Tool 'git_rebase' registered successfully."}
{"level":20,"time":1771491452569,"env":"development","version":"2.8.4","pid":35868,"toolName":"git_reflog","requestId":"342P5-NLREJ","timestamp":"2026-02-19T08:57:32.569Z","operation":"ToolRegistry.registerTool","msg":"Registering tool: 'git_reflog'"}
{"level":30,"time":1771491452569,"env":"development","version":"2.8.4","pid":35868,"toolName":"git_reflog","requestId":"342P5-NLREJ","timestamp":"2026-02-19T08:57:32.569Z","operation":"ToolRegistry.registerTool","msg":"Tool 'git_reflog' registered successfully."}
{"level":20,"time":1771491452569,"env":"development","version":"2.8.4","pid":35868,"toolName":"git_remote","requestId":"A9JKT-PIFA6","timestamp":"2026-02-19T08:57:32.569Z","operation":"ToolRegistry.registerTool","msg":"Registering tool: 'git_remote'"}
{"level":30,"time":1771491452569,"env":"development","version":"2.8.4","pid":35868,"toolName":"git_remote","requestId":"A9JKT-PIFA6","timestamp":"2026-02-19T08:57:32.569Z","operation":"ToolRegistry.registerTool","msg":"Tool 'git_remote' registered successfully."}
{"level":20,"time":1771491452569,"env":"development","version":"2.8.4","pid":35868,"toolName":"git_reset","requestId":"U1RNY-D2U8J","timestamp":"2026-02-19T08:57:32.569Z","operation":"ToolRegistry.registerTool","msg":"Registering tool: 'git_reset'"}
{"level":30,"time":1771491452569,"env":"development","version":"2.8.4","pid":35868,"toolName":"git_reset","requestId":"U1RNY-D2U8J","timestamp":"2026-02-19T08:57:32.569Z","operation":"ToolRegistry.registerTool","msg":"Tool 'git_reset' registered successfully."}
{"level":20,"time":1771491452569,"env":"development","version":"2.8.4","pid":35868,"toolName":"git_set_working_dir","requestId":"F5DLB-0CZSE","timestamp":"2026-02-19T08:57:32.569Z","operation":"ToolRegistry.registerTool","msg":"Registering tool: 'git_set_working_dir'"}
{"level":30,"time":1771491452569,"env":"development","version":"2.8.4","pid":35868,"toolName":"git_set_working_dir","requestId":"F5DLB-0CZSE","timestamp":"2026-02-19T08:57:32.569Z","operation":"ToolRegistry.registerTool","msg":"Tool 'git_set_working_dir' registered successfully."}
{"level":20,"time":1771491452569,"env":"development","version":"2.8.4","pid":35868,"toolName":"git_show","requestId":"UVKSX-LL5K4","timestamp":"2026-02-19T08:57:32.569Z","operation":"ToolRegistry.registerTool","msg":"Registering tool: 'git_show'"}
{"level":30,"time":1771491452569,"env":"development","version":"2.8.4","pid":35868,"toolName":"git_show","requestId":"UVKSX-LL5K4","timestamp":"2026-02-19T08:57:32.569Z","operation":"ToolRegistry.registerTool","msg":"Tool 'git_show' registered successfully."}
{"level":20,"time":1771491452569,"env":"development","version":"2.8.4","pid":35868,"toolName":"git_stash","requestId":"7K4UL-GALEA","timestamp":"2026-02-19T08:57:32.569Z","operation":"ToolRegistry.registerTool","msg":"Registering tool: 'git_stash'"}
{"level":30,"time":1771491452569,"env":"development","version":"2.8.4","pid":35868,"toolName":"git_stash","requestId":"7K4UL-GALEA","timestamp":"2026-02-19T08:57:32.569Z","operation":"ToolRegistry.registerTool","msg":"Tool 'git_stash' registered successfully."}
{"level":20,"time":1771491452569,"env":"development","version":"2.8.4","pid":35868,"toolName":"git_status","requestId":"MDSE9-W5OXQ","timestamp":"2026-02-19T08:57:32.569Z","operation":"ToolRegistry.registerTool","msg":"Registering tool: 'git_status'"}
{"level":30,"time":1771491452569,"env":"development","version":"2.8.4","pid":35868,"toolName":"git_status","requestId":"MDSE9-W5OXQ","timestamp":"2026-02-19T08:57:32.569Z","operation":"ToolRegistry.registerTool","msg":"Tool 'git_status' registered successfully."}
{"level":20,"time":1771491452569,"env":"development","version":"2.8.4","pid":35868,"toolName":"git_tag","requestId":"JUDLW-QQM7N","timestamp":"2026-02-19T08:57:32.569Z","operation":"ToolRegistry.registerTool","msg":"Registering tool: 'git_tag'"}
{"level":30,"time":1771491452569,"env":"development","version":"2.8.4","pid":35868,"toolName":"git_tag","requestId":"JUDLW-QQM7N","timestamp":"2026-02-19T08:57:32.569Z","operation":"ToolRegistry.registerTool","msg":"Tool 'git_tag' registered successfully."}
{"level":20,"time":1771491452569,"env":"development","version":"2.8.4","pid":35868,"toolName":"git_worktree","requestId":"07GEU-AQS2G","timestamp":"2026-02-19T08:57:32.569Z","operation":"ToolRegistry.registerTool","msg":"Registering tool: 'git_worktree'"}
{"level":30,"time":1771491452569,"env":"development","version":"2.8.4","pid":35868,"toolName":"git_worktree","requestId":"07GEU-AQS2G","timestamp":"2026-02-19T08:57:32.569Z","operation":"ToolRegistry.registerTool","msg":"Tool 'git_worktree' registered successfully."}
{"level":20,"time":1771491452569,"env":"development","version":"2.8.4","pid":35868,"toolName":"git_wrapup_instructions","requestId":"JGKOY-2Z27R","timestamp":"2026-02-19T08:57:32.569Z","operation":"ToolRegistry.registerTool","msg":"Registering tool: 'git_wrapup_instructions'"}
{"level":30,"time":1771491452569,"env":"development","version":"2.8.4","pid":35868,"toolName":"git_wrapup_instructions","requestId":"JGKOY-2Z27R","timestamp":"2026-02-19T08:57:32.569Z","operation":"ToolRegistry.registerTool","msg":"Tool 'git_wrapup_instructions' registered successfully."}
{"level":30,"time":1771491452569,"env":"development","version":"2.8.4","pid":35868,"requestId":"UT5E4-9UB1C","timestamp":"2026-02-19T08:57:32.569Z","operation":"ResourceRegistry.registerAll","msg":"Registering 1 resource(s)..."}
{"level":30,"time":1771491452569,"env":"development","version":"2.8.4","pid":35868,"requestId":"1MXO5-YQYA6","timestamp":"2026-02-19T08:57:32.569Z","resourceName":"git-working-directory","operation":"RegisterResource","msg":"Registering resource: 'git-working-directory'"}
{"level":30,"time":1771491452570,"env":"development","version":"2.8.4","pid":35868,"requestId":"1MXO5-YQYA6","timestamp":"2026-02-19T08:57:32.569Z","resourceName":"git-working-directory","operation":"RegisterResource","msg":"Resource 'git-working-directory' registered successfully."}
{"level":20,"time":1771491452570,"env":"development","version":"2.8.4","pid":35868,"requestId":"QZIEA-U7CDV","timestamp":"2026-02-19T08:57:32.570Z","operation":"PromptRegistry.registerAll","msg":"Registering 1 prompts..."}
{"level":20,"time":1771491452570,"env":"development","version":"2.8.4","pid":35868,"requestId":"QZIEA-U7CDV","timestamp":"2026-02-19T08:57:32.570Z","operation":"PromptRegistry.registerAll","msg":"Registering prompt: git_wrapup"}
{"level":30,"time":1771491452570,"env":"development","version":"2.8.4","pid":35868,"requestId":"QZIEA-U7CDV","timestamp":"2026-02-19T08:57:32.570Z","operation":"PromptRegistry.registerAll","msg":"Registered prompt: git_wrapup"}
{"level":30,"time":1771491452571,"env":"development","version":"2.8.4","pid":35868,"requestId":"QZIEA-U7CDV","timestamp":"2026-02-19T08:57:32.570Z","operation":"PromptRegistry.registerAll","msg":"Successfully registered 1 prompts"}
{"level":30,"time":1771491452571,"env":"development","version":"2.8.4","pid":35868,"requestId":"UXR8K-H39WZ","timestamp":"2026-02-19T08:57:32.562Z","operation":"createMcpServerInstance","msg":"All MCP capabilities registered successfully"}
{"level":30,"time":1771491452571,"env":"development","version":"2.8.4","pid":35868,"transport":"stdio","requestId":"RSRUQ-ADGXZ","timestamp":"2026-02-19T08:57:32.562Z","operation":"connectStdioTransport","transportType":"Stdio","msg":"Attempting to connect stdio transport..."}
{"level":20,"time":1771491452571,"env":"development","version":"2.8.4","pid":35868,"transport":"stdio","requestId":"RSRUQ-ADGXZ","timestamp":"2026-02-19T08:57:32.562Z","operation":"connectStdioTransport","transportType":"Stdio","msg":"Creating StdioServerTransport instance..."}
{"level":20,"time":1771491452571,"env":"development","version":"2.8.4","pid":35868,"transport":"stdio","requestId":"RSRUQ-ADGXZ","timestamp":"2026-02-19T08:57:32.562Z","operation":"connectStdioTransport","transportType":"Stdio","msg":"Connecting McpServer instance to StdioServerTransport..."}
{"level":30,"time":1771491452571,"env":"development","version":"2.8.4","pid":35868,"transport":"stdio","requestId":"RSRUQ-ADGXZ","timestamp":"2026-02-19T08:57:32.562Z","operation":"connectStdioTransport","transportType":"Stdio","msg":"MCP Server connected and listening via stdio transport."}
{"level":30,"time":1771491452571,"env":"development","version":"2.8.4","pid":35868,"applicationName":"@cyanheads/git-mcp-server","applicationVersion":"2.8.4","nodeEnvironment":"development","requestId":"N0VP0-JAIK9","timestamp":"2026-02-19T08:57:32.561Z","operation":"ServerStartup","msg":"@cyanheads/git-mcp-server is now running and ready."}
{"level":30,"time":1771493221271,"env":"development","version":"2.8.4","pid":44952,"requestId":"3DCMD-OEJL3","timestamp":"2026-02-19T09:27:01.269Z","operation":"loggerInit","msg":"Logger initialized. MCP level: debug."}
{"level":30,"time":1771493221271,"env":"development","version":"2.8.4","pid":44952,"requestId":"M4N2V-7HHS1","timestamp":"2026-02-19T09:27:01.271Z","operation":"LoggerInit","msg":"Logger initialized. Effective MCP logging level: debug."}
{"level":30,"time":1771493221271,"env":"development","version":"2.8.4","pid":44952,"runtime":"node","runtimeVersion":"Node.js 25.6.1","requestId":"IPQA4-WHVEE","timestamp":"2026-02-19T09:27:01.271Z","operation":"RuntimeDetection","msg":"Runtime detected: Node.js 25.6.1"}
{"level":30,"time":1771493221271,"env":"development","version":"2.8.4","pid":44952,"requestId":"6KLOA-B52NB","timestamp":"2026-02-19T09:27:01.271Z","operation":"StorageInit","msg":"Storage service initialized with provider: in-memory"}
{"level":30,"time":1771493221272,"env":"development","version":"2.8.4","pid":44952,"applicationName":"@cyanheads/git-mcp-server","applicationVersion":"2.8.4","nodeEnvironment":"development","requestId":"HDDUH-4B9SV","timestamp":"2026-02-19T09:27:01.272Z","operation":"ServerStartup","msg":"Starting @cyanheads/git-mcp-server (v2.8.4)..."}
{"level":30,"time":1771493221272,"env":"development","version":"2.8.4","pid":44952,"transport":"stdio","requestId":"C6PH9-JRD81","timestamp":"2026-02-19T09:27:01.272Z","operation":"TransportManager.start","msg":"Starting transport: stdio"}
{"level":30,"time":1771493221272,"env":"development","version":"2.8.4","pid":44952,"requestId":"WYHPZ-4E0UY","timestamp":"2026-02-19T09:27:01.272Z","operation":"createMcpServerInstance","msg":"Initializing MCP server instance"}
{"level":20,"time":1771493221272,"env":"development","version":"2.8.4","pid":44952,"requestId":"TBY2C-M1KAT","timestamp":"2026-02-19T09:27:01.272Z","newConfigState":{"appName":"@cyanheads/git-mcp-server","appVersion":"2.8.4","environment":"development"},"operation":"RequestContextService.configure","msg":"RequestContextService configuration updated"}
{"level":20,"time":1771493221277,"env":"development","version":"2.8.4","pid":44952,"requestId":"WYHPZ-4E0UY","timestamp":"2026-02-19T09:27:01.272Z","operation":"createMcpServerInstance","msg":"Registering all MCP capabilities via registries..."}
{"level":30,"time":1771493221278,"env":"development","version":"2.8.4","pid":44952,"requestId":"PHWGD-LX4L9","timestamp":"2026-02-19T09:27:01.278Z","operation":"ToolRegistry.registerAll","msg":"Registering 28 tool(s)..."}
{"level":20,"time":1771493221278,"env":"development","version":"2.8.4","pid":44952,"toolName":"git_add","requestId":"VEH5D-XN7GB","timestamp":"2026-02-19T09:27:01.278Z","operation":"ToolRegistry.registerTool","msg":"Registering tool: 'git_add'"}
{"level":30,"time":1771493221279,"env":"development","version":"2.8.4","pid":44952,"toolName":"git_add","requestId":"VEH5D-XN7GB","timestamp":"2026-02-19T09:27:01.278Z","operation":"ToolRegistry.registerTool","msg":"Tool 'git_add' registered successfully."}
{"level":20,"time":1771493221279,"env":"development","version":"2.8.4","pid":44952,"toolName":"git_blame","requestId":"FUS6V-WT9HY","timestamp":"2026-02-19T09:27:01.279Z","operation":"ToolRegistry.registerTool","msg":"Registering tool: 'git_blame'"}
{"level":30,"time":1771493221279,"env":"development","version":"2.8.4","pid":44952,"toolName":"git_blame","requestId":"FUS6V-WT9HY","timestamp":"2026-02-19T09:27:01.279Z","operation":"ToolRegistry.registerTool","msg":"Tool 'git_blame' registered successfully."}
{"level":20,"time":1771493221279,"env":"development","version":"2.8.4","pid":44952,"toolName":"git_branch","requestId":"CVS0E-PJ1SW","timestamp":"2026-02-19T09:27:01.279Z","operation":"ToolRegistry.registerTool","msg":"Registering tool: 'git_branch'"}
{"level":30,"time":1771493221279,"env":"development","version":"2.8.4","pid":44952,"toolName":"git_branch","requestId":"CVS0E-PJ1SW","timestamp":"2026-02-19T09:27:01.279Z","operation":"ToolRegistry.registerTool","msg":"Tool 'git_branch' registered successfully."}
{"level":20,"time":1771493221279,"env":"development","version":"2.8.4","pid":44952,"toolName":"git_changelog_analyze","requestId":"NQ1JS-WGM5U","timestamp":"2026-02-19T09:27:01.279Z","operation":"ToolRegistry.registerTool","msg":"Registering tool: 'git_changelog_analyze'"}
{"level":30,"time":1771493221279,"env":"development","version":"2.8.4","pid":44952,"toolName":"git_changelog_analyze","requestId":"NQ1JS-WGM5U","timestamp":"2026-02-19T09:27:01.279Z","operation":"ToolRegistry.registerTool","msg":"Tool 'git_changelog_analyze' registered successfully."}
{"level":20,"time":1771493221279,"env":"development","version":"2.8.4","pid":44952,"toolName":"git_checkout","requestId":"VO923-4CGHV","timestamp":"2026-02-19T09:27:01.279Z","operation":"ToolRegistry.registerTool","msg":"Registering tool: 'git_checkout'"}
{"level":30,"time":1771493221279,"env":"development","version":"2.8.4","pid":44952,"toolName":"git_checkout","requestId":"VO923-4CGHV","timestamp":"2026-02-19T09:27:01.279Z","operation":"ToolRegistry.registerTool","msg":"Tool 'git_checkout' registered successfully."}
{"level":20,"time":1771493221279,"env":"development","version":"2.8.4","pid":44952,"toolName":"git_cherry_pick","requestId":"MSWH0-GPAKY","timestamp":"2026-02-19T09:27:01.279Z","operation":"ToolRegistry.registerTool","msg":"Registering tool: 'git_cherry_pick'"}
{"level":30,"time":1771493221279,"env":"development","version":"2.8.4","pid":44952,"toolName":"git_cherry_pick","requestId":"MSWH0-GPAKY","timestamp":"2026-02-19T09:27:01.279Z","operation":"ToolRegistry.registerTool","msg":"Tool 'git_cherry_pick' registered successfully."}
{"level":20,"time":1771493221279,"env":"development","version":"2.8.4","pid":44952,"toolName":"git_clean","requestId":"2BB9U-BPRV6","timestamp":"2026-02-19T09:27:01.279Z","operation":"ToolRegistry.registerTool","msg":"Registering tool: 'git_clean'"}
{"level":30,"time":1771493221279,"env":"development","version":"2.8.4","pid":44952,"toolName":"git_clean","requestId":"2BB9U-BPRV6","timestamp":"2026-02-19T09:27:01.279Z","operation":"ToolRegistry.registerTool","msg":"Tool 'git_clean' registered successfully."}
{"level":20,"time":1771493221279,"env":"development","version":"2.8.4","pid":44952,"toolName":"git_clear_working_dir","requestId":"NB8NG-S19OU","timestamp":"2026-02-19T09:27:01.279Z","operation":"ToolRegistry.registerTool","msg":"Registering tool: 'git_clear_working_dir'"}
{"level":30,"time":1771493221279,"env":"development","version":"2.8.4","pid":44952,"toolName":"git_clear_working_dir","requestId":"NB8NG-S19OU","timestamp":"2026-02-19T09:27:01.279Z","operation":"ToolRegistry.registerTool","msg":"Tool 'git_clear_working_dir' registered successfully."}
{"level":20,"time":1771493221280,"env":"development","version":"2.8.4","pid":44952,"toolName":"git_clone","requestId":"RA5WF-STTV2","timestamp":"2026-02-19T09:27:01.280Z","operation":"ToolRegistry.registerTool","msg":"Registering tool: 'git_clone'"}
{"level":30,"time":1771493221280,"env":"development","version":"2.8.4","pid":44952,"toolName":"git_clone","requestId":"RA5WF-STTV2","timestamp":"2026-02-19T09:27:01.280Z","operation":"ToolRegistry.registerTool","msg":"Tool 'git_clone' registered successfully."}
{"level":20,"time":1771493221280,"env":"development","version":"2.8.4","pid":44952,"toolName":"git_commit","requestId":"CASXP-MXDTW","timestamp":"2026-02-19T09:27:01.280Z","operation":"ToolRegistry.registerTool","msg":"Registering tool: 'git_commit'"}
{"level":30,"time":1771493221280,"env":"development","version":"2.8.4","pid":44952,"toolName":"git_commit","requestId":"CASXP-MXDTW","timestamp":"2026-02-19T09:27:01.280Z","operation":"ToolRegistry.registerTool","msg":"Tool 'git_commit' registered successfully."}
{"level":20,"time":1771493221280,"env":"development","version":"2.8.4","pid":44952,"toolName":"git_diff","requestId":"XT0UW-CUIMH","timestamp":"2026-02-19T09:27:01.280Z","operation":"ToolRegistry.registerTool","msg":"Registering tool: 'git_diff'"}
{"level":30,"time":1771493221280,"env":"development","version":"2.8.4","pid":44952,"toolName":"git_diff","requestId":"XT0UW-CUIMH","timestamp":"2026-02-19T09:27:01.280Z","operation":"ToolRegistry.registerTool","msg":"Tool 'git_diff' registered successfully."}
{"level":20,"time":1771493221280,"env":"development","version":"2.8.4","pid":44952,"toolName":"git_fetch","requestId":"YTDG8-N4955","timestamp":"2026-02-19T09:27:01.280Z","operation":"ToolRegistry.registerTool","msg":"Registering tool: 'git_fetch'"}
{"level":30,"time":1771493221280,"env":"development","version":"2.8.4","pid":44952,"toolName":"git_fetch","requestId":"YTDG8-N4955","timestamp":"2026-02-19T09:27:01.280Z","operation":"ToolRegistry.registerTool","msg":"Tool 'git_fetch' registered successfully."}
{"level":20,"time":1771493221280,"env":"development","version":"2.8.4","pid":44952,"toolName":"git_init","requestId":"RGPED-ZZ81A","timestamp":"2026-02-19T09:27:01.280Z","operation":"ToolRegistry.registerTool","msg":"Registering tool: 'git_init'"}
{"level":30,"time":1771493221280,"env":"development","version":"2.8.4","pid":44952,"toolName":"git_init","requestId":"RGPED-ZZ81A","timestamp":"2026-02-19T09:27:01.280Z","operation":"ToolRegistry.registerTool","msg":"Tool 'git_init' registered successfully."}
{"level":20,"time":1771493221280,"env":"development","version":"2.8.4","pid":44952,"toolName":"git_log","requestId":"KHO8G-5CKB1","timestamp":"2026-02-19T09:27:01.280Z","operation":"ToolRegistry.registerTool","msg":"Registering tool: 'git_log'"}
{"level":30,"time":1771493221280,"env":"development","version":"2.8.4","pid":44952,"toolName":"git_log","requestId":"KHO8G-5CKB1","timestamp":"2026-02-19T09:27:01.280Z","operation":"ToolRegistry.registerTool","msg":"Tool 'git_log' registered successfully."}
{"level":20,"time":1771493221280,"env":"development","version":"2.8.4","pid":44952,"toolName":"git_merge","requestId":"T2BBQ-5G8DA","timestamp":"2026-02-19T09:27:01.280Z","operation":"ToolRegistry.registerTool","msg":"Registering tool: 'git_merge'"}
{"level":30,"time":1771493221280,"env":"development","version":"2.8.4","pid":44952,"toolName":"git_merge","requestId":"T2BBQ-5G8DA","timestamp":"2026-02-19T09:27:01.280Z","operation":"ToolRegistry.registerTool","msg":"Tool 'git_merge' registered successfully."}
{"level":20,"time":1771493221280,"env":"development","version":"2.8.4","pid":44952,"toolName":"git_pull","requestId":"F0QLF-PXWC5","timestamp":"2026-02-19T09:27:01.280Z","operation":"ToolRegistry.registerTool","msg":"Registering tool: 'git_pull'"}
{"level":30,"time":1771493221280,"env":"development","version":"2.8.4","pid":44952,"toolName":"git_pull","requestId":"F0QLF-PXWC5","timestamp":"2026-02-19T09:27:01.280Z","operation":"ToolRegistry.registerTool","msg":"Tool 'git_pull' registered successfully."}
{"level":20,"time":1771493221280,"env":"development","version":"2.8.4","pid":44952,"toolName":"git_push","requestId":"72EZA-DVSW2","timestamp":"2026-02-19T09:27:01.280Z","operation":"ToolRegistry.registerTool","msg":"Registering tool: 'git_push'"}
{"level":30,"time":1771493221280,"env":"development","version":"2.8.4","pid":44952,"toolName":"git_push","requestId":"72EZA-DVSW2","timestamp":"2026-02-19T09:27:01.280Z","operation":"ToolRegistry.registerTool","msg":"Tool 'git_push' registered successfully."}
{"level":20,"time":1771493221281,"env":"development","version":"2.8.4","pid":44952,"toolName":"git_rebase","requestId":"XJCF1-IMLZP","timestamp":"2026-02-19T09:27:01.281Z","operation":"ToolRegistry.registerTool","msg":"Registering tool: 'git_rebase'"}
{"level":30,"time":1771493221281,"env":"development","version":"2.8.4","pid":44952,"toolName":"git_rebase","requestId":"XJCF1-IMLZP","timestamp":"2026-02-19T09:27:01.281Z","operation":"ToolRegistry.registerTool","msg":"Tool 'git_rebase' registered successfully."}
{"level":20,"time":1771493221281,"env":"development","version":"2.8.4","pid":44952,"toolName":"git_reflog","requestId":"27TWE-ZUL41","timestamp":"2026-02-19T09:27:01.281Z","operation":"ToolRegistry.registerTool","msg":"Registering tool: 'git_reflog'"}
{"level":30,"time":1771493221281,"env":"development","version":"2.8.4","pid":44952,"toolName":"git_reflog","requestId":"27TWE-ZUL41","timestamp":"2026-02-19T09:27:01.281Z","operation":"ToolRegistry.registerTool","msg":"Tool 'git_reflog' registered successfully."}
{"level":20,"time":1771493221281,"env":"development","version":"2.8.4","pid":44952,"toolName":"git_remote","requestId":"OFM60-8OEMP","timestamp":"2026-02-19T09:27:01.281Z","operation":"ToolRegistry.registerTool","msg":"Registering tool: 'git_remote'"}
{"level":30,"time":1771493221281,"env":"development","version":"2.8.4","pid":44952,"toolName":"git_remote","requestId":"OFM60-8OEMP","timestamp":"2026-02-19T09:27:01.281Z","operation":"ToolRegistry.registerTool","msg":"Tool 'git_remote' registered successfully."}
{"level":20,"time":1771493221281,"env":"development","version":"2.8.4","pid":44952,"toolName":"git_reset","requestId":"11JQ3-JL7XY","timestamp":"2026-02-19T09:27:01.281Z","operation":"ToolRegistry.registerTool","msg":"Registering tool: 'git_reset'"}
{"level":30,"time":1771493221281,"env":"development","version":"2.8.4","pid":44952,"toolName":"git_reset","requestId":"11JQ3-JL7XY","timestamp":"2026-02-19T09:27:01.281Z","operation":"ToolRegistry.registerTool","msg":"Tool 'git_reset' registered successfully."}
{"level":20,"time":1771493221281,"env":"development","version":"2.8.4","pid":44952,"toolName":"git_set_working_dir","requestId":"05W11-1DM20","timestamp":"2026-02-19T09:27:01.281Z","operation":"ToolRegistry.registerTool","msg":"Registering tool: 'git_set_working_dir'"}
{"level":30,"time":1771493221281,"env":"development","version":"2.8.4","pid":44952,"toolName":"git_set_working_dir","requestId":"05W11-1DM20","timestamp":"2026-02-19T09:27:01.281Z","operation":"ToolRegistry.registerTool","msg":"Tool 'git_set_working_dir' registered successfully."}
{"level":20,"time":1771493221281,"env":"development","version":"2.8.4","pid":44952,"toolName":"git_show","requestId":"0VP88-0PA3H","timestamp":"2026-02-19T09:27:01.281Z","operation":"ToolRegistry.registerTool","msg":"Registering tool: 'git_show'"}
{"level":30,"time":1771493221281,"env":"development","version":"2.8.4","pid":44952,"toolName":"git_show","requestId":"0VP88-0PA3H","timestamp":"2026-02-19T09:27:01.281Z","operation":"ToolRegistry.registerTool","msg":"Tool 'git_show' registered successfully."}
{"level":20,"time":1771493221281,"env":"development","version":"2.8.4","pid":44952,"toolName":"git_stash","requestId":"04R4H-QBFT2","timestamp":"2026-02-19T09:27:01.281Z","operation":"ToolRegistry.registerTool","msg":"Registering tool: 'git_stash'"}
{"level":30,"time":1771493221281,"env":"development","version":"2.8.4","pid":44952,"toolName":"git_stash","requestId":"04R4H-QBFT2","timestamp":"2026-02-19T09:27:01.281Z","operation":"ToolRegistry.registerTool","msg":"Tool 'git_stash' registered successfully."}
{"level":20,"time":1771493221281,"env":"development","version":"2.8.4","pid":44952,"toolName":"git_status","requestId":"8X5IZ-0IGU9","timestamp":"2026-02-19T09:27:01.281Z","operation":"ToolRegistry.registerTool","msg":"Registering tool: 'git_status'"}
{"level":30,"time":1771493221281,"env":"development","version":"2.8.4","pid":44952,"toolName":"git_status","requestId":"8X5IZ-0IGU9","timestamp":"2026-02-19T09:27:01.281Z","operation":"ToolRegistry.registerTool","msg":"Tool 'git_status' registered successfully."}
{"level":20,"time":1771493221281,"env":"development","version":"2.8.4","pid":44952,"toolName":"git_tag","requestId":"YFO9J-J19I4","timestamp":"2026-02-19T09:27:01.281Z","operation":"ToolRegistry.registerTool","msg":"Registering tool: 'git_tag'"}
{"level":30,"time":1771493221281,"env":"development","version":"2.8.4","pid":44952,"toolName":"git_tag","requestId":"YFO9J-J19I4","timestamp":"2026-02-19T09:27:01.281Z","operation":"ToolRegistry.registerTool","msg":"Tool 'git_tag' registered successfully."}
{"level":20,"time":1771493221281,"env":"development","version":"2.8.4","pid":44952,"toolName":"git_worktree","requestId":"70D18-0O31J","timestamp":"2026-02-19T09:27:01.281Z","operation":"ToolRegistry.registerTool","msg":"Registering tool: 'git_worktree'"}
{"level":30,"time":1771493221281,"env":"development","version":"2.8.4","pid":44952,"toolName":"git_worktree","requestId":"70D18-0O31J","timestamp":"2026-02-19T09:27:01.281Z","operation":"ToolRegistry.registerTool","msg":"Tool 'git_worktree' registered successfully."}
{"level":20,"time":1771493221281,"env":"development","version":"2.8.4","pid":44952,"toolName":"git_wrapup_instructions","requestId":"WQD7H-CH84Q","timestamp":"2026-02-19T09:27:01.281Z","operation":"ToolRegistry.registerTool","msg":"Registering tool: 'git_wrapup_instructions'"}
{"level":30,"time":1771493221282,"env":"development","version":"2.8.4","pid":44952,"toolName":"git_wrapup_instructions","requestId":"WQD7H-CH84Q","timestamp":"2026-02-19T09:27:01.281Z","operation":"ToolRegistry.registerTool","msg":"Tool 'git_wrapup_instructions' registered successfully."}
{"level":30,"time":1771493221282,"env":"development","version":"2.8.4","pid":44952,"requestId":"J4H34-RIL6I","timestamp":"2026-02-19T09:27:01.282Z","operation":"ResourceRegistry.registerAll","msg":"Registering 1 resource(s)..."}
{"level":30,"time":1771493221282,"env":"development","version":"2.8.4","pid":44952,"requestId":"GTFES-IWHMO","timestamp":"2026-02-19T09:27:01.282Z","resourceName":"git-working-directory","operation":"RegisterResource","msg":"Registering resource: 'git-working-directory'"}
{"level":30,"time":1771493221283,"env":"development","version":"2.8.4","pid":44952,"requestId":"GTFES-IWHMO","timestamp":"2026-02-19T09:27:01.282Z","resourceName":"git-working-directory","operation":"RegisterResource","msg":"Resource 'git-working-directory' registered successfully."}
{"level":20,"time":1771493221283,"env":"development","version":"2.8.4","pid":44952,"requestId":"V6O00-K1HC0","timestamp":"2026-02-19T09:27:01.283Z","operation":"PromptRegistry.registerAll","msg":"Registering 1 prompts..."}
{"level":20,"time":1771493221283,"env":"development","version":"2.8.4","pid":44952,"requestId":"V6O00-K1HC0","timestamp":"2026-02-19T09:27:01.283Z","operation":"PromptRegistry.registerAll","msg":"Registering prompt: git_wrapup"}
{"level":30,"time":1771493221284,"env":"development","version":"2.8.4","pid":44952,"requestId":"V6O00-K1HC0","timestamp":"2026-02-19T09:27:01.283Z","operation":"PromptRegistry.registerAll","msg":"Registered prompt: git_wrapup"}
{"level":30,"time":1771493221284,"env":"development","version":"2.8.4","pid":44952,"requestId":"V6O00-K1HC0","timestamp":"2026-02-19T09:27:01.283Z","operation":"PromptRegistry.registerAll","msg":"Successfully registered 1 prompts"}
{"level":30,"time":1771493221284,"env":"development","version":"2.8.4","pid":44952,"requestId":"WYHPZ-4E0UY","timestamp":"2026-02-19T09:27:01.272Z","operation":"createMcpServerInstance","msg":"All MCP capabilities registered successfully"}
{"level":30,"time":1771493221284,"env":"development","version":"2.8.4","pid":44952,"transport":"stdio","requestId":"C6PH9-JRD81","timestamp":"2026-02-19T09:27:01.272Z","operation":"connectStdioTransport","transportType":"Stdio","msg":"Attempting to connect stdio transport..."}
{"level":20,"time":1771493221284,"env":"development","version":"2.8.4","pid":44952,"transport":"stdio","requestId":"C6PH9-JRD81","timestamp":"2026-02-19T09:27:01.272Z","operation":"connectStdioTransport","transportType":"Stdio","msg":"Creating StdioServerTransport instance..."}
{"level":20,"time":1771493221284,"env":"development","version":"2.8.4","pid":44952,"transport":"stdio","requestId":"C6PH9-JRD81","timestamp":"2026-02-19T09:27:01.272Z","operation":"connectStdioTransport","transportType":"Stdio","msg":"Connecting McpServer instance to StdioServerTransport..."}
{"level":30,"time":1771493221284,"env":"development","version":"2.8.4","pid":44952,"transport":"stdio","requestId":"C6PH9-JRD81","timestamp":"2026-02-19T09:27:01.272Z","operation":"connectStdioTransport","transportType":"Stdio","msg":"MCP Server connected and listening via stdio transport."}
{"level":30,"time":1771493221284,"env":"development","version":"2.8.4","pid":44952,"applicationName":"@cyanheads/git-mcp-server","applicationVersion":"2.8.4","nodeEnvironment":"development","requestId":"HDDUH-4B9SV","timestamp":"2026-02-19T09:27:01.272Z","operation":"ServerStartup","msg":"@cyanheads/git-mcp-server is now running and ready."}
{"level":60,"time":1771493221303,"env":"development","version":"2.8.4","pid":44952,"applicationName":"@cyanheads/git-mcp-server","applicationVersion":"2.8.4","nodeEnvironment":"development","requestId":"HDDUH-4B9SV","timestamp":"2026-02-19T09:27:01.272Z","operation":"ServerStartup","err":{"type":"Object","message":"EPIPE: broken pipe, write","stack":"Error: EPIPE: broken pipe, write\n    at Socket._write (node:internal/net:75:18)\n    at writeOrBuffer (node:internal/streams/writable:570:12)\n    at _write (node:internal/streams/writable:499:10)\n    at Writable.write (node:internal/streams/writable:508:10)\n    at file:///C:/Users/cotal/AppData/Local/npm-cache/_npx/28a7655f837f2293/node_modules/@cyanheads/git-mcp-server/dist/index.js:202499:24\n    at new Promise (<anonymous>)\n    at StdioServerTransport.send (file:///C:/Users/cotal/AppData/Local/npm-cache/_npx/28a7655f837f2293/node_modules/@cyanheads/git-mcp-server/dist/index.js:202497:12)\n    at Promise.resolve.then.then.then.errorResponse.jsonrpc (file:///C:/Users/cotal/AppData/Local/npm-cache/_npx/28a7655f837f2293/node_modules/@cyanheads/git-mcp-server/dist/index.js:191611:34)\n    at process.processTicksAndRejections (node:internal/process/task_queues:104:5)","errno":-4047,"syscall":"write","code":"EPIPE"},"msg":"FATAL: Uncaught exception detected."}
{"level":30,"time":1771493221367,"env":"development","version":"2.8.4","pid":44952,"triggerEvent":"uncaughtException","requestId":"TYVOS-311X2","timestamp":"2026-02-19T09:27:01.367Z","operation":"ServerShutdown","msg":"Received uncaughtException. Initiating graceful shutdown..."}
{"level":30,"time":1771493221367,"env":"development","version":"2.8.4","pid":44952,"signal":"uncaughtException","requestId":"R1XEY-R5XVB","timestamp":"2026-02-19T09:27:01.367Z","operation":"stopStdioTransport","transportType":"Stdio","msg":"Attempting to stop stdio transport..."}
{"level":30,"time":1771493221367,"env":"development","version":"2.8.4","pid":44952,"signal":"uncaughtException","requestId":"R1XEY-R5XVB","timestamp":"2026-02-19T09:27:01.367Z","operation":"stopStdioTransport","transportType":"Stdio","msg":"Stdio transport stopped successfully."}
{"level":30,"time":1771493221367,"env":"development","version":"2.8.4","pid":44952,"triggerEvent":"uncaughtException","requestId":"TYVOS-311X2","timestamp":"2026-02-19T09:27:01.367Z","operation":"ServerShutdown","msg":"Graceful shutdown completed successfully. Exiting."}
{"level":30,"time":1771493221368,"env":"development","version":"2.8.4","pid":44952,"requestId":"BDVS2-X8Q94","timestamp":"2026-02-19T09:27:01.368Z","operation":"loggerClose","msg":"Logger shutting down."}
{"level":30,"time":1771493221373,"env":"development","version":"2.8.4","pid":42568,"requestId":"TFXYO-JJH12","timestamp":"2026-02-19T09:27:01.371Z","operation":"loggerInit","msg":"Logger initialized. MCP level: debug."}
{"level":30,"time":1771493221373,"env":"development","version":"2.8.4","pid":42568,"requestId":"EJ9ZN-VT2MO","timestamp":"2026-02-19T09:27:01.373Z","operation":"LoggerInit","msg":"Logger initialized. Effective MCP logging level: debug."}
{"level":30,"time":1771493221373,"env":"development","version":"2.8.4","pid":42568,"runtime":"node","runtimeVersion":"Node.js 25.6.1","requestId":"G710G-PIFBV","timestamp":"2026-02-19T09:27:01.373Z","operation":"RuntimeDetection","msg":"Runtime detected: Node.js 25.6.1"}
{"level":30,"time":1771493221373,"env":"development","version":"2.8.4","pid":42568,"requestId":"CWJMB-5KP7D","timestamp":"2026-02-19T09:27:01.373Z","operation":"StorageInit","msg":"Storage service initialized with provider: in-memory"}
{"level":30,"time":1771493221374,"env":"development","version":"2.8.4","pid":42568,"applicationName":"@cyanheads/git-mcp-server","applicationVersion":"2.8.4","nodeEnvironment":"development","requestId":"MMHNM-02GZJ","timestamp":"2026-02-19T09:27:01.374Z","operation":"ServerStartup","msg":"Starting @cyanheads/git-mcp-server (v2.8.4)..."}
{"level":30,"time":1771493221374,"env":"development","version":"2.8.4","pid":42568,"transport":"stdio","requestId":"CZ6ND-4SL52","timestamp":"2026-02-19T09:27:01.374Z","operation":"TransportManager.start","msg":"Starting transport: stdio"}
{"level":30,"time":1771493221374,"env":"development","version":"2.8.4","pid":42568,"requestId":"MAL2T-O7YSY","timestamp":"2026-02-19T09:27:01.374Z","operation":"createMcpServerInstance","msg":"Initializing MCP server instance"}
{"level":20,"time":1771493221374,"env":"development","version":"2.8.4","pid":42568,"requestId":"SX7SY-OORH5","timestamp":"2026-02-19T09:27:01.374Z","newConfigState":{"appName":"@cyanheads/git-mcp-server","appVersion":"2.8.4","environment":"development"},"operation":"RequestContextService.configure","msg":"RequestContextService configuration updated"}
{"level":20,"time":1771493221379,"env":"development","version":"2.8.4","pid":42568,"requestId":"MAL2T-O7YSY","timestamp":"2026-02-19T09:27:01.374Z","operation":"createMcpServerInstance","msg":"Registering all MCP capabilities via registries..."}
{"level":30,"time":1771493221380,"env":"development","version":"2.8.4","pid":42568,"requestId":"N4IXW-87AK4","timestamp":"2026-02-19T09:27:01.380Z","operation":"ToolRegistry.registerAll","msg":"Registering 28 tool(s)..."}
{"level":20,"time":1771493221380,"env":"development","version":"2.8.4","pid":42568,"toolName":"git_add","requestId":"OYNRV-OUZJ7","timestamp":"2026-02-19T09:27:01.380Z","operation":"ToolRegistry.registerTool","msg":"Registering tool: 'git_add'"}
{"level":30,"time":1771493221381,"env":"development","version":"2.8.4","pid":42568,"toolName":"git_add","requestId":"OYNRV-OUZJ7","timestamp":"2026-02-19T09:27:01.380Z","operation":"ToolRegistry.registerTool","msg":"Tool 'git_add' registered successfully."}
{"level":20,"time":1771493221381,"env":"development","version":"2.8.4","pid":42568,"toolName":"git_blame","requestId":"LO2RU-G23G1","timestamp":"2026-02-19T09:27:01.381Z","operation":"ToolRegistry.registerTool","msg":"Registering tool: 'git_blame'"}
{"level":30,"time":1771493221381,"env":"development","version":"2.8.4","pid":42568,"toolName":"git_blame","requestId":"LO2RU-G23G1","timestamp":"2026-02-19T09:27:01.381Z","operation":"ToolRegistry.registerTool","msg":"Tool 'git_blame' registered successfully."}
{"level":20,"time":1771493221381,"env":"development","version":"2.8.4","pid":42568,"toolName":"git_branch","requestId":"NI9J5-W9324","timestamp":"2026-02-19T09:27:01.381Z","operation":"ToolRegistry.registerTool","msg":"Registering tool: 'git_branch'"}
{"level":30,"time":1771493221381,"env":"development","version":"2.8.4","pid":42568,"toolName":"git_branch","requestId":"NI9J5-W9324","timestamp":"2026-02-19T09:27:01.381Z","operation":"ToolRegistry.registerTool","msg":"Tool 'git_branch' registered successfully."}
{"level":20,"time":1771493221381,"env":"development","version":"2.8.4","pid":42568,"toolName":"git_changelog_analyze","requestId":"D28GN-6B1EC","timestamp":"2026-02-19T09:27:01.381Z","operation":"ToolRegistry.registerTool","msg":"Registering tool: 'git_changelog_analyze'"}
{"level":30,"time":1771493221381,"env":"development","version":"2.8.4","pid":42568,"toolName":"git_changelog_analyze","requestId":"D28GN-6B1EC","timestamp":"2026-02-19T09:27:01.381Z","operation":"ToolRegistry.registerTool","msg":"Tool 'git_changelog_analyze' registered successfully."}
{"level":20,"time":1771493221381,"env":"development","version":"2.8.4","pid":42568,"toolName":"git_checkout","requestId":"M66VI-116HW","timestamp":"2026-02-19T09:27:01.381Z","operation":"ToolRegistry.registerTool","msg":"Registering tool: 'git_checkout'"}
{"level":30,"time":1771493221381,"env":"development","version":"2.8.4","pid":42568,"toolName":"git_checkout","requestId":"M66VI-116HW","timestamp":"2026-02-19T09:27:01.381Z","operation":"ToolRegistry.registerTool","msg":"Tool 'git_checkout' registered successfully."}
{"level":20,"time":1771493221381,"env":"development","version":"2.8.4","pid":42568,"toolName":"git_cherry_pick","requestId":"M04V5-I2FFX","timestamp":"2026-02-19T09:27:01.381Z","operation":"ToolRegistry.registerTool","msg":"Registering tool: 'git_cherry_pick'"}
{"level":30,"time":1771493221382,"env":"development","version":"2.8.4","pid":42568,"toolName":"git_cherry_pick","requestId":"M04V5-I2FFX","timestamp":"2026-02-19T09:27:01.381Z","operation":"ToolRegistry.registerTool","msg":"Tool 'git_cherry_pick' registered successfully."}
{"level":20,"time":1771493221382,"env":"development","version":"2.8.4","pid":42568,"toolName":"git_clean","requestId":"3M1C0-AXS3R","timestamp":"2026-02-19T09:27:01.382Z","operation":"ToolRegistry.registerTool","msg":"Registering tool: 'git_clean'"}
{"level":30,"time":1771493221382,"env":"development","version":"2.8.4","pid":42568,"toolName":"git_clean","requestId":"3M1C0-AXS3R","timestamp":"2026-02-19T09:27:01.382Z","operation":"ToolRegistry.registerTool","msg":"Tool 'git_clean' registered successfully."}
{"level":20,"time":1771493221382,"env":"development","version":"2.8.4","pid":42568,"toolName":"git_clear_working_dir","requestId":"Z79H2-TJTI1","timestamp":"2026-02-19T09:27:01.382Z","operation":"ToolRegistry.registerTool","msg":"Registering tool: 'git_clear_working_dir'"}
{"level":30,"time":1771493221382,"env":"development","version":"2.8.4","pid":42568,"toolName":"git_clear_working_dir","requestId":"Z79H2-TJTI1","timestamp":"2026-02-19T09:27:01.382Z","operation":"ToolRegistry.registerTool","msg":"Tool 'git_clear_working_dir' registered successfully."}
{"level":20,"time":1771493221382,"env":"development","version":"2.8.4","pid":42568,"toolName":"git_clone","requestId":"8N62R-BVRNH","timestamp":"2026-02-19T09:27:01.382Z","operation":"ToolRegistry.registerTool","msg":"Registering tool: 'git_clone'"}
{"level":30,"time":1771493221382,"env":"development","version":"2.8.4","pid":42568,"toolName":"git_clone","requestId":"8N62R-BVRNH","timestamp":"2026-02-19T09:27:01.382Z","operation":"ToolRegistry.registerTool","msg":"Tool 'git_clone' registered successfully."}
{"level":20,"time":1771493221382,"env":"development","version":"2.8.4","pid":42568,"toolName":"git_commit","requestId":"5Q5OX-7TA71","timestamp":"2026-02-19T09:27:01.382Z","operation":"ToolRegistry.registerTool","msg":"Registering tool: 'git_commit'"}
{"level":30,"time":1771493221382,"env":"development","version":"2.8.4","pid":42568,"toolName":"git_commit","requestId":"5Q5OX-7TA71","timestamp":"2026-02-19T09:27:01.382Z","operation":"ToolRegistry.registerTool","msg":"Tool 'git_commit' registered successfully."}
{"level":20,"time":1771493221382,"env":"development","version":"2.8.4","pid":42568,"toolName":"git_diff","requestId":"U2DO3-L79XY","timestamp":"2026-02-19T09:27:01.382Z","operation":"ToolRegistry.registerTool","msg":"Registering tool: 'git_diff'"}
{"level":30,"time":1771493221382,"env":"development","version":"2.8.4","pid":42568,"toolName":"git_diff","requestId":"U2DO3-L79XY","timestamp":"2026-02-19T09:27:01.382Z","operation":"ToolRegistry.registerTool","msg":"Tool 'git_diff' registered successfully."}
{"level":20,"time":1771493221382,"env":"development","version":"2.8.4","pid":42568,"toolName":"git_fetch","requestId":"AUWAN-QD7TV","timestamp":"2026-02-19T09:27:01.382Z","operation":"ToolRegistry.registerTool","msg":"Registering tool: 'git_fetch'"}
{"level":30,"time":1771493221382,"env":"development","version":"2.8.4","pid":42568,"toolName":"git_fetch","requestId":"AUWAN-QD7TV","timestamp":"2026-02-19T09:27:01.382Z","operation":"ToolRegistry.registerTool","msg":"Tool 'git_fetch' registered successfully."}
{"level":20,"time":1771493221382,"env":"development","version":"2.8.4","pid":42568,"toolName":"git_init","requestId":"9ZJYU-L3XHQ","timestamp":"2026-02-19T09:27:01.382Z","operation":"ToolRegistry.registerTool","msg":"Registering tool: 'git_init'"}
{"level":30,"time":1771493221382,"env":"development","version":"2.8.4","pid":42568,"toolName":"git_init","requestId":"9ZJYU-L3XHQ","timestamp":"2026-02-19T09:27:01.382Z","operation":"ToolRegistry.registerTool","msg":"Tool 'git_init' registered successfully."}
{"level":20,"time":1771493221382,"env":"development","version":"2.8.4","pid":42568,"toolName":"git_log","requestId":"AOR12-VWLS3","timestamp":"2026-02-19T09:27:01.382Z","operation":"ToolRegistry.registerTool","msg":"Registering tool: 'git_log'"}
{"level":30,"time":1771493221382,"env":"development","version":"2.8.4","pid":42568,"toolName":"git_log","requestId":"AOR12-VWLS3","timestamp":"2026-02-19T09:27:01.382Z","operation":"ToolRegistry.registerTool","msg":"Tool 'git_log' registered successfully."}
{"level":20,"time":1771493221382,"env":"development","version":"2.8.4","pid":42568,"toolName":"git_merge","requestId":"X8KX2-0Q2MY","timestamp":"2026-02-19T09:27:01.382Z","operation":"ToolRegistry.registerTool","msg":"Registering tool: 'git_merge'"}
{"level":30,"time":1771493221382,"env":"development","version":"2.8.4","pid":42568,"toolName":"git_merge","requestId":"X8KX2-0Q2MY","timestamp":"2026-02-19T09:27:01.382Z","operation":"ToolRegistry.registerTool","msg":"Tool 'git_merge' registered successfully."}
{"level":20,"time":1771493221382,"env":"development","version":"2.8.4","pid":42568,"toolName":"git_pull","requestId":"KPWHL-Z9Z40","timestamp":"2026-02-19T09:27:01.382Z","operation":"ToolRegistry.registerTool","msg":"Registering tool: 'git_pull'"}
{"level":30,"time":1771493221382,"env":"development","version":"2.8.4","pid":42568,"toolName":"git_pull","requestId":"KPWHL-Z9Z40","timestamp":"2026-02-19T09:27:01.382Z","operation":"ToolRegistry.registerTool","msg":"Tool 'git_pull' registered successfully."}
{"level":20,"time":1771493221382,"env":"development","version":"2.8.4","pid":42568,"toolName":"git_push","requestId":"G0EVA-TCZM5","timestamp":"2026-02-19T09:27:01.382Z","operation":"ToolRegistry.registerTool","msg":"Registering tool: 'git_push'"}
{"level":30,"time":1771493221382,"env":"development","version":"2.8.4","pid":42568,"toolName":"git_push","requestId":"G0EVA-TCZM5","timestamp":"2026-02-19T09:27:01.382Z","operation":"ToolRegistry.registerTool","msg":"Tool 'git_push' registered successfully."}
{"level":20,"time":1771493221383,"env":"development","version":"2.8.4","pid":42568,"toolName":"git_rebase","requestId":"2NA8Z-FQ6RE","timestamp":"2026-02-19T09:27:01.383Z","operation":"ToolRegistry.registerTool","msg":"Registering tool: 'git_rebase'"}
{"level":30,"time":1771493221383,"env":"development","version":"2.8.4","pid":42568,"toolName":"git_rebase","requestId":"2NA8Z-FQ6RE","timestamp":"2026-02-19T09:27:01.383Z","operation":"ToolRegistry.registerTool","msg":"Tool 'git_rebase' registered successfully."}
{"level":20,"time":1771493221383,"env":"development","version":"2.8.4","pid":42568,"toolName":"git_reflog","requestId":"7RBTJ-VSL1M","timestamp":"2026-02-19T09:27:01.383Z","operation":"ToolRegistry.registerTool","msg":"Registering tool: 'git_reflog'"}
{"level":30,"time":1771493221383,"env":"development","version":"2.8.4","pid":42568,"toolName":"git_reflog","requestId":"7RBTJ-VSL1M","timestamp":"2026-02-19T09:27:01.383Z","operation":"ToolRegistry.registerTool","msg":"Tool 'git_reflog' registered successfully."}
{"level":20,"time":1771493221383,"env":"development","version":"2.8.4","pid":42568,"toolName":"git_remote","requestId":"BKDTL-GMBP3","timestamp":"2026-02-19T09:27:01.383Z","operation":"ToolRegistry.registerTool","msg":"Registering tool: 'git_remote'"}
{"level":30,"time":1771493221383,"env":"development","version":"2.8.4","pid":42568,"toolName":"git_remote","requestId":"BKDTL-GMBP3","timestamp":"2026-02-19T09:27:01.383Z","operation":"ToolRegistry.registerTool","msg":"Tool 'git_remote' registered successfully."}
{"level":20,"time":1771493221383,"env":"development","version":"2.8.4","pid":42568,"toolName":"git_reset","requestId":"CG9UN-3QYXP","timestamp":"2026-02-19T09:27:01.383Z","operation":"ToolRegistry.registerTool","msg":"Registering tool: 'git_reset'"}
{"level":30,"time":1771493221383,"env":"development","version":"2.8.4","pid":42568,"toolName":"git_reset","requestId":"CG9UN-3QYXP","timestamp":"2026-02-19T09:27:01.383Z","operation":"ToolRegistry.registerTool","msg":"Tool 'git_reset' registered successfully."}
{"level":20,"time":1771493221383,"env":"development","version":"2.8.4","pid":42568,"toolName":"git_set_working_dir","requestId":"GD9OT-AT2AJ","timestamp":"2026-02-19T09:27:01.383Z","operation":"ToolRegistry.registerTool","msg":"Registering tool: 'git_set_working_dir'"}
{"level":30,"time":1771493221383,"env":"development","version":"2.8.4","pid":42568,"toolName":"git_set_working_dir","requestId":"GD9OT-AT2AJ","timestamp":"2026-02-19T09:27:01.383Z","operation":"ToolRegistry.registerTool","msg":"Tool 'git_set_working_dir' registered successfully."}
{"level":20,"time":1771493221383,"env":"development","version":"2.8.4","pid":42568,"toolName":"git_show","requestId":"A9UTH-9YIQ0","timestamp":"2026-02-19T09:27:01.383Z","operation":"ToolRegistry.registerTool","msg":"Registering tool: 'git_show'"}
{"level":30,"time":1771493221383,"env":"development","version":"2.8.4","pid":42568,"toolName":"git_show","requestId":"A9UTH-9YIQ0","timestamp":"2026-02-19T09:27:01.383Z","operation":"ToolRegistry.registerTool","msg":"Tool 'git_show' registered successfully."}
{"level":20,"time":1771493221383,"env":"development","version":"2.8.4","pid":42568,"toolName":"git_stash","requestId":"M63GF-E6J6N","timestamp":"2026-02-19T09:27:01.383Z","operation":"ToolRegistry.registerTool","msg":"Registering tool: 'git_stash'"}
{"level":30,"time":1771493221383,"env":"development","version":"2.8.4","pid":42568,"toolName":"git_stash","requestId":"M63GF-E6J6N","timestamp":"2026-02-19T09:27:01.383Z","operation":"ToolRegistry.registerTool","msg":"Tool 'git_stash' registered successfully."}
{"level":20,"time":1771493221383,"env":"development","version":"2.8.4","pid":42568,"toolName":"git_status","requestId":"TV8JU-70FHE","timestamp":"2026-02-19T09:27:01.383Z","operation":"ToolRegistry.registerTool","msg":"Registering tool: 'git_status'"}
{"level":30,"time":1771493221383,"env":"development","version":"2.8.4","pid":42568,"toolName":"git_status","requestId":"TV8JU-70FHE","timestamp":"2026-02-19T09:27:01.383Z","operation":"ToolRegistry.registerTool","msg":"Tool 'git_status' registered successfully."}
{"level":20,"time":1771493221383,"env":"development","version":"2.8.4","pid":42568,"toolName":"git_tag","requestId":"S3PWH-QIFWV","timestamp":"2026-02-19T09:27:01.383Z","operation":"ToolRegistry.registerTool","msg":"Registering tool: 'git_tag'"}
{"level":30,"time":1771493221383,"env":"development","version":"2.8.4","pid":42568,"toolName":"git_tag","requestId":"S3PWH-QIFWV","timestamp":"2026-02-19T09:27:01.383Z","operation":"ToolRegistry.registerTool","msg":"Tool 'git_tag' registered successfully."}
{"level":20,"time":1771493221383,"env":"development","version":"2.8.4","pid":42568,"toolName":"git_worktree","requestId":"I9BRL-O3MYH","timestamp":"2026-02-19T09:27:01.383Z","operation":"ToolRegistry.registerTool","msg":"Registering tool: 'git_worktree'"}
{"level":30,"time":1771493221383,"env":"development","version":"2.8.4","pid":42568,"toolName":"git_worktree","requestId":"I9BRL-O3MYH","timestamp":"2026-02-19T09:27:01.383Z","operation":"ToolRegistry.registerTool","msg":"Tool 'git_worktree' registered successfully."}
{"level":20,"time":1771493221383,"env":"development","version":"2.8.4","pid":42568,"toolName":"git_wrapup_instructions","requestId":"5O1X1-6Y8OK","timestamp":"2026-02-19T09:27:01.383Z","operation":"ToolRegistry.registerTool","msg":"Registering tool: 'git_wrapup_instructions'"}
{"level":30,"time":1771493221383,"env":"development","version":"2.8.4","pid":42568,"toolName":"git_wrapup_instructions","requestId":"5O1X1-6Y8OK","timestamp":"2026-02-19T09:27:01.383Z","operation":"ToolRegistry.registerTool","msg":"Tool 'git_wrapup_instructions' registered successfully."}
{"level":30,"time":1771493221383,"env":"development","version":"2.8.4","pid":42568,"requestId":"922EN-DH8RR","timestamp":"2026-02-19T09:27:01.383Z","operation":"ResourceRegistry.registerAll","msg":"Registering 1 resource(s)..."}
{"level":30,"time":1771493221383,"env":"development","version":"2.8.4","pid":42568,"requestId":"JVH46-HS9CZ","timestamp":"2026-02-19T09:27:01.383Z","resourceName":"git-working-directory","operation":"RegisterResource","msg":"Registering resource: 'git-working-directory'"}
{"level":30,"time":1771493221384,"env":"development","version":"2.8.4","pid":42568,"requestId":"JVH46-HS9CZ","timestamp":"2026-02-19T09:27:01.383Z","resourceName":"git-working-directory","operation":"RegisterResource","msg":"Resource 'git-working-directory' registered successfully."}
{"level":20,"time":1771493221384,"env":"development","version":"2.8.4","pid":42568,"requestId":"IT8GA-0KQI3","timestamp":"2026-02-19T09:27:01.384Z","operation":"PromptRegistry.registerAll","msg":"Registering 1 prompts..."}
{"level":20,"time":1771493221384,"env":"development","version":"2.8.4","pid":42568,"requestId":"IT8GA-0KQI3","timestamp":"2026-02-19T09:27:01.384Z","operation":"PromptRegistry.registerAll","msg":"Registering prompt: git_wrapup"}
{"level":30,"time":1771493221385,"env":"development","version":"2.8.4","pid":42568,"requestId":"IT8GA-0KQI3","timestamp":"2026-02-19T09:27:01.384Z","operation":"PromptRegistry.registerAll","msg":"Registered prompt: git_wrapup"}
{"level":30,"time":1771493221385,"env":"development","version":"2.8.4","pid":42568,"requestId":"IT8GA-0KQI3","timestamp":"2026-02-19T09:27:01.384Z","operation":"PromptRegistry.registerAll","msg":"Successfully registered 1 prompts"}
{"level":30,"time":1771493221385,"env":"development","version":"2.8.4","pid":42568,"requestId":"MAL2T-O7YSY","timestamp":"2026-02-19T09:27:01.374Z","operation":"createMcpServerInstance","msg":"All MCP capabilities registered successfully"}
{"level":30,"time":1771493221385,"env":"development","version":"2.8.4","pid":42568,"transport":"stdio","requestId":"CZ6ND-4SL52","timestamp":"2026-02-19T09:27:01.374Z","operation":"connectStdioTransport","transportType":"Stdio","msg":"Attempting to connect stdio transport..."}
{"level":20,"time":1771493221385,"env":"development","version":"2.8.4","pid":42568,"transport":"stdio","requestId":"CZ6ND-4SL52","timestamp":"2026-02-19T09:27:01.374Z","operation":"connectStdioTransport","transportType":"Stdio","msg":"Creating StdioServerTransport instance..."}
{"level":20,"time":1771493221385,"env":"development","version":"2.8.4","pid":42568,"transport":"stdio","requestId":"CZ6ND-4SL52","timestamp":"2026-02-19T09:27:01.374Z","operation":"connectStdioTransport","transportType":"Stdio","msg":"Connecting McpServer instance to StdioServerTransport..."}
{"level":30,"time":1771493221385,"env":"development","version":"2.8.4","pid":42568,"transport":"stdio","requestId":"CZ6ND-4SL52","timestamp":"2026-02-19T09:27:01.374Z","operation":"connectStdioTransport","transportType":"Stdio","msg":"MCP Server connected and listening via stdio transport."}
{"level":30,"time":1771493221386,"env":"development","version":"2.8.4","pid":42568,"applicationName":"@cyanheads/git-mcp-server","applicationVersion":"2.8.4","nodeEnvironment":"development","requestId":"MMHNM-02GZJ","timestamp":"2026-02-19T09:27:01.374Z","operation":"ServerStartup","msg":"@cyanheads/git-mcp-server is now running and ready."}
{"level":60,"time":1771493221412,"env":"development","version":"2.8.4","pid":42568,"applicationName":"@cyanheads/git-mcp-server","applicationVersion":"2.8.4","nodeEnvironment":"development","requestId":"MMHNM-02GZJ","timestamp":"2026-02-19T09:27:01.374Z","operation":"ServerStartup","err":{"type":"Object","message":"EPIPE: broken pipe, write","stack":"Error: EPIPE: broken pipe, write\n    at Socket._write (node:internal/net:75:18)\n    at writeOrBuffer (node:internal/streams/writable:570:12)\n    at _write (node:internal/streams/writable:499:10)\n    at Writable.write (node:internal/streams/writable:508:10)\n    at file:///C:/Users/cotal/AppData/Local/npm-cache/_npx/28a7655f837f2293/node_modules/@cyanheads/git-mcp-server/dist/index.js:202499:24\n    at new Promise (<anonymous>)\n    at StdioServerTransport.send (file:///C:/Users/cotal/AppData/Local/npm-cache/_npx/28a7655f837f2293/node_modules/@cyanheads/git-mcp-server/dist/index.js:202497:12)\n    at Promise.resolve.then.then.then.errorResponse.jsonrpc (file:///C:/Users/cotal/AppData/Local/npm-cache/_npx/28a7655f837f2293/node_modules/@cyanheads/git-mcp-server/dist/index.js:191611:34)\n    at process.processTicksAndRejections (node:internal/process/task_queues:104:5)","errno":-4047,"syscall":"write","code":"EPIPE"},"msg":"FATAL: Uncaught exception detected."}
{"level":30,"time":1771493221479,"env":"development","version":"2.8.4","pid":42568,"triggerEvent":"uncaughtException","requestId":"SGGBQ-8J7Y8","timestamp":"2026-02-19T09:27:01.479Z","operation":"ServerShutdown","msg":"Received uncaughtException. Initiating graceful shutdown..."}
{"level":30,"time":1771493221480,"env":"development","version":"2.8.4","pid":42568,"signal":"uncaughtException","requestId":"SU7SP-DMKGV","timestamp":"2026-02-19T09:27:01.479Z","operation":"stopStdioTransport","transportType":"Stdio","msg":"Attempting to stop stdio transport..."}
{"level":30,"time":1771493221480,"env":"development","version":"2.8.4","pid":42568,"signal":"uncaughtException","requestId":"SU7SP-DMKGV","timestamp":"2026-02-19T09:27:01.479Z","operation":"stopStdioTransport","transportType":"Stdio","msg":"Stdio transport stopped successfully."}
{"level":30,"time":1771493221480,"env":"development","version":"2.8.4","pid":42568,"triggerEvent":"uncaughtException","requestId":"SGGBQ-8J7Y8","timestamp":"2026-02-19T09:27:01.479Z","operation":"ServerShutdown","msg":"Graceful shutdown completed successfully. Exiting."}
{"level":30,"time":1771493221481,"env":"development","version":"2.8.4","pid":42568,"requestId":"RGJUI-S77OE","timestamp":"2026-02-19T09:27:01.481Z","operation":"loggerClose","msg":"Logger shutting down."}
{"level":30,"time":1771493287923,"env":"development","version":"2.8.4","pid":19040,"requestId":"LUKIG-HLR8U","timestamp":"2026-02-19T09:28:07.921Z","operation":"loggerInit","msg":"Logger initialized. MCP level: debug."}
{"level":30,"time":1771493287923,"env":"development","version":"2.8.4","pid":19040,"requestId":"PKBUJ-6G67Q","timestamp":"2026-02-19T09:28:07.923Z","operation":"LoggerInit","msg":"Logger initialized. Effective MCP logging level: debug."}
{"level":30,"time":1771493287924,"env":"development","version":"2.8.4","pid":19040,"runtime":"node","runtimeVersion":"Node.js 25.6.1","requestId":"RQ0UR-MOM10","timestamp":"2026-02-19T09:28:07.924Z","operation":"RuntimeDetection","msg":"Runtime detected: Node.js 25.6.1"}
{"level":30,"time":1771493287924,"env":"development","version":"2.8.4","pid":19040,"requestId":"BKYSV-S7VYG","timestamp":"2026-02-19T09:28:07.924Z","operation":"StorageInit","msg":"Storage service initialized with provider: in-memory"}
{"level":30,"time":1771493287924,"env":"development","version":"2.8.4","pid":19040,"applicationName":"@cyanheads/git-mcp-server","applicationVersion":"2.8.4","nodeEnvironment":"development","requestId":"K9NQK-LT7RW","timestamp":"2026-02-19T09:28:07.924Z","operation":"ServerStartup","msg":"Starting @cyanheads/git-mcp-server (v2.8.4)..."}
{"level":30,"time":1771493287924,"env":"development","version":"2.8.4","pid":19040,"transport":"stdio","requestId":"3L36G-JVPGA","timestamp":"2026-02-19T09:28:07.924Z","operation":"TransportManager.start","msg":"Starting transport: stdio"}
{"level":30,"time":1771493287924,"env":"development","version":"2.8.4","pid":19040,"requestId":"9T0GD-G6KWO","timestamp":"2026-02-19T09:28:07.924Z","operation":"createMcpServerInstance","msg":"Initializing MCP server instance"}
{"level":20,"time":1771493287924,"env":"development","version":"2.8.4","pid":19040,"requestId":"9KL2W-ZBZ5T","timestamp":"2026-02-19T09:28:07.924Z","newConfigState":{"appName":"@cyanheads/git-mcp-server","appVersion":"2.8.4","environment":"development"},"operation":"RequestContextService.configure","msg":"RequestContextService configuration updated"}
{"level":20,"time":1771493287928,"env":"development","version":"2.8.4","pid":19040,"requestId":"9T0GD-G6KWO","timestamp":"2026-02-19T09:28:07.924Z","operation":"createMcpServerInstance","msg":"Registering all MCP capabilities via registries..."}
{"level":30,"time":1771493287928,"env":"development","version":"2.8.4","pid":19040,"requestId":"9YAYN-UM4VJ","timestamp":"2026-02-19T09:28:07.928Z","operation":"ToolRegistry.registerAll","msg":"Registering 28 tool(s)..."}
{"level":20,"time":1771493287928,"env":"development","version":"2.8.4","pid":19040,"toolName":"git_add","requestId":"QEF3Y-AM3IJ","timestamp":"2026-02-19T09:28:07.928Z","operation":"ToolRegistry.registerTool","msg":"Registering tool: 'git_add'"}
{"level":30,"time":1771493287929,"env":"development","version":"2.8.4","pid":19040,"toolName":"git_add","requestId":"QEF3Y-AM3IJ","timestamp":"2026-02-19T09:28:07.928Z","operation":"ToolRegistry.registerTool","msg":"Tool 'git_add' registered successfully."}
{"level":20,"time":1771493287929,"env":"development","version":"2.8.4","pid":19040,"toolName":"git_blame","requestId":"IE8R2-T51DX","timestamp":"2026-02-19T09:28:07.929Z","operation":"ToolRegistry.registerTool","msg":"Registering tool: 'git_blame'"}
{"level":30,"time":1771493287929,"env":"development","version":"2.8.4","pid":19040,"toolName":"git_blame","requestId":"IE8R2-T51DX","timestamp":"2026-02-19T09:28:07.929Z","operation":"ToolRegistry.registerTool","msg":"Tool 'git_blame' registered successfully."}
{"level":20,"time":1771493287929,"env":"development","version":"2.8.4","pid":19040,"toolName":"git_branch","requestId":"5ZZDE-A5J4Y","timestamp":"2026-02-19T09:28:07.929Z","operation":"ToolRegistry.registerTool","msg":"Registering tool: 'git_branch'"}
{"level":30,"time":1771493287929,"env":"development","version":"2.8.4","pid":19040,"toolName":"git_branch","requestId":"5ZZDE-A5J4Y","timestamp":"2026-02-19T09:28:07.929Z","operation":"ToolRegistry.registerTool","msg":"Tool 'git_branch' registered successfully."}
{"level":20,"time":1771493287929,"env":"development","version":"2.8.4","pid":19040,"toolName":"git_changelog_analyze","requestId":"GCYGF-XG7YH","timestamp":"2026-02-19T09:28:07.929Z","operation":"ToolRegistry.registerTool","msg":"Registering tool: 'git_changelog_analyze'"}
{"level":30,"time":1771493287929,"env":"development","version":"2.8.4","pid":19040,"toolName":"git_changelog_analyze","requestId":"GCYGF-XG7YH","timestamp":"2026-02-19T09:28:07.929Z","operation":"ToolRegistry.registerTool","msg":"Tool 'git_changelog_analyze' registered successfully."}
{"level":20,"time":1771493287929,"env":"development","version":"2.8.4","pid":19040,"toolName":"git_checkout","requestId":"R6XEY-ZRJDW","timestamp":"2026-02-19T09:28:07.929Z","operation":"ToolRegistry.registerTool","msg":"Registering tool: 'git_checkout'"}
{"level":30,"time":1771493287929,"env":"development","version":"2.8.4","pid":19040,"toolName":"git_checkout","requestId":"R6XEY-ZRJDW","timestamp":"2026-02-19T09:28:07.929Z","operation":"ToolRegistry.registerTool","msg":"Tool 'git_checkout' registered successfully."}
{"level":20,"time":1771493287929,"env":"development","version":"2.8.4","pid":19040,"toolName":"git_cherry_pick","requestId":"3XH61-6S5WX","timestamp":"2026-02-19T09:28:07.929Z","operation":"ToolRegistry.registerTool","msg":"Registering tool: 'git_cherry_pick'"}
{"level":30,"time":1771493287929,"env":"development","version":"2.8.4","pid":19040,"toolName":"git_cherry_pick","requestId":"3XH61-6S5WX","timestamp":"2026-02-19T09:28:07.929Z","operation":"ToolRegistry.registerTool","msg":"Tool 'git_cherry_pick' registered successfully."}
{"level":20,"time":1771493287929,"env":"development","version":"2.8.4","pid":19040,"toolName":"git_clean","requestId":"7L16Q-2LZEF","timestamp":"2026-02-19T09:28:07.929Z","operation":"ToolRegistry.registerTool","msg":"Registering tool: 'git_clean'"}
{"level":30,"time":1771493287929,"env":"development","version":"2.8.4","pid":19040,"toolName":"git_clean","requestId":"7L16Q-2LZEF","timestamp":"2026-02-19T09:28:07.929Z","operation":"ToolRegistry.registerTool","msg":"Tool 'git_clean' registered successfully."}
{"level":20,"time":1771493287929,"env":"development","version":"2.8.4","pid":19040,"toolName":"git_clear_working_dir","requestId":"2F0S4-UGUNI","timestamp":"2026-02-19T09:28:07.929Z","operation":"ToolRegistry.registerTool","msg":"Registering tool: 'git_clear_working_dir'"}
{"level":30,"time":1771493287929,"env":"development","version":"2.8.4","pid":19040,"toolName":"git_clear_working_dir","requestId":"2F0S4-UGUNI","timestamp":"2026-02-19T09:28:07.929Z","operation":"ToolRegistry.registerTool","msg":"Tool 'git_clear_working_dir' registered successfully."}
{"level":20,"time":1771493287929,"env":"development","version":"2.8.4","pid":19040,"toolName":"git_clone","requestId":"DMBY9-7C8JK","timestamp":"2026-02-19T09:28:07.929Z","operation":"ToolRegistry.registerTool","msg":"Registering tool: 'git_clone'"}
{"level":30,"time":1771493287929,"env":"development","version":"2.8.4","pid":19040,"toolName":"git_clone","requestId":"DMBY9-7C8JK","timestamp":"2026-02-19T09:28:07.929Z","operation":"ToolRegistry.registerTool","msg":"Tool 'git_clone' registered successfully."}
{"level":20,"time":1771493287929,"env":"development","version":"2.8.4","pid":19040,"toolName":"git_commit","requestId":"LV44H-I2TN0","timestamp":"2026-02-19T09:28:07.929Z","operation":"ToolRegistry.registerTool","msg":"Registering tool: 'git_commit'"}
{"level":30,"time":1771493287929,"env":"development","version":"2.8.4","pid":19040,"toolName":"git_commit","requestId":"LV44H-I2TN0","timestamp":"2026-02-19T09:28:07.929Z","operation":"ToolRegistry.registerTool","msg":"Tool 'git_commit' registered successfully."}
{"level":20,"time":1771493287929,"env":"development","version":"2.8.4","pid":19040,"toolName":"git_diff","requestId":"9IPVM-44V8F","timestamp":"2026-02-19T09:28:07.929Z","operation":"ToolRegistry.registerTool","msg":"Registering tool: 'git_diff'"}
{"level":30,"time":1771493287929,"env":"development","version":"2.8.4","pid":19040,"toolName":"git_diff","requestId":"9IPVM-44V8F","timestamp":"2026-02-19T09:28:07.929Z","operation":"ToolRegistry.registerTool","msg":"Tool 'git_diff' registered successfully."}
{"level":20,"time":1771493287929,"env":"development","version":"2.8.4","pid":19040,"toolName":"git_fetch","requestId":"HJUGG-CCK24","timestamp":"2026-02-19T09:28:07.929Z","operation":"ToolRegistry.registerTool","msg":"Registering tool: 'git_fetch'"}
{"level":30,"time":1771493287929,"env":"development","version":"2.8.4","pid":19040,"toolName":"git_fetch","requestId":"HJUGG-CCK24","timestamp":"2026-02-19T09:28:07.929Z","operation":"ToolRegistry.registerTool","msg":"Tool 'git_fetch' registered successfully."}
{"level":20,"time":1771493287929,"env":"development","version":"2.8.4","pid":19040,"toolName":"git_init","requestId":"SP5LN-ER0EO","timestamp":"2026-02-19T09:28:07.929Z","operation":"ToolRegistry.registerTool","msg":"Registering tool: 'git_init'"}
{"level":30,"time":1771493287929,"env":"development","version":"2.8.4","pid":19040,"toolName":"git_init","requestId":"SP5LN-ER0EO","timestamp":"2026-02-19T09:28:07.929Z","operation":"ToolRegistry.registerTool","msg":"Tool 'git_init' registered successfully."}
{"level":20,"time":1771493287929,"env":"development","version":"2.8.4","pid":19040,"toolName":"git_log","requestId":"J60IS-QHXV1","timestamp":"2026-02-19T09:28:07.929Z","operation":"ToolRegistry.registerTool","msg":"Registering tool: 'git_log'"}
{"level":30,"time":1771493287929,"env":"development","version":"2.8.4","pid":19040,"toolName":"git_log","requestId":"J60IS-QHXV1","timestamp":"2026-02-19T09:28:07.929Z","operation":"ToolRegistry.registerTool","msg":"Tool 'git_log' registered successfully."}
{"level":20,"time":1771493287929,"env":"development","version":"2.8.4","pid":19040,"toolName":"git_merge","requestId":"1FUJ1-NZ41Y","timestamp":"2026-02-19T09:28:07.929Z","operation":"ToolRegistry.registerTool","msg":"Registering tool: 'git_merge'"}
{"level":30,"time":1771493287929,"env":"development","version":"2.8.4","pid":19040,"toolName":"git_merge","requestId":"1FUJ1-NZ41Y","timestamp":"2026-02-19T09:28:07.929Z","operation":"ToolRegistry.registerTool","msg":"Tool 'git_merge' registered successfully."}
{"level":20,"time":1771493287930,"env":"development","version":"2.8.4","pid":19040,"toolName":"git_pull","requestId":"D3A19-GLFBB","timestamp":"2026-02-19T09:28:07.930Z","operation":"ToolRegistry.registerTool","msg":"Registering tool: 'git_pull'"}
{"level":30,"time":1771493287930,"env":"development","version":"2.8.4","pid":19040,"toolName":"git_pull","requestId":"D3A19-GLFBB","timestamp":"2026-02-19T09:28:07.930Z","operation":"ToolRegistry.registerTool","msg":"Tool 'git_pull' registered successfully."}
{"level":20,"time":1771493287930,"env":"development","version":"2.8.4","pid":19040,"toolName":"git_push","requestId":"03CQ7-X2HM1","timestamp":"2026-02-19T09:28:07.930Z","operation":"ToolRegistry.registerTool","msg":"Registering tool: 'git_push'"}
{"level":30,"time":1771493287930,"env":"development","version":"2.8.4","pid":19040,"toolName":"git_push","requestId":"03CQ7-X2HM1","timestamp":"2026-02-19T09:28:07.930Z","operation":"ToolRegistry.registerTool","msg":"Tool 'git_push' registered successfully."}
{"level":20,"time":1771493287930,"env":"development","version":"2.8.4","pid":19040,"toolName":"git_rebase","requestId":"83D6R-ETVMS","timestamp":"2026-02-19T09:28:07.930Z","operation":"ToolRegistry.registerTool","msg":"Registering tool: 'git_rebase'"}
{"level":30,"time":1771493287930,"env":"development","version":"2.8.4","pid":19040,"toolName":"git_rebase","requestId":"83D6R-ETVMS","timestamp":"2026-02-19T09:28:07.930Z","operation":"ToolRegistry.registerTool","msg":"Tool 'git_rebase' registered successfully."}
{"level":20,"time":1771493287930,"env":"development","version":"2.8.4","pid":19040,"toolName":"git_reflog","requestId":"DG9AX-XJOOZ","timestamp":"2026-02-19T09:28:07.930Z","operation":"ToolRegistry.registerTool","msg":"Registering tool: 'git_reflog'"}
{"level":30,"time":1771493287930,"env":"development","version":"2.8.4","pid":19040,"toolName":"git_reflog","requestId":"DG9AX-XJOOZ","timestamp":"2026-02-19T09:28:07.930Z","operation":"ToolRegistry.registerTool","msg":"Tool 'git_reflog' registered successfully."}
{"level":20,"time":1771493287930,"env":"development","version":"2.8.4","pid":19040,"toolName":"git_remote","requestId":"AHUDS-5MB4G","timestamp":"2026-02-19T09:28:07.930Z","operation":"ToolRegistry.registerTool","msg":"Registering tool: 'git_remote'"}
{"level":30,"time":1771493287930,"env":"development","version":"2.8.4","pid":19040,"toolName":"git_remote","requestId":"AHUDS-5MB4G","timestamp":"2026-02-19T09:28:07.930Z","operation":"ToolRegistry.registerTool","msg":"Tool 'git_remote' registered successfully."}
{"level":20,"time":1771493287930,"env":"development","version":"2.8.4","pid":19040,"toolName":"git_reset","requestId":"W67H4-OE0AY","timestamp":"2026-02-19T09:28:07.930Z","operation":"ToolRegistry.registerTool","msg":"Registering tool: 'git_reset'"}
{"level":30,"time":1771493287930,"env":"development","version":"2.8.4","pid":19040,"toolName":"git_reset","requestId":"W67H4-OE0AY","timestamp":"2026-02-19T09:28:07.930Z","operation":"ToolRegistry.registerTool","msg":"Tool 'git_reset' registered successfully."}
{"level":20,"time":1771493287930,"env":"development","version":"2.8.4","pid":19040,"toolName":"git_set_working_dir","requestId":"4WNAI-65WRO","timestamp":"2026-02-19T09:28:07.930Z","operation":"ToolRegistry.registerTool","msg":"Registering tool: 'git_set_working_dir'"}
{"level":30,"time":1771493287930,"env":"development","version":"2.8.4","pid":19040,"toolName":"git_set_working_dir","requestId":"4WNAI-65WRO","timestamp":"2026-02-19T09:28:07.930Z","operation":"ToolRegistry.registerTool","msg":"Tool 'git_set_working_dir' registered successfully."}
{"level":20,"time":1771493287930,"env":"development","version":"2.8.4","pid":19040,"toolName":"git_show","requestId":"KQQ0B-FXT0Z","timestamp":"2026-02-19T09:28:07.930Z","operation":"ToolRegistry.registerTool","msg":"Registering tool: 'git_show'"}
{"level":30,"time":1771493287930,"env":"development","version":"2.8.4","pid":19040,"toolName":"git_show","requestId":"KQQ0B-FXT0Z","timestamp":"2026-02-19T09:28:07.930Z","operation":"ToolRegistry.registerTool","msg":"Tool 'git_show' registered successfully."}
{"level":20,"time":1771493287930,"env":"development","version":"2.8.4","pid":19040,"toolName":"git_stash","requestId":"RINCA-2P4ME","timestamp":"2026-02-19T09:28:07.930Z","operation":"ToolRegistry.registerTool","msg":"Registering tool: 'git_stash'"}
{"level":30,"time":1771493287930,"env":"development","version":"2.8.4","pid":19040,"toolName":"git_stash","requestId":"RINCA-2P4ME","timestamp":"2026-02-19T09:28:07.930Z","operation":"ToolRegistry.registerTool","msg":"Tool 'git_stash' registered successfully."}
{"level":20,"time":1771493287930,"env":"development","version":"2.8.4","pid":19040,"toolName":"git_status","requestId":"491Q5-NO4O2","timestamp":"2026-02-19T09:28:07.930Z","operation":"ToolRegistry.registerTool","msg":"Registering tool: 'git_status'"}
{"level":30,"time":1771493287930,"env":"development","version":"2.8.4","pid":19040,"toolName":"git_status","requestId":"491Q5-NO4O2","timestamp":"2026-02-19T09:28:07.930Z","operation":"ToolRegistry.registerTool","msg":"Tool 'git_status' registered successfully."}
{"level":20,"time":1771493287930,"env":"development","version":"2.8.4","pid":19040,"toolName":"git_tag","requestId":"URGRJ-XHYDL","timestamp":"2026-02-19T09:28:07.930Z","operation":"ToolRegistry.registerTool","msg":"Registering tool: 'git_tag'"}
{"level":30,"time":1771493287930,"env":"development","version":"2.8.4","pid":19040,"toolName":"git_tag","requestId":"URGRJ-XHYDL","timestamp":"2026-02-19T09:28:07.930Z","operation":"ToolRegistry.registerTool","msg":"Tool 'git_tag' registered successfully."}
{"level":20,"time":1771493287930,"env":"development","version":"2.8.4","pid":19040,"toolName":"git_worktree","requestId":"GPMPW-78CGJ","timestamp":"2026-02-19T09:28:07.930Z","operation":"ToolRegistry.registerTool","msg":"Registering tool: 'git_worktree'"}
{"level":30,"time":1771493287930,"env":"development","version":"2.8.4","pid":19040,"toolName":"git_worktree","requestId":"GPMPW-78CGJ","timestamp":"2026-02-19T09:28:07.930Z","operation":"ToolRegistry.registerTool","msg":"Tool 'git_worktree' registered successfully."}
{"level":20,"time":1771493287930,"env":"development","version":"2.8.4","pid":19040,"toolName":"git_wrapup_instructions","requestId":"NP46L-GG9ZM","timestamp":"2026-02-19T09:28:07.930Z","operation":"ToolRegistry.registerTool","msg":"Registering tool: 'git_wrapup_instructions'"}
{"level":30,"time":1771493287930,"env":"development","version":"2.8.4","pid":19040,"toolName":"git_wrapup_instructions","requestId":"NP46L-GG9ZM","timestamp":"2026-02-19T09:28:07.930Z","operation":"ToolRegistry.registerTool","msg":"Tool 'git_wrapup_instructions' registered successfully."}
{"level":30,"time":1771493287930,"env":"development","version":"2.8.4","pid":19040,"requestId":"QDEUX-43RY6","timestamp":"2026-02-19T09:28:07.930Z","operation":"ResourceRegistry.registerAll","msg":"Registering 1 resource(s)..."}
{"level":30,"time":1771493287930,"env":"development","version":"2.8.4","pid":19040,"requestId":"UE6KI-47DOX","timestamp":"2026-02-19T09:28:07.930Z","resourceName":"git-working-directory","operation":"RegisterResource","msg":"Registering resource: 'git-working-directory'"}
{"level":30,"time":1771493287931,"env":"development","version":"2.8.4","pid":19040,"requestId":"UE6KI-47DOX","timestamp":"2026-02-19T09:28:07.930Z","resourceName":"git-working-directory","operation":"RegisterResource","msg":"Resource 'git-working-directory' registered successfully."}
{"level":20,"time":1771493287931,"env":"development","version":"2.8.4","pid":19040,"requestId":"H7VGT-P1RJV","timestamp":"2026-02-19T09:28:07.931Z","operation":"PromptRegistry.registerAll","msg":"Registering 1 prompts..."}
{"level":20,"time":1771493287931,"env":"development","version":"2.8.4","pid":19040,"requestId":"H7VGT-P1RJV","timestamp":"2026-02-19T09:28:07.931Z","operation":"PromptRegistry.registerAll","msg":"Registering prompt: git_wrapup"}
{"level":30,"time":1771493287931,"env":"development","version":"2.8.4","pid":19040,"requestId":"H7VGT-P1RJV","timestamp":"2026-02-19T09:28:07.931Z","operation":"PromptRegistry.registerAll","msg":"Registered prompt: git_wrapup"}
{"level":30,"time":1771493287931,"env":"development","version":"2.8.4","pid":19040,"requestId":"H7VGT-P1RJV","timestamp":"2026-02-19T09:28:07.931Z","operation":"PromptRegistry.registerAll","msg":"Successfully registered 1 prompts"}
{"level":30,"time":1771493287931,"env":"development","version":"2.8.4","pid":19040,"requestId":"9T0GD-G6KWO","timestamp":"2026-02-19T09:28:07.924Z","operation":"createMcpServerInstance","msg":"All MCP capabilities registered successfully"}
{"level":30,"time":1771493287931,"env":"development","version":"2.8.4","pid":19040,"transport":"stdio","requestId":"3L36G-JVPGA","timestamp":"2026-02-19T09:28:07.924Z","operation":"connectStdioTransport","transportType":"Stdio","msg":"Attempting to connect stdio transport..."}
{"level":20,"time":1771493287931,"env":"development","version":"2.8.4","pid":19040,"transport":"stdio","requestId":"3L36G-JVPGA","timestamp":"2026-02-19T09:28:07.924Z","operation":"connectStdioTransport","transportType":"Stdio","msg":"Creating StdioServerTransport instance..."}
{"level":20,"time":1771493287931,"env":"development","version":"2.8.4","pid":19040,"transport":"stdio","requestId":"3L36G-JVPGA","timestamp":"2026-02-19T09:28:07.924Z","operation":"connectStdioTransport","transportType":"Stdio","msg":"Connecting McpServer instance to StdioServerTransport..."}
{"level":30,"time":1771493287932,"env":"development","version":"2.8.4","pid":19040,"transport":"stdio","requestId":"3L36G-JVPGA","timestamp":"2026-02-19T09:28:07.924Z","operation":"connectStdioTransport","transportType":"Stdio","msg":"MCP Server connected and listening via stdio transport."}
{"level":30,"time":1771493287932,"env":"development","version":"2.8.4","pid":19040,"applicationName":"@cyanheads/git-mcp-server","applicationVersion":"2.8.4","nodeEnvironment":"development","requestId":"K9NQK-LT7RW","timestamp":"2026-02-19T09:28:07.924Z","operation":"ServerStartup","msg":"@cyanheads/git-mcp-server is now running and ready."}
{"level":30,"time":1771503409939,"env":"development","version":"2.8.4","pid":40592,"requestId":"W5NCN-UAR5P","timestamp":"2026-02-19T12:16:49.938Z","operation":"loggerInit","msg":"Logger initialized. MCP level: debug."}
{"level":30,"time":1771503409940,"env":"development","version":"2.8.4","pid":40592,"requestId":"9FT45-101VW","timestamp":"2026-02-19T12:16:49.940Z","operation":"LoggerInit","msg":"Logger initialized. Effective MCP logging level: debug."}
{"level":30,"time":1771503409940,"env":"development","version":"2.8.4","pid":40592,"runtime":"node","runtimeVersion":"Node.js 25.6.1","requestId":"QN8WD-TQMJX","timestamp":"2026-02-19T12:16:49.940Z","operation":"RuntimeDetection","msg":"Runtime detected: Node.js 25.6.1"}
{"level":30,"time":1771503409940,"env":"development","version":"2.8.4","pid":40592,"requestId":"SECDT-6S3UG","timestamp":"2026-02-19T12:16:49.940Z","operation":"StorageInit","msg":"Storage service initialized with provider: in-memory"}
{"level":30,"time":1771503409940,"env":"development","version":"2.8.4","pid":40592,"applicationName":"@cyanheads/git-mcp-server","applicationVersion":"2.8.4","nodeEnvironment":"development","requestId":"I2D4V-OL2XH","timestamp":"2026-02-19T12:16:49.940Z","operation":"ServerStartup","msg":"Starting @cyanheads/git-mcp-server (v2.8.4)..."}
{"level":30,"time":1771503409940,"env":"development","version":"2.8.4","pid":40592,"transport":"stdio","requestId":"0N5PR-IGMAU","timestamp":"2026-02-19T12:16:49.940Z","operation":"TransportManager.start","msg":"Starting transport: stdio"}
{"level":30,"time":1771503409940,"env":"development","version":"2.8.4","pid":40592,"requestId":"BI96V-0UI41","timestamp":"2026-02-19T12:16:49.940Z","operation":"createMcpServerInstance","msg":"Initializing MCP server instance"}
{"level":20,"time":1771503409940,"env":"development","version":"2.8.4","pid":40592,"requestId":"VLDUF-PPMS3","timestamp":"2026-02-19T12:16:49.940Z","newConfigState":{"appName":"@cyanheads/git-mcp-server","appVersion":"2.8.4","environment":"development"},"operation":"RequestContextService.configure","msg":"RequestContextService configuration updated"}
{"level":20,"time":1771503409944,"env":"development","version":"2.8.4","pid":40592,"requestId":"BI96V-0UI41","timestamp":"2026-02-19T12:16:49.940Z","operation":"createMcpServerInstance","msg":"Registering all MCP capabilities via registries..."}
{"level":30,"time":1771503409944,"env":"development","version":"2.8.4","pid":40592,"requestId":"UVTP8-TJKV3","timestamp":"2026-02-19T12:16:49.944Z","operation":"ToolRegistry.registerAll","msg":"Registering 28 tool(s)..."}
{"level":20,"time":1771503409944,"env":"development","version":"2.8.4","pid":40592,"toolName":"git_add","requestId":"5Y5GO-VP4QV","timestamp":"2026-02-19T12:16:49.944Z","operation":"ToolRegistry.registerTool","msg":"Registering tool: 'git_add'"}
{"level":30,"time":1771503409945,"env":"development","version":"2.8.4","pid":40592,"toolName":"git_add","requestId":"5Y5GO-VP4QV","timestamp":"2026-02-19T12:16:49.944Z","operation":"ToolRegistry.registerTool","msg":"Tool 'git_add' registered successfully."}
{"level":20,"time":1771503409945,"env":"development","version":"2.8.4","pid":40592,"toolName":"git_blame","requestId":"4TY8Y-IZIP2","timestamp":"2026-02-19T12:16:49.945Z","operation":"ToolRegistry.registerTool","msg":"Registering tool: 'git_blame'"}
{"level":30,"time":1771503409945,"env":"development","version":"2.8.4","pid":40592,"toolName":"git_blame","requestId":"4TY8Y-IZIP2","timestamp":"2026-02-19T12:16:49.945Z","operation":"ToolRegistry.registerTool","msg":"Tool 'git_blame' registered successfully."}
{"level":20,"time":1771503409945,"env":"development","version":"2.8.4","pid":40592,"toolName":"git_branch","requestId":"DQXIY-3TMYM","timestamp":"2026-02-19T12:16:49.945Z","operation":"ToolRegistry.registerTool","msg":"Registering tool: 'git_branch'"}
{"level":30,"time":1771503409945,"env":"development","version":"2.8.4","pid":40592,"toolName":"git_branch","requestId":"DQXIY-3TMYM","timestamp":"2026-02-19T12:16:49.945Z","operation":"ToolRegistry.registerTool","msg":"Tool 'git_branch' registered successfully."}
{"level":20,"time":1771503409945,"env":"development","version":"2.8.4","pid":40592,"toolName":"git_changelog_analyze","requestId":"5AVXW-WVSTD","timestamp":"2026-02-19T12:16:49.945Z","operation":"ToolRegistry.registerTool","msg":"Registering tool: 'git_changelog_analyze'"}
{"level":30,"time":1771503409945,"env":"development","version":"2.8.4","pid":40592,"toolName":"git_changelog_analyze","requestId":"5AVXW-WVSTD","timestamp":"2026-02-19T12:16:49.945Z","operation":"ToolRegistry.registerTool","msg":"Tool 'git_changelog_analyze' registered successfully."}
{"level":20,"time":1771503409945,"env":"development","version":"2.8.4","pid":40592,"toolName":"git_checkout","requestId":"D4AA9-FESN4","timestamp":"2026-02-19T12:16:49.945Z","operation":"ToolRegistry.registerTool","msg":"Registering tool: 'git_checkout'"}
{"level":30,"time":1771503409945,"env":"development","version":"2.8.4","pid":40592,"toolName":"git_checkout","requestId":"D4AA9-FESN4","timestamp":"2026-02-19T12:16:49.945Z","operation":"ToolRegistry.registerTool","msg":"Tool 'git_checkout' registered successfully."}
{"level":20,"time":1771503409945,"env":"development","version":"2.8.4","pid":40592,"toolName":"git_cherry_pick","requestId":"V5JWR-O37DA","timestamp":"2026-02-19T12:16:49.945Z","operation":"ToolRegistry.registerTool","msg":"Registering tool: 'git_cherry_pick'"}
{"level":30,"time":1771503409945,"env":"development","version":"2.8.4","pid":40592,"toolName":"git_cherry_pick","requestId":"V5JWR-O37DA","timestamp":"2026-02-19T12:16:49.945Z","operation":"ToolRegistry.registerTool","msg":"Tool 'git_cherry_pick' registered successfully."}
{"level":20,"time":1771503409945,"env":"development","version":"2.8.4","pid":40592,"toolName":"git_clean","requestId":"SGE6N-WOH2R","timestamp":"2026-02-19T12:16:49.945Z","operation":"ToolRegistry.registerTool","msg":"Registering tool: 'git_clean'"}
{"level":30,"time":1771503409945,"env":"development","version":"2.8.4","pid":40592,"toolName":"git_clean","requestId":"SGE6N-WOH2R","timestamp":"2026-02-19T12:16:49.945Z","operation":"ToolRegistry.registerTool","msg":"Tool 'git_clean' registered successfully."}
{"level":20,"time":1771503409945,"env":"development","version":"2.8.4","pid":40592,"toolName":"git_clear_working_dir","requestId":"GR0KN-EV2L0","timestamp":"2026-02-19T12:16:49.945Z","operation":"ToolRegistry.registerTool","msg":"Registering tool: 'git_clear_working_dir'"}
{"level":30,"time":1771503409945,"env":"development","version":"2.8.4","pid":40592,"toolName":"git_clear_working_dir","requestId":"GR0KN-EV2L0","timestamp":"2026-02-19T12:16:49.945Z","operation":"ToolRegistry.registerTool","msg":"Tool 'git_clear_working_dir' registered successfully."}
{"level":20,"time":1771503409945,"env":"development","version":"2.8.4","pid":40592,"toolName":"git_clone","requestId":"87RVV-2YWW7","timestamp":"2026-02-19T12:16:49.945Z","operation":"ToolRegistry.registerTool","msg":"Registering tool: 'git_clone'"}
{"level":30,"time":1771503409945,"env":"development","version":"2.8.4","pid":40592,"toolName":"git_clone","requestId":"87RVV-2YWW7","timestamp":"2026-02-19T12:16:49.945Z","operation":"ToolRegistry.registerTool","msg":"Tool 'git_clone' registered successfully."}
{"level":20,"time":1771503409945,"env":"development","version":"2.8.4","pid":40592,"toolName":"git_commit","requestId":"8IXBL-IYEWE","timestamp":"2026-02-19T12:16:49.945Z","operation":"ToolRegistry.registerTool","msg":"Registering tool: 'git_commit'"}
{"level":30,"time":1771503409945,"env":"development","version":"2.8.4","pid":40592,"toolName":"git_commit","requestId":"8IXBL-IYEWE","timestamp":"2026-02-19T12:16:49.945Z","operation":"ToolRegistry.registerTool","msg":"Tool 'git_commit' registered successfully."}
{"level":20,"time":1771503409945,"env":"development","version":"2.8.4","pid":40592,"toolName":"git_diff","requestId":"A2UPB-R5GL5","timestamp":"2026-02-19T12:16:49.945Z","operation":"ToolRegistry.registerTool","msg":"Registering tool: 'git_diff'"}
{"level":30,"time":1771503409945,"env":"development","version":"2.8.4","pid":40592,"toolName":"git_diff","requestId":"A2UPB-R5GL5","timestamp":"2026-02-19T12:16:49.945Z","operation":"ToolRegistry.registerTool","msg":"Tool 'git_diff' registered successfully."}
{"level":20,"time":1771503409945,"env":"development","version":"2.8.4","pid":40592,"toolName":"git_fetch","requestId":"F8MD3-3JP0K","timestamp":"2026-02-19T12:16:49.945Z","operation":"ToolRegistry.registerTool","msg":"Registering tool: 'git_fetch'"}
{"level":30,"time":1771503409945,"env":"development","version":"2.8.4","pid":40592,"toolName":"git_fetch","requestId":"F8MD3-3JP0K","timestamp":"2026-02-19T12:16:49.945Z","operation":"ToolRegistry.registerTool","msg":"Tool 'git_fetch' registered successfully."}
{"level":20,"time":1771503409945,"env":"development","version":"2.8.4","pid":40592,"toolName":"git_init","requestId":"34YXX-LUS5B","timestamp":"2026-02-19T12:16:49.945Z","operation":"ToolRegistry.registerTool","msg":"Registering tool: 'git_init'"}
{"level":30,"time":1771503409945,"env":"development","version":"2.8.4","pid":40592,"toolName":"git_init","requestId":"34YXX-LUS5B","timestamp":"2026-02-19T12:16:49.945Z","operation":"ToolRegistry.registerTool","msg":"Tool 'git_init' registered successfully."}
{"level":20,"time":1771503409945,"env":"development","version":"2.8.4","pid":40592,"toolName":"git_log","requestId":"K5ZOF-2TOGO","timestamp":"2026-02-19T12:16:49.945Z","operation":"ToolRegistry.registerTool","msg":"Registering tool: 'git_log'"}
{"level":30,"time":1771503409945,"env":"development","version":"2.8.4","pid":40592,"toolName":"git_log","requestId":"K5ZOF-2TOGO","timestamp":"2026-02-19T12:16:49.945Z","operation":"ToolRegistry.registerTool","msg":"Tool 'git_log' registered successfully."}
{"level":20,"time":1771503409946,"env":"development","version":"2.8.4","pid":40592,"toolName":"git_merge","requestId":"5INYU-B2QHL","timestamp":"2026-02-19T12:16:49.946Z","operation":"ToolRegistry.registerTool","msg":"Registering tool: 'git_merge'"}
{"level":30,"time":1771503409946,"env":"development","version":"2.8.4","pid":40592,"toolName":"git_merge","requestId":"5INYU-B2QHL","timestamp":"2026-02-19T12:16:49.946Z","operation":"ToolRegistry.registerTool","msg":"Tool 'git_merge' registered successfully."}
{"level":20,"time":1771503409946,"env":"development","version":"2.8.4","pid":40592,"toolName":"git_pull","requestId":"D03AP-DNC4P","timestamp":"2026-02-19T12:16:49.946Z","operation":"ToolRegistry.registerTool","msg":"Registering tool: 'git_pull'"}
{"level":30,"time":1771503409946,"env":"development","version":"2.8.4","pid":40592,"toolName":"git_pull","requestId":"D03AP-DNC4P","timestamp":"2026-02-19T12:16:49.946Z","operation":"ToolRegistry.registerTool","msg":"Tool 'git_pull' registered successfully."}
{"level":20,"time":1771503409946,"env":"development","version":"2.8.4","pid":40592,"toolName":"git_push","requestId":"9XP9L-FYNJ8","timestamp":"2026-02-19T12:16:49.946Z","operation":"ToolRegistry.registerTool","msg":"Registering tool: 'git_push'"}
{"level":30,"time":1771503409946,"env":"development","version":"2.8.4","pid":40592,"toolName":"git_push","requestId":"9XP9L-FYNJ8","timestamp":"2026-02-19T12:16:49.946Z","operation":"ToolRegistry.registerTool","msg":"Tool 'git_push' registered successfully."}
{"level":20,"time":1771503409946,"env":"development","version":"2.8.4","pid":40592,"toolName":"git_rebase","requestId":"FUH2U-MT7VW","timestamp":"2026-02-19T12:16:49.946Z","operation":"ToolRegistry.registerTool","msg":"Registering tool: 'git_rebase'"}
{"level":30,"time":1771503409946,"env":"development","version":"2.8.4","pid":40592,"toolName":"git_rebase","requestId":"FUH2U-MT7VW","timestamp":"2026-02-19T12:16:49.946Z","operation":"ToolRegistry.registerTool","msg":"Tool 'git_rebase' registered successfully."}
{"level":20,"time":1771503409946,"env":"development","version":"2.8.4","pid":40592,"toolName":"git_reflog","requestId":"DMN3A-P8FQ7","timestamp":"2026-02-19T12:16:49.946Z","operation":"ToolRegistry.registerTool","msg":"Registering tool: 'git_reflog'"}
{"level":30,"time":1771503409946,"env":"development","version":"2.8.4","pid":40592,"toolName":"git_reflog","requestId":"DMN3A-P8FQ7","timestamp":"2026-02-19T12:16:49.946Z","operation":"ToolRegistry.registerTool","msg":"Tool 'git_reflog' registered successfully."}
{"level":20,"time":1771503409946,"env":"development","version":"2.8.4","pid":40592,"toolName":"git_remote","requestId":"B6N9J-P6C9E","timestamp":"2026-02-19T12:16:49.946Z","operation":"ToolRegistry.registerTool","msg":"Registering tool: 'git_remote'"}
{"level":30,"time":1771503409946,"env":"development","version":"2.8.4","pid":40592,"toolName":"git_remote","requestId":"B6N9J-P6C9E","timestamp":"2026-02-19T12:16:49.946Z","operation":"ToolRegistry.registerTool","msg":"Tool 'git_remote' registered successfully."}
{"level":20,"time":1771503409946,"env":"development","version":"2.8.4","pid":40592,"toolName":"git_reset","requestId":"3JXYQ-4S9Q2","timestamp":"2026-02-19T12:16:49.946Z","operation":"ToolRegistry.registerTool","msg":"Registering tool: 'git_reset'"}
{"level":30,"time":1771503409946,"env":"development","version":"2.8.4","pid":40592,"toolName":"git_reset","requestId":"3JXYQ-4S9Q2","timestamp":"2026-02-19T12:16:49.946Z","operation":"ToolRegistry.registerTool","msg":"Tool 'git_reset' registered successfully."}
{"level":20,"time":1771503409946,"env":"development","version":"2.8.4","pid":40592,"toolName":"git_set_working_dir","requestId":"U965Y-SL452","timestamp":"2026-02-19T12:16:49.946Z","operation":"ToolRegistry.registerTool","msg":"Registering tool: 'git_set_working_dir'"}
{"level":30,"time":1771503409946,"env":"development","version":"2.8.4","pid":40592,"toolName":"git_set_working_dir","requestId":"U965Y-SL452","timestamp":"2026-02-19T12:16:49.946Z","operation":"ToolRegistry.registerTool","msg":"Tool 'git_set_working_dir' registered successfully."}
{"level":20,"time":1771503409946,"env":"development","version":"2.8.4","pid":40592,"toolName":"git_show","requestId":"D8V9O-KPXL5","timestamp":"2026-02-19T12:16:49.946Z","operation":"ToolRegistry.registerTool","msg":"Registering tool: 'git_show'"}
{"level":30,"time":1771503409946,"env":"development","version":"2.8.4","pid":40592,"toolName":"git_show","requestId":"D8V9O-KPXL5","timestamp":"2026-02-19T12:16:49.946Z","operation":"ToolRegistry.registerTool","msg":"Tool 'git_show' registered successfully."}
{"level":20,"time":1771503409946,"env":"development","version":"2.8.4","pid":40592,"toolName":"git_stash","requestId":"FUKZ9-UJ7I5","timestamp":"2026-02-19T12:16:49.946Z","operation":"ToolRegistry.registerTool","msg":"Registering tool: 'git_stash'"}
{"level":30,"time":1771503409946,"env":"development","version":"2.8.4","pid":40592,"toolName":"git_stash","requestId":"FUKZ9-UJ7I5","timestamp":"2026-02-19T12:16:49.946Z","operation":"ToolRegistry.registerTool","msg":"Tool 'git_stash' registered successfully."}
{"level":20,"time":1771503409946,"env":"development","version":"2.8.4","pid":40592,"toolName":"git_status","requestId":"RU5CF-3BUAB","timestamp":"2026-02-19T12:16:49.946Z","operation":"ToolRegistry.registerTool","msg":"Registering tool: 'git_status'"}
{"level":30,"time":1771503409946,"env":"development","version":"2.8.4","pid":40592,"toolName":"git_status","requestId":"RU5CF-3BUAB","timestamp":"2026-02-19T12:16:49.946Z","operation":"ToolRegistry.registerTool","msg":"Tool 'git_status' registered successfully."}
{"level":20,"time":1771503409946,"env":"development","version":"2.8.4","pid":40592,"toolName":"git_tag","requestId":"R2D5M-BP0US","timestamp":"2026-02-19T12:16:49.946Z","operation":"ToolRegistry.registerTool","msg":"Registering tool: 'git_tag'"}
{"level":30,"time":1771503409946,"env":"development","version":"2.8.4","pid":40592,"toolName":"git_tag","requestId":"R2D5M-BP0US","timestamp":"2026-02-19T12:16:49.946Z","operation":"ToolRegistry.registerTool","msg":"Tool 'git_tag' registered successfully."}
{"level":20,"time":1771503409946,"env":"development","version":"2.8.4","pid":40592,"toolName":"git_worktree","requestId":"G1WX6-4XLET","timestamp":"2026-02-19T12:16:49.946Z","operation":"ToolRegistry.registerTool","msg":"Registering tool: 'git_worktree'"}
{"level":30,"time":1771503409946,"env":"development","version":"2.8.4","pid":40592,"toolName":"git_worktree","requestId":"G1WX6-4XLET","timestamp":"2026-02-19T12:16:49.946Z","operation":"ToolRegistry.registerTool","msg":"Tool 'git_worktree' registered successfully."}
{"level":20,"time":1771503409946,"env":"development","version":"2.8.4","pid":40592,"toolName":"git_wrapup_instructions","requestId":"QPQ0U-KUFNJ","timestamp":"2026-02-19T12:16:49.946Z","operation":"ToolRegistry.registerTool","msg":"Registering tool: 'git_wrapup_instructions'"}
{"level":30,"time":1771503409946,"env":"development","version":"2.8.4","pid":40592,"toolName":"git_wrapup_instructions","requestId":"QPQ0U-KUFNJ","timestamp":"2026-02-19T12:16:49.946Z","operation":"ToolRegistry.registerTool","msg":"Tool 'git_wrapup_instructions' registered successfully."}
{"level":30,"time":1771503409946,"env":"development","version":"2.8.4","pid":40592,"requestId":"I3B11-MIHLY","timestamp":"2026-02-19T12:16:49.946Z","operation":"ResourceRegistry.registerAll","msg":"Registering 1 resource(s)..."}
{"level":30,"time":1771503409946,"env":"development","version":"2.8.4","pid":40592,"requestId":"GP1H3-RXYWA","timestamp":"2026-02-19T12:16:49.946Z","resourceName":"git-working-directory","operation":"RegisterResource","msg":"Registering resource: 'git-working-directory'"}
{"level":30,"time":1771503409947,"env":"development","version":"2.8.4","pid":40592,"requestId":"GP1H3-RXYWA","timestamp":"2026-02-19T12:16:49.946Z","resourceName":"git-working-directory","operation":"RegisterResource","msg":"Resource 'git-working-directory' registered successfully."}
{"level":20,"time":1771503409947,"env":"development","version":"2.8.4","pid":40592,"requestId":"33115-GCDV6","timestamp":"2026-02-19T12:16:49.947Z","operation":"PromptRegistry.registerAll","msg":"Registering 1 prompts..."}
{"level":20,"time":1771503409947,"env":"development","version":"2.8.4","pid":40592,"requestId":"33115-GCDV6","timestamp":"2026-02-19T12:16:49.947Z","operation":"PromptRegistry.registerAll","msg":"Registering prompt: git_wrapup"}
{"level":30,"time":1771503409947,"env":"development","version":"2.8.4","pid":40592,"requestId":"33115-GCDV6","timestamp":"2026-02-19T12:16:49.947Z","operation":"PromptRegistry.registerAll","msg":"Registered prompt: git_wrapup"}
{"level":30,"time":1771503409947,"env":"development","version":"2.8.4","pid":40592,"requestId":"33115-GCDV6","timestamp":"2026-02-19T12:16:49.947Z","operation":"PromptRegistry.registerAll","msg":"Successfully registered 1 prompts"}
{"level":30,"time":1771503409947,"env":"development","version":"2.8.4","pid":40592,"requestId":"BI96V-0UI41","timestamp":"2026-02-19T12:16:49.940Z","operation":"createMcpServerInstance","msg":"All MCP capabilities registered successfully"}
{"level":30,"time":1771503409947,"env":"development","version":"2.8.4","pid":40592,"transport":"stdio","requestId":"0N5PR-IGMAU","timestamp":"2026-02-19T12:16:49.940Z","operation":"connectStdioTransport","transportType":"Stdio","msg":"Attempting to connect stdio transport..."}
{"level":20,"time":1771503409947,"env":"development","version":"2.8.4","pid":40592,"transport":"stdio","requestId":"0N5PR-IGMAU","timestamp":"2026-02-19T12:16:49.940Z","operation":"connectStdioTransport","transportType":"Stdio","msg":"Creating StdioServerTransport instance..."}
{"level":20,"time":1771503409947,"env":"development","version":"2.8.4","pid":40592,"transport":"stdio","requestId":"0N5PR-IGMAU","timestamp":"2026-02-19T12:16:49.940Z","operation":"connectStdioTransport","transportType":"Stdio","msg":"Connecting McpServer instance to StdioServerTransport..."}
{"level":30,"time":1771503409948,"env":"development","version":"2.8.4","pid":40592,"transport":"stdio","requestId":"0N5PR-IGMAU","timestamp":"2026-02-19T12:16:49.940Z","operation":"connectStdioTransport","transportType":"Stdio","msg":"MCP Server connected and listening via stdio transport."}
{"level":30,"time":1771503409948,"env":"development","version":"2.8.4","pid":40592,"applicationName":"@cyanheads/git-mcp-server","applicationVersion":"2.8.4","nodeEnvironment":"development","requestId":"I2D4V-OL2XH","timestamp":"2026-02-19T12:16:49.940Z","operation":"ServerStartup","msg":"@cyanheads/git-mcp-server is now running and ready."}
{"level":30,"time":1771503470509,"env":"development","version":"2.8.4","pid":5428,"requestId":"P36YW-SVPHU","timestamp":"2026-02-19T12:17:50.507Z","operation":"loggerInit","msg":"Logger initialized. MCP level: debug."}
{"level":30,"time":1771503470509,"env":"development","version":"2.8.4","pid":5428,"requestId":"OF4SL-7E69S","timestamp":"2026-02-19T12:17:50.509Z","operation":"LoggerInit","msg":"Logger initialized. Effective MCP logging level: debug."}
{"level":30,"time":1771503470509,"env":"development","version":"2.8.4","pid":5428,"runtime":"node","runtimeVersion":"Node.js 25.6.1","requestId":"7C6WE-RN7A5","timestamp":"2026-02-19T12:17:50.509Z","operation":"RuntimeDetection","msg":"Runtime detected: Node.js 25.6.1"}
{"level":30,"time":1771503470509,"env":"development","version":"2.8.4","pid":5428,"requestId":"5VGT1-JE8Z8","timestamp":"2026-02-19T12:17:50.509Z","operation":"StorageInit","msg":"Storage service initialized with provider: in-memory"}
{"level":30,"time":1771503470510,"env":"development","version":"2.8.4","pid":5428,"applicationName":"@cyanheads/git-mcp-server","applicationVersion":"2.8.4","nodeEnvironment":"development","requestId":"982C5-O970C","timestamp":"2026-02-19T12:17:50.510Z","operation":"ServerStartup","msg":"Starting @cyanheads/git-mcp-server (v2.8.4)..."}
{"level":30,"time":1771503470510,"env":"development","version":"2.8.4","pid":5428,"transport":"stdio","requestId":"RLD88-VEVEN","timestamp":"2026-02-19T12:17:50.510Z","operation":"TransportManager.start","msg":"Starting transport: stdio"}
{"level":30,"time":1771503470510,"env":"development","version":"2.8.4","pid":5428,"requestId":"PJFB1-MYG7I","timestamp":"2026-02-19T12:17:50.510Z","operation":"createMcpServerInstance","msg":"Initializing MCP server instance"}
{"level":20,"time":1771503470510,"env":"development","version":"2.8.4","pid":5428,"requestId":"86HMU-9U92N","timestamp":"2026-02-19T12:17:50.510Z","newConfigState":{"appName":"@cyanheads/git-mcp-server","appVersion":"2.8.4","environment":"development"},"operation":"RequestContextService.configure","msg":"RequestContextService configuration updated"}
{"level":20,"time":1771503470513,"env":"development","version":"2.8.4","pid":5428,"requestId":"PJFB1-MYG7I","timestamp":"2026-02-19T12:17:50.510Z","operation":"createMcpServerInstance","msg":"Registering all MCP capabilities via registries..."}
{"level":30,"time":1771503470514,"env":"development","version":"2.8.4","pid":5428,"requestId":"8IWTE-Q5AZB","timestamp":"2026-02-19T12:17:50.514Z","operation":"ToolRegistry.registerAll","msg":"Registering 28 tool(s)..."}
{"level":20,"time":1771503470514,"env":"development","version":"2.8.4","pid":5428,"toolName":"git_add","requestId":"IFE5W-UTBME","timestamp":"2026-02-19T12:17:50.514Z","operation":"ToolRegistry.registerTool","msg":"Registering tool: 'git_add'"}
{"level":30,"time":1771503470514,"env":"development","version":"2.8.4","pid":5428,"toolName":"git_add","requestId":"IFE5W-UTBME","timestamp":"2026-02-19T12:17:50.514Z","operation":"ToolRegistry.registerTool","msg":"Tool 'git_add' registered successfully."}
{"level":20,"time":1771503470515,"env":"development","version":"2.8.4","pid":5428,"toolName":"git_blame","requestId":"CY1TQ-N6U9C","timestamp":"2026-02-19T12:17:50.515Z","operation":"ToolRegistry.registerTool","msg":"Registering tool: 'git_blame'"}
{"level":30,"time":1771503470515,"env":"development","version":"2.8.4","pid":5428,"toolName":"git_blame","requestId":"CY1TQ-N6U9C","timestamp":"2026-02-19T12:17:50.515Z","operation":"ToolRegistry.registerTool","msg":"Tool 'git_blame' registered successfully."}
{"level":20,"time":1771503470515,"env":"development","version":"2.8.4","pid":5428,"toolName":"git_branch","requestId":"CA2SY-02EKR","timestamp":"2026-02-19T12:17:50.515Z","operation":"ToolRegistry.registerTool","msg":"Registering tool: 'git_branch'"}
{"level":30,"time":1771503470515,"env":"development","version":"2.8.4","pid":5428,"toolName":"git_branch","requestId":"CA2SY-02EKR","timestamp":"2026-02-19T12:17:50.515Z","operation":"ToolRegistry.registerTool","msg":"Tool 'git_branch' registered successfully."}
{"level":20,"time":1771503470515,"env":"development","version":"2.8.4","pid":5428,"toolName":"git_changelog_analyze","requestId":"02HC4-5F8X1","timestamp":"2026-02-19T12:17:50.515Z","operation":"ToolRegistry.registerTool","msg":"Registering tool: 'git_changelog_analyze'"}
{"level":30,"time":1771503470515,"env":"development","version":"2.8.4","pid":5428,"toolName":"git_changelog_analyze","requestId":"02HC4-5F8X1","timestamp":"2026-02-19T12:17:50.515Z","operation":"ToolRegistry.registerTool","msg":"Tool 'git_changelog_analyze' registered successfully."}
{"level":20,"time":1771503470515,"env":"development","version":"2.8.4","pid":5428,"toolName":"git_checkout","requestId":"A6IJQ-0JDET","timestamp":"2026-02-19T12:17:50.515Z","operation":"ToolRegistry.registerTool","msg":"Registering tool: 'git_checkout'"}
{"level":30,"time":1771503470515,"env":"development","version":"2.8.4","pid":5428,"toolName":"git_checkout","requestId":"A6IJQ-0JDET","timestamp":"2026-02-19T12:17:50.515Z","operation":"ToolRegistry.registerTool","msg":"Tool 'git_checkout' registered successfully."}
{"level":20,"time":1771503470515,"env":"development","version":"2.8.4","pid":5428,"toolName":"git_cherry_pick","requestId":"RE2ZA-DWKN0","timestamp":"2026-02-19T12:17:50.515Z","operation":"ToolRegistry.registerTool","msg":"Registering tool: 'git_cherry_pick'"}
{"level":30,"time":1771503470515,"env":"development","version":"2.8.4","pid":5428,"toolName":"git_cherry_pick","requestId":"RE2ZA-DWKN0","timestamp":"2026-02-19T12:17:50.515Z","operation":"ToolRegistry.registerTool","msg":"Tool 'git_cherry_pick' registered successfully."}
{"level":20,"time":1771503470515,"env":"development","version":"2.8.4","pid":5428,"toolName":"git_clean","requestId":"D273H-UC6UK","timestamp":"2026-02-19T12:17:50.515Z","operation":"ToolRegistry.registerTool","msg":"Registering tool: 'git_clean'"}
{"level":30,"time":1771503470515,"env":"development","version":"2.8.4","pid":5428,"toolName":"git_clean","requestId":"D273H-UC6UK","timestamp":"2026-02-19T12:17:50.515Z","operation":"ToolRegistry.registerTool","msg":"Tool 'git_clean' registered successfully."}
{"level":20,"time":1771503470515,"env":"development","version":"2.8.4","pid":5428,"toolName":"git_clear_working_dir","requestId":"XQ0YH-NNVA4","timestamp":"2026-02-19T12:17:50.515Z","operation":"ToolRegistry.registerTool","msg":"Registering tool: 'git_clear_working_dir'"}
{"level":30,"time":1771503470515,"env":"development","version":"2.8.4","pid":5428,"toolName":"git_clear_working_dir","requestId":"XQ0YH-NNVA4","timestamp":"2026-02-19T12:17:50.515Z","operation":"ToolRegistry.registerTool","msg":"Tool 'git_clear_working_dir' registered successfully."}
{"level":20,"time":1771503470515,"env":"development","version":"2.8.4","pid":5428,"toolName":"git_clone","requestId":"TXFDB-E8N7W","timestamp":"2026-02-19T12:17:50.515Z","operation":"ToolRegistry.registerTool","msg":"Registering tool: 'git_clone'"}
{"level":30,"time":1771503470515,"env":"development","version":"2.8.4","pid":5428,"toolName":"git_clone","requestId":"TXFDB-E8N7W","timestamp":"2026-02-19T12:17:50.515Z","operation":"ToolRegistry.registerTool","msg":"Tool 'git_clone' registered successfully."}
{"level":20,"time":1771503470515,"env":"development","version":"2.8.4","pid":5428,"toolName":"git_commit","requestId":"SHBJX-A3US7","timestamp":"2026-02-19T12:17:50.515Z","operation":"ToolRegistry.registerTool","msg":"Registering tool: 'git_commit'"}
{"level":30,"time":1771503470515,"env":"development","version":"2.8.4","pid":5428,"toolName":"git_commit","requestId":"SHBJX-A3US7","timestamp":"2026-02-19T12:17:50.515Z","operation":"ToolRegistry.registerTool","msg":"Tool 'git_commit' registered successfully."}
{"level":20,"time":1771503470515,"env":"development","version":"2.8.4","pid":5428,"toolName":"git_diff","requestId":"YZY47-40CHU","timestamp":"2026-02-19T12:17:50.515Z","operation":"ToolRegistry.registerTool","msg":"Registering tool: 'git_diff'"}
{"level":30,"time":1771503470515,"env":"development","version":"2.8.4","pid":5428,"toolName":"git_diff","requestId":"YZY47-40CHU","timestamp":"2026-02-19T12:17:50.515Z","operation":"ToolRegistry.registerTool","msg":"Tool 'git_diff' registered successfully."}
{"level":20,"time":1771503470515,"env":"development","version":"2.8.4","pid":5428,"toolName":"git_fetch","requestId":"XNKS5-8M3XW","timestamp":"2026-02-19T12:17:50.515Z","operation":"ToolRegistry.registerTool","msg":"Registering tool: 'git_fetch'"}
{"level":30,"time":1771503470515,"env":"development","version":"2.8.4","pid":5428,"toolName":"git_fetch","requestId":"XNKS5-8M3XW","timestamp":"2026-02-19T12:17:50.515Z","operation":"ToolRegistry.registerTool","msg":"Tool 'git_fetch' registered successfully."}
{"level":20,"time":1771503470515,"env":"development","version":"2.8.4","pid":5428,"toolName":"git_init","requestId":"LB4OV-DP4KR","timestamp":"2026-02-19T12:17:50.515Z","operation":"ToolRegistry.registerTool","msg":"Registering tool: 'git_init'"}
{"level":30,"time":1771503470516,"env":"development","version":"2.8.4","pid":5428,"toolName":"git_init","requestId":"LB4OV-DP4KR","timestamp":"2026-02-19T12:17:50.515Z","operation":"ToolRegistry.registerTool","msg":"Tool 'git_init' registered successfully."}
{"level":20,"time":1771503470516,"env":"development","version":"2.8.4","pid":5428,"toolName":"git_log","requestId":"NROY1-4998X","timestamp":"2026-02-19T12:17:50.516Z","operation":"ToolRegistry.registerTool","msg":"Registering tool: 'git_log'"}
{"level":30,"time":1771503470516,"env":"development","version":"2.8.4","pid":5428,"toolName":"git_log","requestId":"NROY1-4998X","timestamp":"2026-02-19T12:17:50.516Z","operation":"ToolRegistry.registerTool","msg":"Tool 'git_log' registered successfully."}
{"level":20,"time":1771503470516,"env":"development","version":"2.8.4","pid":5428,"toolName":"git_merge","requestId":"9YXTN-X6DQ7","timestamp":"2026-02-19T12:17:50.516Z","operation":"ToolRegistry.registerTool","msg":"Registering tool: 'git_merge'"}
{"level":30,"time":1771503470516,"env":"development","version":"2.8.4","pid":5428,"toolName":"git_merge","requestId":"9YXTN-X6DQ7","timestamp":"2026-02-19T12:17:50.516Z","operation":"ToolRegistry.registerTool","msg":"Tool 'git_merge' registered successfully."}
{"level":20,"time":1771503470516,"env":"development","version":"2.8.4","pid":5428,"toolName":"git_pull","requestId":"Y3G4R-2TCYM","timestamp":"2026-02-19T12:17:50.516Z","operation":"ToolRegistry.registerTool","msg":"Registering tool: 'git_pull'"}
{"level":30,"time":1771503470516,"env":"development","version":"2.8.4","pid":5428,"toolName":"git_pull","requestId":"Y3G4R-2TCYM","timestamp":"2026-02-19T12:17:50.516Z","operation":"ToolRegistry.registerTool","msg":"Tool 'git_pull' registered successfully."}
{"level":20,"time":1771503470516,"env":"development","version":"2.8.4","pid":5428,"toolName":"git_push","requestId":"K35NV-RP4LU","timestamp":"2026-02-19T12:17:50.516Z","operation":"ToolRegistry.registerTool","msg":"Registering tool: 'git_push'"}
{"level":30,"time":1771503470516,"env":"development","version":"2.8.4","pid":5428,"toolName":"git_push","requestId":"K35NV-RP4LU","timestamp":"2026-02-19T12:17:50.516Z","operation":"ToolRegistry.registerTool","msg":"Tool 'git_push' registered successfully."}
{"level":20,"time":1771503470516,"env":"development","version":"2.8.4","pid":5428,"toolName":"git_rebase","requestId":"PRYVH-EB16J","timestamp":"2026-02-19T12:17:50.516Z","operation":"ToolRegistry.registerTool","msg":"Registering tool: 'git_rebase'"}
{"level":30,"time":1771503470516,"env":"development","version":"2.8.4","pid":5428,"toolName":"git_rebase","requestId":"PRYVH-EB16J","timestamp":"2026-02-19T12:17:50.516Z","operation":"ToolRegistry.registerTool","msg":"Tool 'git_rebase' registered successfully."}
{"level":20,"time":1771503470516,"env":"development","version":"2.8.4","pid":5428,"toolName":"git_reflog","requestId":"PUKOD-3C0Q7","timestamp":"2026-02-19T12:17:50.516Z","operation":"ToolRegistry.registerTool","msg":"Registering tool: 'git_reflog'"}
{"level":30,"time":1771503470516,"env":"development","version":"2.8.4","pid":5428,"toolName":"git_reflog","requestId":"PUKOD-3C0Q7","timestamp":"2026-02-19T12:17:50.516Z","operation":"ToolRegistry.registerTool","msg":"Tool 'git_reflog' registered successfully."}
{"level":20,"time":1771503470516,"env":"development","version":"2.8.4","pid":5428,"toolName":"git_remote","requestId":"HMDLB-3PFBF","timestamp":"2026-02-19T12:17:50.516Z","operation":"ToolRegistry.registerTool","msg":"Registering tool: 'git_remote'"}
{"level":30,"time":1771503470516,"env":"development","version":"2.8.4","pid":5428,"toolName":"git_remote","requestId":"HMDLB-3PFBF","timestamp":"2026-02-19T12:17:50.516Z","operation":"ToolRegistry.registerTool","msg":"Tool 'git_remote' registered successfully."}
{"level":20,"time":1771503470516,"env":"development","version":"2.8.4","pid":5428,"toolName":"git_reset","requestId":"ZT6DC-ZDPKJ","timestamp":"2026-02-19T12:17:50.516Z","operation":"ToolRegistry.registerTool","msg":"Registering tool: 'git_reset'"}
{"level":30,"time":1771503470516,"env":"development","version":"2.8.4","pid":5428,"toolName":"git_reset","requestId":"ZT6DC-ZDPKJ","timestamp":"2026-02-19T12:17:50.516Z","operation":"ToolRegistry.registerTool","msg":"Tool 'git_reset' registered successfully."}
{"level":20,"time":1771503470516,"env":"development","version":"2.8.4","pid":5428,"toolName":"git_set_working_dir","requestId":"OEQLW-935SY","timestamp":"2026-02-19T12:17:50.516Z","operation":"ToolRegistry.registerTool","msg":"Registering tool: 'git_set_working_dir'"}
{"level":30,"time":1771503470516,"env":"development","version":"2.8.4","pid":5428,"toolName":"git_set_working_dir","requestId":"OEQLW-935SY","timestamp":"2026-02-19T12:17:50.516Z","operation":"ToolRegistry.registerTool","msg":"Tool 'git_set_working_dir' registered successfully."}
{"level":20,"time":1771503470516,"env":"development","version":"2.8.4","pid":5428,"toolName":"git_show","requestId":"A2G5T-ONJ1I","timestamp":"2026-02-19T12:17:50.516Z","operation":"ToolRegistry.registerTool","msg":"Registering tool: 'git_show'"}
{"level":30,"time":1771503470516,"env":"development","version":"2.8.4","pid":5428,"toolName":"git_show","requestId":"A2G5T-ONJ1I","timestamp":"2026-02-19T12:17:50.516Z","operation":"ToolRegistry.registerTool","msg":"Tool 'git_show' registered successfully."}
{"level":20,"time":1771503470516,"env":"development","version":"2.8.4","pid":5428,"toolName":"git_stash","requestId":"H21GF-MXOQG","timestamp":"2026-02-19T12:17:50.516Z","operation":"ToolRegistry.registerTool","msg":"Registering tool: 'git_stash'"}
{"level":30,"time":1771503470516,"env":"development","version":"2.8.4","pid":5428,"toolName":"git_stash","requestId":"H21GF-MXOQG","timestamp":"2026-02-19T12:17:50.516Z","operation":"ToolRegistry.registerTool","msg":"Tool 'git_stash' registered successfully."}
{"level":20,"time":1771503470516,"env":"development","version":"2.8.4","pid":5428,"toolName":"git_status","requestId":"W051E-GKU9Y","timestamp":"2026-02-19T12:17:50.516Z","operation":"ToolRegistry.registerTool","msg":"Registering tool: 'git_status'"}
{"level":30,"time":1771503470516,"env":"development","version":"2.8.4","pid":5428,"toolName":"git_status","requestId":"W051E-GKU9Y","timestamp":"2026-02-19T12:17:50.516Z","operation":"ToolRegistry.registerTool","msg":"Tool 'git_status' registered successfully."}
{"level":20,"time":1771503470516,"env":"development","version":"2.8.4","pid":5428,"toolName":"git_tag","requestId":"T92BU-RZTBA","timestamp":"2026-02-19T12:17:50.516Z","operation":"ToolRegistry.registerTool","msg":"Registering tool: 'git_tag'"}
{"level":30,"time":1771503470516,"env":"development","version":"2.8.4","pid":5428,"toolName":"git_tag","requestId":"T92BU-RZTBA","timestamp":"2026-02-19T12:17:50.516Z","operation":"ToolRegistry.registerTool","msg":"Tool 'git_tag' registered successfully."}
{"level":20,"time":1771503470516,"env":"development","version":"2.8.4","pid":5428,"toolName":"git_worktree","requestId":"YZIE4-WT9X9","timestamp":"2026-02-19T12:17:50.516Z","operation":"ToolRegistry.registerTool","msg":"Registering tool: 'git_worktree'"}
{"level":30,"time":1771503470516,"env":"development","version":"2.8.4","pid":5428,"toolName":"git_worktree","requestId":"YZIE4-WT9X9","timestamp":"2026-02-19T12:17:50.516Z","operation":"ToolRegistry.registerTool","msg":"Tool 'git_worktree' registered successfully."}
{"level":20,"time":1771503470516,"env":"development","version":"2.8.4","pid":5428,"toolName":"git_wrapup_instructions","requestId":"0R59H-Y4D8N","timestamp":"2026-02-19T12:17:50.516Z","operation":"ToolRegistry.registerTool","msg":"Registering tool: 'git_wrapup_instructions'"}
{"level":30,"time":1771503470516,"env":"development","version":"2.8.4","pid":5428,"toolName":"git_wrapup_instructions","requestId":"0R59H-Y4D8N","timestamp":"2026-02-19T12:17:50.516Z","operation":"ToolRegistry.registerTool","msg":"Tool 'git_wrapup_instructions' registered successfully."}
{"level":30,"time":1771503470516,"env":"development","version":"2.8.4","pid":5428,"requestId":"BB2LB-8FG1B","timestamp":"2026-02-19T12:17:50.516Z","operation":"ResourceRegistry.registerAll","msg":"Registering 1 resource(s)..."}
{"level":30,"time":1771503470516,"env":"development","version":"2.8.4","pid":5428,"requestId":"5Q27V-DUFMR","timestamp":"2026-02-19T12:17:50.516Z","resourceName":"git-working-directory","operation":"RegisterResource","msg":"Registering resource: 'git-working-directory'"}
{"level":30,"time":1771503470517,"env":"development","version":"2.8.4","pid":5428,"requestId":"5Q27V-DUFMR","timestamp":"2026-02-19T12:17:50.516Z","resourceName":"git-working-directory","operation":"RegisterResource","msg":"Resource 'git-working-directory' registered successfully."}
{"level":20,"time":1771503470517,"env":"development","version":"2.8.4","pid":5428,"requestId":"UEV6P-D4DBY","timestamp":"2026-02-19T12:17:50.517Z","operation":"PromptRegistry.registerAll","msg":"Registering 1 prompts..."}
{"level":20,"time":1771503470517,"env":"development","version":"2.8.4","pid":5428,"requestId":"UEV6P-D4DBY","timestamp":"2026-02-19T12:17:50.517Z","operation":"PromptRegistry.registerAll","msg":"Registering prompt: git_wrapup"}
{"level":30,"time":1771503470517,"env":"development","version":"2.8.4","pid":5428,"requestId":"UEV6P-D4DBY","timestamp":"2026-02-19T12:17:50.517Z","operation":"PromptRegistry.registerAll","msg":"Registered prompt: git_wrapup"}
{"level":30,"time":1771503470517,"env":"development","version":"2.8.4","pid":5428,"requestId":"UEV6P-D4DBY","timestamp":"2026-02-19T12:17:50.517Z","operation":"PromptRegistry.registerAll","msg":"Successfully registered 1 prompts"}
{"level":30,"time":1771503470517,"env":"development","version":"2.8.4","pid":5428,"requestId":"PJFB1-MYG7I","timestamp":"2026-02-19T12:17:50.510Z","operation":"createMcpServerInstance","msg":"All MCP capabilities registered successfully"}
{"level":30,"time":1771503470518,"env":"development","version":"2.8.4","pid":5428,"transport":"stdio","requestId":"RLD88-VEVEN","timestamp":"2026-02-19T12:17:50.510Z","operation":"connectStdioTransport","transportType":"Stdio","msg":"Attempting to connect stdio transport..."}
{"level":20,"time":1771503470518,"env":"development","version":"2.8.4","pid":5428,"transport":"stdio","requestId":"RLD88-VEVEN","timestamp":"2026-02-19T12:17:50.510Z","operation":"connectStdioTransport","transportType":"Stdio","msg":"Creating StdioServerTransport instance..."}
{"level":20,"time":1771503470518,"env":"development","version":"2.8.4","pid":5428,"transport":"stdio","requestId":"RLD88-VEVEN","timestamp":"2026-02-19T12:17:50.510Z","operation":"connectStdioTransport","transportType":"Stdio","msg":"Connecting McpServer instance to StdioServerTransport..."}
{"level":30,"time":1771503470518,"env":"development","version":"2.8.4","pid":5428,"transport":"stdio","requestId":"RLD88-VEVEN","timestamp":"2026-02-19T12:17:50.510Z","operation":"connectStdioTransport","transportType":"Stdio","msg":"MCP Server connected and listening via stdio transport."}
{"level":30,"time":1771503470518,"env":"development","version":"2.8.4","pid":5428,"applicationName":"@cyanheads/git-mcp-server","applicationVersion":"2.8.4","nodeEnvironment":"development","requestId":"982C5-O970C","timestamp":"2026-02-19T12:17:50.510Z","operation":"ServerStartup","msg":"@cyanheads/git-mcp-server is now running and ready."}
{"level":30,"time":1771504380963,"env":"development","version":"2.8.4","pid":39528,"requestId":"QQQJJ-MLSYB","timestamp":"2026-02-19T12:33:00.961Z","operation":"loggerInit","msg":"Logger initialized. MCP level: debug."}
{"level":30,"time":1771504380963,"env":"development","version":"2.8.4","pid":39528,"requestId":"ZQK4T-N5GHK","timestamp":"2026-02-19T12:33:00.963Z","operation":"LoggerInit","msg":"Logger initialized. Effective MCP logging level: debug."}
{"level":30,"time":1771504380964,"env":"development","version":"2.8.4","pid":39528,"runtime":"node","runtimeVersion":"Node.js 25.6.1","requestId":"Z9DE3-RZ3PQ","timestamp":"2026-02-19T12:33:00.964Z","operation":"RuntimeDetection","msg":"Runtime detected: Node.js 25.6.1"}
{"level":30,"time":1771504380964,"env":"development","version":"2.8.4","pid":39528,"requestId":"I85H3-6Q70N","timestamp":"2026-02-19T12:33:00.964Z","operation":"StorageInit","msg":"Storage service initialized with provider: in-memory"}
{"level":30,"time":1771504380964,"env":"development","version":"2.8.4","pid":39528,"applicationName":"@cyanheads/git-mcp-server","applicationVersion":"2.8.4","nodeEnvironment":"development","requestId":"LCHI4-M2Q92","timestamp":"2026-02-19T12:33:00.964Z","operation":"ServerStartup","msg":"Starting @cyanheads/git-mcp-server (v2.8.4)..."}
{"level":30,"time":1771504380964,"env":"development","version":"2.8.4","pid":39528,"transport":"stdio","requestId":"LXGQC-CEH6A","timestamp":"2026-02-19T12:33:00.964Z","operation":"TransportManager.start","msg":"Starting transport: stdio"}
{"level":30,"time":1771504380964,"env":"development","version":"2.8.4","pid":39528,"requestId":"GHVF0-PQBOZ","timestamp":"2026-02-19T12:33:00.964Z","operation":"createMcpServerInstance","msg":"Initializing MCP server instance"}
{"level":20,"time":1771504380964,"env":"development","version":"2.8.4","pid":39528,"requestId":"UJVYW-C5I81","timestamp":"2026-02-19T12:33:00.964Z","newConfigState":{"appName":"@cyanheads/git-mcp-server","appVersion":"2.8.4","environment":"development"},"operation":"RequestContextService.configure","msg":"RequestContextService configuration updated"}
{"level":20,"time":1771504380967,"env":"development","version":"2.8.4","pid":39528,"requestId":"GHVF0-PQBOZ","timestamp":"2026-02-19T12:33:00.964Z","operation":"createMcpServerInstance","msg":"Registering all MCP capabilities via registries..."}
{"level":30,"time":1771504380967,"env":"development","version":"2.8.4","pid":39528,"requestId":"WISGF-JF4TL","timestamp":"2026-02-19T12:33:00.967Z","operation":"ToolRegistry.registerAll","msg":"Registering 28 tool(s)..."}
{"level":20,"time":1771504380968,"env":"development","version":"2.8.4","pid":39528,"toolName":"git_add","requestId":"GRZLP-LZT9I","timestamp":"2026-02-19T12:33:00.968Z","operation":"ToolRegistry.registerTool","msg":"Registering tool: 'git_add'"}
{"level":30,"time":1771504380968,"env":"development","version":"2.8.4","pid":39528,"toolName":"git_add","requestId":"GRZLP-LZT9I","timestamp":"2026-02-19T12:33:00.968Z","operation":"ToolRegistry.registerTool","msg":"Tool 'git_add' registered successfully."}
{"level":20,"time":1771504380968,"env":"development","version":"2.8.4","pid":39528,"toolName":"git_blame","requestId":"N5EMJ-LISJJ","timestamp":"2026-02-19T12:33:00.968Z","operation":"ToolRegistry.registerTool","msg":"Registering tool: 'git_blame'"}
{"level":30,"time":1771504380968,"env":"development","version":"2.8.4","pid":39528,"toolName":"git_blame","requestId":"N5EMJ-LISJJ","timestamp":"2026-02-19T12:33:00.968Z","operation":"ToolRegistry.registerTool","msg":"Tool 'git_blame' registered successfully."}
{"level":20,"time":1771504380968,"env":"development","version":"2.8.4","pid":39528,"toolName":"git_branch","requestId":"9AZVY-CJ1P0","timestamp":"2026-02-19T12:33:00.968Z","operation":"ToolRegistry.registerTool","msg":"Registering tool: 'git_branch'"}
{"level":30,"time":1771504380968,"env":"development","version":"2.8.4","pid":39528,"toolName":"git_branch","requestId":"9AZVY-CJ1P0","timestamp":"2026-02-19T12:33:00.968Z","operation":"ToolRegistry.registerTool","msg":"Tool 'git_branch' registered successfully."}
{"level":20,"time":1771504380968,"env":"development","version":"2.8.4","pid":39528,"toolName":"git_changelog_analyze","requestId":"1X6BT-9P6BM","timestamp":"2026-02-19T12:33:00.968Z","operation":"ToolRegistry.registerTool","msg":"Registering tool: 'git_changelog_analyze'"}
{"level":30,"time":1771504380968,"env":"development","version":"2.8.4","pid":39528,"toolName":"git_changelog_analyze","requestId":"1X6BT-9P6BM","timestamp":"2026-02-19T12:33:00.968Z","operation":"ToolRegistry.registerTool","msg":"Tool 'git_changelog_analyze' registered successfully."}
{"level":20,"time":1771504380968,"env":"development","version":"2.8.4","pid":39528,"toolName":"git_checkout","requestId":"F4UHZ-SSDMU","timestamp":"2026-02-19T12:33:00.968Z","operation":"ToolRegistry.registerTool","msg":"Registering tool: 'git_checkout'"}
{"level":30,"time":1771504380969,"env":"development","version":"2.8.4","pid":39528,"toolName":"git_checkout","requestId":"F4UHZ-SSDMU","timestamp":"2026-02-19T12:33:00.968Z","operation":"ToolRegistry.registerTool","msg":"Tool 'git_checkout' registered successfully."}
{"level":20,"time":1771504380969,"env":"development","version":"2.8.4","pid":39528,"toolName":"git_cherry_pick","requestId":"UIX1D-U32YR","timestamp":"2026-02-19T12:33:00.969Z","operation":"ToolRegistry.registerTool","msg":"Registering tool: 'git_cherry_pick'"}
{"level":30,"time":1771504380969,"env":"development","version":"2.8.4","pid":39528,"toolName":"git_cherry_pick","requestId":"UIX1D-U32YR","timestamp":"2026-02-19T12:33:00.969Z","operation":"ToolRegistry.registerTool","msg":"Tool 'git_cherry_pick' registered successfully."}
{"level":20,"time":1771504380969,"env":"development","version":"2.8.4","pid":39528,"toolName":"git_clean","requestId":"HRII5-LCT1T","timestamp":"2026-02-19T12:33:00.969Z","operation":"ToolRegistry.registerTool","msg":"Registering tool: 'git_clean'"}
{"level":30,"time":1771504380969,"env":"development","version":"2.8.4","pid":39528,"toolName":"git_clean","requestId":"HRII5-LCT1T","timestamp":"2026-02-19T12:33:00.969Z","operation":"ToolRegistry.registerTool","msg":"Tool 'git_clean' registered successfully."}
{"level":20,"time":1771504380969,"env":"development","version":"2.8.4","pid":39528,"toolName":"git_clear_working_dir","requestId":"4T62V-Z5H09","timestamp":"2026-02-19T12:33:00.969Z","operation":"ToolRegistry.registerTool","msg":"Registering tool: 'git_clear_working_dir'"}
{"level":30,"time":1771504380969,"env":"development","version":"2.8.4","pid":39528,"toolName":"git_clear_working_dir","requestId":"4T62V-Z5H09","timestamp":"2026-02-19T12:33:00.969Z","operation":"ToolRegistry.registerTool","msg":"Tool 'git_clear_working_dir' registered successfully."}
{"level":20,"time":1771504380969,"env":"development","version":"2.8.4","pid":39528,"toolName":"git_clone","requestId":"A4AZQ-P85P1","timestamp":"2026-02-19T12:33:00.969Z","operation":"ToolRegistry.registerTool","msg":"Registering tool: 'git_clone'"}
{"level":30,"time":1771504380969,"env":"development","version":"2.8.4","pid":39528,"toolName":"git_clone","requestId":"A4AZQ-P85P1","timestamp":"2026-02-19T12:33:00.969Z","operation":"ToolRegistry.registerTool","msg":"Tool 'git_clone' registered successfully."}
{"level":20,"time":1771504380969,"env":"development","version":"2.8.4","pid":39528,"toolName":"git_commit","requestId":"RFU5M-FJMS7","timestamp":"2026-02-19T12:33:00.969Z","operation":"ToolRegistry.registerTool","msg":"Registering tool: 'git_commit'"}
{"level":30,"time":1771504380969,"env":"development","version":"2.8.4","pid":39528,"toolName":"git_commit","requestId":"RFU5M-FJMS7","timestamp":"2026-02-19T12:33:00.969Z","operation":"ToolRegistry.registerTool","msg":"Tool 'git_commit' registered successfully."}
{"level":20,"time":1771504380969,"env":"development","version":"2.8.4","pid":39528,"toolName":"git_diff","requestId":"RZABL-SIRG6","timestamp":"2026-02-19T12:33:00.969Z","operation":"ToolRegistry.registerTool","msg":"Registering tool: 'git_diff'"}
{"level":30,"time":1771504380969,"env":"development","version":"2.8.4","pid":39528,"toolName":"git_diff","requestId":"RZABL-SIRG6","timestamp":"2026-02-19T12:33:00.969Z","operation":"ToolRegistry.registerTool","msg":"Tool 'git_diff' registered successfully."}
{"level":20,"time":1771504380969,"env":"development","version":"2.8.4","pid":39528,"toolName":"git_fetch","requestId":"MD74W-72XST","timestamp":"2026-02-19T12:33:00.969Z","operation":"ToolRegistry.registerTool","msg":"Registering tool: 'git_fetch'"}
{"level":30,"time":1771504380969,"env":"development","version":"2.8.4","pid":39528,"toolName":"git_fetch","requestId":"MD74W-72XST","timestamp":"2026-02-19T12:33:00.969Z","operation":"ToolRegistry.registerTool","msg":"Tool 'git_fetch' registered successfully."}
{"level":20,"time":1771504380969,"env":"development","version":"2.8.4","pid":39528,"toolName":"git_init","requestId":"NCZS2-LPEYS","timestamp":"2026-02-19T12:33:00.969Z","operation":"ToolRegistry.registerTool","msg":"Registering tool: 'git_init'"}
{"level":30,"time":1771504380969,"env":"development","version":"2.8.4","pid":39528,"toolName":"git_init","requestId":"NCZS2-LPEYS","timestamp":"2026-02-19T12:33:00.969Z","operation":"ToolRegistry.registerTool","msg":"Tool 'git_init' registered successfully."}
{"level":20,"time":1771504380969,"env":"development","version":"2.8.4","pid":39528,"toolName":"git_log","requestId":"PZQB3-1082Q","timestamp":"2026-02-19T12:33:00.969Z","operation":"ToolRegistry.registerTool","msg":"Registering tool: 'git_log'"}
{"level":30,"time":1771504380969,"env":"development","version":"2.8.4","pid":39528,"toolName":"git_log","requestId":"PZQB3-1082Q","timestamp":"2026-02-19T12:33:00.969Z","operation":"ToolRegistry.registerTool","msg":"Tool 'git_log' registered successfully."}
{"level":20,"time":1771504380969,"env":"development","version":"2.8.4","pid":39528,"toolName":"git_merge","requestId":"9JD3L-RPDSM","timestamp":"2026-02-19T12:33:00.969Z","operation":"ToolRegistry.registerTool","msg":"Registering tool: 'git_merge'"}
{"level":30,"time":1771504380969,"env":"development","version":"2.8.4","pid":39528,"toolName":"git_merge","requestId":"9JD3L-RPDSM","timestamp":"2026-02-19T12:33:00.969Z","operation":"ToolRegistry.registerTool","msg":"Tool 'git_merge' registered successfully."}
{"level":20,"time":1771504380969,"env":"development","version":"2.8.4","pid":39528,"toolName":"git_pull","requestId":"1JCXD-YV09C","timestamp":"2026-02-19T12:33:00.969Z","operation":"ToolRegistry.registerTool","msg":"Registering tool: 'git_pull'"}
{"level":30,"time":1771504380969,"env":"development","version":"2.8.4","pid":39528,"toolName":"git_pull","requestId":"1JCXD-YV09C","timestamp":"2026-02-19T12:33:00.969Z","operation":"ToolRegistry.registerTool","msg":"Tool 'git_pull' registered successfully."}
{"level":20,"time":1771504380970,"env":"development","version":"2.8.4","pid":39528,"toolName":"git_push","requestId":"U95GH-DZK2P","timestamp":"2026-02-19T12:33:00.970Z","operation":"ToolRegistry.registerTool","msg":"Registering tool: 'git_push'"}
{"level":30,"time":1771504380970,"env":"development","version":"2.8.4","pid":39528,"toolName":"git_push","requestId":"U95GH-DZK2P","timestamp":"2026-02-19T12:33:00.970Z","operation":"ToolRegistry.registerTool","msg":"Tool 'git_push' registered successfully."}
{"level":20,"time":1771504380970,"env":"development","version":"2.8.4","pid":39528,"toolName":"git_rebase","requestId":"9A0C5-M5HGW","timestamp":"2026-02-19T12:33:00.970Z","operation":"ToolRegistry.registerTool","msg":"Registering tool: 'git_rebase'"}
{"level":30,"time":1771504380970,"env":"development","version":"2.8.4","pid":39528,"toolName":"git_rebase","requestId":"9A0C5-M5HGW","timestamp":"2026-02-19T12:33:00.970Z","operation":"ToolRegistry.registerTool","msg":"Tool 'git_rebase' registered successfully."}
{"level":20,"time":1771504380970,"env":"development","version":"2.8.4","pid":39528,"toolName":"git_reflog","requestId":"6OUR0-5H1QP","timestamp":"2026-02-19T12:33:00.970Z","operation":"ToolRegistry.registerTool","msg":"Registering tool: 'git_reflog'"}
{"level":30,"time":1771504380970,"env":"development","version":"2.8.4","pid":39528,"toolName":"git_reflog","requestId":"6OUR0-5H1QP","timestamp":"2026-02-19T12:33:00.970Z","operation":"ToolRegistry.registerTool","msg":"Tool 'git_reflog' registered successfully."}
{"level":20,"time":1771504380970,"env":"development","version":"2.8.4","pid":39528,"toolName":"git_remote","requestId":"4FIL4-S2YZ3","timestamp":"2026-02-19T12:33:00.970Z","operation":"ToolRegistry.registerTool","msg":"Registering tool: 'git_remote'"}
{"level":30,"time":1771504380970,"env":"development","version":"2.8.4","pid":39528,"toolName":"git_remote","requestId":"4FIL4-S2YZ3","timestamp":"2026-02-19T12:33:00.970Z","operation":"ToolRegistry.registerTool","msg":"Tool 'git_remote' registered successfully."}
{"level":20,"time":1771504380970,"env":"development","version":"2.8.4","pid":39528,"toolName":"git_reset","requestId":"6KEZE-NRLZ1","timestamp":"2026-02-19T12:33:00.970Z","operation":"ToolRegistry.registerTool","msg":"Registering tool: 'git_reset'"}
{"level":30,"time":1771504380970,"env":"development","version":"2.8.4","pid":39528,"toolName":"git_reset","requestId":"6KEZE-NRLZ1","timestamp":"2026-02-19T12:33:00.970Z","operation":"ToolRegistry.registerTool","msg":"Tool 'git_reset' registered successfully."}
{"level":20,"time":1771504380970,"env":"development","version":"2.8.4","pid":39528,"toolName":"git_set_working_dir","requestId":"M72W4-FB0TX","timestamp":"2026-02-19T12:33:00.970Z","operation":"ToolRegistry.registerTool","msg":"Registering tool: 'git_set_working_dir'"}
{"level":30,"time":1771504380970,"env":"development","version":"2.8.4","pid":39528,"toolName":"git_set_working_dir","requestId":"M72W4-FB0TX","timestamp":"2026-02-19T12:33:00.970Z","operation":"ToolRegistry.registerTool","msg":"Tool 'git_set_working_dir' registered successfully."}
{"level":20,"time":1771504380970,"env":"development","version":"2.8.4","pid":39528,"toolName":"git_show","requestId":"70FWJ-3RP9V","timestamp":"2026-02-19T12:33:00.970Z","operation":"ToolRegistry.registerTool","msg":"Registering tool: 'git_show'"}
{"level":30,"time":1771504380970,"env":"development","version":"2.8.4","pid":39528,"toolName":"git_show","requestId":"70FWJ-3RP9V","timestamp":"2026-02-19T12:33:00.970Z","operation":"ToolRegistry.registerTool","msg":"Tool 'git_show' registered successfully."}
{"level":20,"time":1771504380970,"env":"development","version":"2.8.4","pid":39528,"toolName":"git_stash","requestId":"IYQAJ-MVT4D","timestamp":"2026-02-19T12:33:00.970Z","operation":"ToolRegistry.registerTool","msg":"Registering tool: 'git_stash'"}
{"level":30,"time":1771504380970,"env":"development","version":"2.8.4","pid":39528,"toolName":"git_stash","requestId":"IYQAJ-MVT4D","timestamp":"2026-02-19T12:33:00.970Z","operation":"ToolRegistry.registerTool","msg":"Tool 'git_stash' registered successfully."}
{"level":20,"time":1771504380970,"env":"development","version":"2.8.4","pid":39528,"toolName":"git_status","requestId":"J9XRL-E7CZZ","timestamp":"2026-02-19T12:33:00.970Z","operation":"ToolRegistry.registerTool","msg":"Registering tool: 'git_status'"}
{"level":30,"time":1771504380970,"env":"development","version":"2.8.4","pid":39528,"toolName":"git_status","requestId":"J9XRL-E7CZZ","timestamp":"2026-02-19T12:33:00.970Z","operation":"ToolRegistry.registerTool","msg":"Tool 'git_status' registered successfully."}
{"level":20,"time":1771504380970,"env":"development","version":"2.8.4","pid":39528,"toolName":"git_tag","requestId":"JBFLQ-6XI1T","timestamp":"2026-02-19T12:33:00.970Z","operation":"ToolRegistry.registerTool","msg":"Registering tool: 'git_tag'"}
{"level":30,"time":1771504380970,"env":"development","version":"2.8.4","pid":39528,"toolName":"git_tag","requestId":"JBFLQ-6XI1T","timestamp":"2026-02-19T12:33:00.970Z","operation":"ToolRegistry.registerTool","msg":"Tool 'git_tag' registered successfully."}
{"level":20,"time":1771504380970,"env":"development","version":"2.8.4","pid":39528,"toolName":"git_worktree","requestId":"XEOJA-Y6BZB","timestamp":"2026-02-19T12:33:00.970Z","operation":"ToolRegistry.registerTool","msg":"Registering tool: 'git_worktree'"}
{"level":30,"time":1771504380970,"env":"development","version":"2.8.4","pid":39528,"toolName":"git_worktree","requestId":"XEOJA-Y6BZB","timestamp":"2026-02-19T12:33:00.970Z","operation":"ToolRegistry.registerTool","msg":"Tool 'git_worktree' registered successfully."}
{"level":20,"time":1771504380970,"env":"development","version":"2.8.4","pid":39528,"toolName":"git_wrapup_instructions","requestId":"ETL61-6K0X0","timestamp":"2026-02-19T12:33:00.970Z","operation":"ToolRegistry.registerTool","msg":"Registering tool: 'git_wrapup_instructions'"}
{"level":30,"time":1771504380970,"env":"development","version":"2.8.4","pid":39528,"toolName":"git_wrapup_instructions","requestId":"ETL61-6K0X0","timestamp":"2026-02-19T12:33:00.970Z","operation":"ToolRegistry.registerTool","msg":"Tool 'git_wrapup_instructions' registered successfully."}
{"level":30,"time":1771504380970,"env":"development","version":"2.8.4","pid":39528,"requestId":"5KAU4-T2TPW","timestamp":"2026-02-19T12:33:00.970Z","operation":"ResourceRegistry.registerAll","msg":"Registering 1 resource(s)..."}
{"level":30,"time":1771504380970,"env":"development","version":"2.8.4","pid":39528,"requestId":"DJS6Q-VOP80","timestamp":"2026-02-19T12:33:00.970Z","resourceName":"git-working-directory","operation":"RegisterResource","msg":"Registering resource: 'git-working-directory'"}
{"level":30,"time":1771504380971,"env":"development","version":"2.8.4","pid":39528,"requestId":"DJS6Q-VOP80","timestamp":"2026-02-19T12:33:00.970Z","resourceName":"git-working-directory","operation":"RegisterResource","msg":"Resource 'git-working-directory' registered successfully."}
{"level":20,"time":1771504380971,"env":"development","version":"2.8.4","pid":39528,"requestId":"EU2F6-S4OEA","timestamp":"2026-02-19T12:33:00.971Z","operation":"PromptRegistry.registerAll","msg":"Registering 1 prompts..."}
{"level":20,"time":1771504380971,"env":"development","version":"2.8.4","pid":39528,"requestId":"EU2F6-S4OEA","timestamp":"2026-02-19T12:33:00.971Z","operation":"PromptRegistry.registerAll","msg":"Registering prompt: git_wrapup"}
{"level":30,"time":1771504380971,"env":"development","version":"2.8.4","pid":39528,"requestId":"EU2F6-S4OEA","timestamp":"2026-02-19T12:33:00.971Z","operation":"PromptRegistry.registerAll","msg":"Registered prompt: git_wrapup"}
{"level":30,"time":1771504380971,"env":"development","version":"2.8.4","pid":39528,"requestId":"EU2F6-S4OEA","timestamp":"2026-02-19T12:33:00.971Z","operation":"PromptRegistry.registerAll","msg":"Successfully registered 1 prompts"}
{"level":30,"time":1771504380971,"env":"development","version":"2.8.4","pid":39528,"requestId":"GHVF0-PQBOZ","timestamp":"2026-02-19T12:33:00.964Z","operation":"createMcpServerInstance","msg":"All MCP capabilities registered successfully"}
{"level":30,"time":1771504380971,"env":"development","version":"2.8.4","pid":39528,"transport":"stdio","requestId":"LXGQC-CEH6A","timestamp":"2026-02-19T12:33:00.964Z","operation":"connectStdioTransport","transportType":"Stdio","msg":"Attempting to connect stdio transport..."}
{"level":20,"time":1771504380971,"env":"development","version":"2.8.4","pid":39528,"transport":"stdio","requestId":"LXGQC-CEH6A","timestamp":"2026-02-19T12:33:00.964Z","operation":"connectStdioTransport","transportType":"Stdio","msg":"Creating StdioServerTransport instance..."}
{"level":20,"time":1771504380971,"env":"development","version":"2.8.4","pid":39528,"transport":"stdio","requestId":"LXGQC-CEH6A","timestamp":"2026-02-19T12:33:00.964Z","operation":"connectStdioTransport","transportType":"Stdio","msg":"Connecting McpServer instance to StdioServerTransport..."}
{"level":30,"time":1771504380972,"env":"development","version":"2.8.4","pid":39528,"transport":"stdio","requestId":"LXGQC-CEH6A","timestamp":"2026-02-19T12:33:00.964Z","operation":"connectStdioTransport","transportType":"Stdio","msg":"MCP Server connected and listening via stdio transport."}
{"level":30,"time":1771504380972,"env":"development","version":"2.8.4","pid":39528,"applicationName":"@cyanheads/git-mcp-server","applicationVersion":"2.8.4","nodeEnvironment":"development","requestId":"LCHI4-M2Q92","timestamp":"2026-02-19T12:33:00.964Z","operation":"ServerStartup","msg":"@cyanheads/git-mcp-server is now running and ready."}
{"level":30,"time":1771570978672,"env":"development","version":"2.8.4","pid":41904,"requestId":"A6D0J-3C1WH","timestamp":"2026-02-20T07:02:58.670Z","operation":"loggerInit","msg":"Logger initialized. MCP level: debug."}
{"level":30,"time":1771570978672,"env":"development","version":"2.8.4","pid":41904,"requestId":"EK8YK-IN2K5","timestamp":"2026-02-20T07:02:58.672Z","operation":"LoggerInit","msg":"Logger initialized. Effective MCP logging level: debug."}
{"level":30,"time":1771570978672,"env":"development","version":"2.8.4","pid":41904,"runtime":"node","runtimeVersion":"Node.js 25.6.1","requestId":"FENM6-H3L96","timestamp":"2026-02-20T07:02:58.672Z","operation":"RuntimeDetection","msg":"Runtime detected: Node.js 25.6.1"}
{"level":30,"time":1771570978673,"env":"development","version":"2.8.4","pid":41904,"requestId":"N2BBX-3TOOA","timestamp":"2026-02-20T07:02:58.673Z","operation":"StorageInit","msg":"Storage service initialized with provider: in-memory"}
{"level":30,"time":1771570978673,"env":"development","version":"2.8.4","pid":41904,"applicationName":"@cyanheads/git-mcp-server","applicationVersion":"2.8.4","nodeEnvironment":"development","requestId":"0M3DF-SKITN","timestamp":"2026-02-20T07:02:58.673Z","operation":"ServerStartup","msg":"Starting @cyanheads/git-mcp-server (v2.8.4)..."}
{"level":30,"time":1771570978673,"env":"development","version":"2.8.4","pid":41904,"transport":"stdio","requestId":"19HC3-Q05MK","timestamp":"2026-02-20T07:02:58.673Z","operation":"TransportManager.start","msg":"Starting transport: stdio"}
{"level":30,"time":1771570978673,"env":"development","version":"2.8.4","pid":41904,"requestId":"DUME1-2NNZA","timestamp":"2026-02-20T07:02:58.673Z","operation":"createMcpServerInstance","msg":"Initializing MCP server instance"}
{"level":20,"time":1771570978673,"env":"development","version":"2.8.4","pid":41904,"requestId":"YU5QE-3XMVT","timestamp":"2026-02-20T07:02:58.673Z","newConfigState":{"appName":"@cyanheads/git-mcp-server","appVersion":"2.8.4","environment":"development"},"operation":"RequestContextService.configure","msg":"RequestContextService configuration updated"}
{"level":20,"time":1771570978678,"env":"development","version":"2.8.4","pid":41904,"requestId":"DUME1-2NNZA","timestamp":"2026-02-20T07:02:58.673Z","operation":"createMcpServerInstance","msg":"Registering all MCP capabilities via registries..."}
{"level":30,"time":1771570978678,"env":"development","version":"2.8.4","pid":41904,"requestId":"D9JP6-2UF2A","timestamp":"2026-02-20T07:02:58.678Z","operation":"ToolRegistry.registerAll","msg":"Registering 28 tool(s)..."}
{"level":20,"time":1771570978678,"env":"development","version":"2.8.4","pid":41904,"toolName":"git_add","requestId":"OYPC6-RYEKD","timestamp":"2026-02-20T07:02:58.678Z","operation":"ToolRegistry.registerTool","msg":"Registering tool: 'git_add'"}
{"level":30,"time":1771570978679,"env":"development","version":"2.8.4","pid":41904,"toolName":"git_add","requestId":"OYPC6-RYEKD","timestamp":"2026-02-20T07:02:58.678Z","operation":"ToolRegistry.registerTool","msg":"Tool 'git_add' registered successfully."}
{"level":20,"time":1771570978679,"env":"development","version":"2.8.4","pid":41904,"toolName":"git_blame","requestId":"V46DT-KQXSG","timestamp":"2026-02-20T07:02:58.679Z","operation":"ToolRegistry.registerTool","msg":"Registering tool: 'git_blame'"}
{"level":30,"time":1771570978679,"env":"development","version":"2.8.4","pid":41904,"toolName":"git_blame","requestId":"V46DT-KQXSG","timestamp":"2026-02-20T07:02:58.679Z","operation":"ToolRegistry.registerTool","msg":"Tool 'git_blame' registered successfully."}
{"level":20,"time":1771570978679,"env":"development","version":"2.8.4","pid":41904,"toolName":"git_branch","requestId":"UYRVG-OQOBD","timestamp":"2026-02-20T07:02:58.679Z","operation":"ToolRegistry.registerTool","msg":"Registering tool: 'git_branch'"}
{"level":30,"time":1771570978679,"env":"development","version":"2.8.4","pid":41904,"toolName":"git_branch","requestId":"UYRVG-OQOBD","timestamp":"2026-02-20T07:02:58.679Z","operation":"ToolRegistry.registerTool","msg":"Tool 'git_branch' registered successfully."}
{"level":20,"time":1771570978679,"env":"development","version":"2.8.4","pid":41904,"toolName":"git_changelog_analyze","requestId":"Q4B0M-0ZQOZ","timestamp":"2026-02-20T07:02:58.679Z","operation":"ToolRegistry.registerTool","msg":"Registering tool: 'git_changelog_analyze'"}
{"level":30,"time":1771570978679,"env":"development","version":"2.8.4","pid":41904,"toolName":"git_changelog_analyze","requestId":"Q4B0M-0ZQOZ","timestamp":"2026-02-20T07:02:58.679Z","operation":"ToolRegistry.registerTool","msg":"Tool 'git_changelog_analyze' registered successfully."}
{"level":20,"time":1771570978679,"env":"development","version":"2.8.4","pid":41904,"toolName":"git_checkout","requestId":"U5QI9-PDHK1","timestamp":"2026-02-20T07:02:58.679Z","operation":"ToolRegistry.registerTool","msg":"Registering tool: 'git_checkout'"}
{"level":30,"time":1771570978679,"env":"development","version":"2.8.4","pid":41904,"toolName":"git_checkout","requestId":"U5QI9-PDHK1","timestamp":"2026-02-20T07:02:58.679Z","operation":"ToolRegistry.registerTool","msg":"Tool 'git_checkout' registered successfully."}
{"level":20,"time":1771570978679,"env":"development","version":"2.8.4","pid":41904,"toolName":"git_cherry_pick","requestId":"8898E-OVA14","timestamp":"2026-02-20T07:02:58.679Z","operation":"ToolRegistry.registerTool","msg":"Registering tool: 'git_cherry_pick'"}
{"level":30,"time":1771570978680,"env":"development","version":"2.8.4","pid":41904,"toolName":"git_cherry_pick","requestId":"8898E-OVA14","timestamp":"2026-02-20T07:02:58.679Z","operation":"ToolRegistry.registerTool","msg":"Tool 'git_cherry_pick' registered successfully."}
{"level":20,"time":1771570978680,"env":"development","version":"2.8.4","pid":41904,"toolName":"git_clean","requestId":"V8V9X-QGOVH","timestamp":"2026-02-20T07:02:58.680Z","operation":"ToolRegistry.registerTool","msg":"Registering tool: 'git_clean'"}
{"level":30,"time":1771570978680,"env":"development","version":"2.8.4","pid":41904,"toolName":"git_clean","requestId":"V8V9X-QGOVH","timestamp":"2026-02-20T07:02:58.680Z","operation":"ToolRegistry.registerTool","msg":"Tool 'git_clean' registered successfully."}
{"level":20,"time":1771570978680,"env":"development","version":"2.8.4","pid":41904,"toolName":"git_clear_working_dir","requestId":"94EQB-KUQBQ","timestamp":"2026-02-20T07:02:58.680Z","operation":"ToolRegistry.registerTool","msg":"Registering tool: 'git_clear_working_dir'"}
{"level":30,"time":1771570978680,"env":"development","version":"2.8.4","pid":41904,"toolName":"git_clear_working_dir","requestId":"94EQB-KUQBQ","timestamp":"2026-02-20T07:02:58.680Z","operation":"ToolRegistry.registerTool","msg":"Tool 'git_clear_working_dir' registered successfully."}
{"level":20,"time":1771570978680,"env":"development","version":"2.8.4","pid":41904,"toolName":"git_clone","requestId":"XASXV-EFWIV","timestamp":"2026-02-20T07:02:58.680Z","operation":"ToolRegistry.registerTool","msg":"Registering tool: 'git_clone'"}
{"level":30,"time":1771570978680,"env":"development","version":"2.8.4","pid":41904,"toolName":"git_clone","requestId":"XASXV-EFWIV","timestamp":"2026-02-20T07:02:58.680Z","operation":"ToolRegistry.registerTool","msg":"Tool 'git_clone' registered successfully."}
{"level":20,"time":1771570978680,"env":"development","version":"2.8.4","pid":41904,"toolName":"git_commit","requestId":"PNJJ3-ODXJA","timestamp":"2026-02-20T07:02:58.680Z","operation":"ToolRegistry.registerTool","msg":"Registering tool: 'git_commit'"}
{"level":30,"time":1771570978680,"env":"development","version":"2.8.4","pid":41904,"toolName":"git_commit","requestId":"PNJJ3-ODXJA","timestamp":"2026-02-20T07:02:58.680Z","operation":"ToolRegistry.registerTool","msg":"Tool 'git_commit' registered successfully."}
{"level":20,"time":1771570978680,"env":"development","version":"2.8.4","pid":41904,"toolName":"git_diff","requestId":"Y41MR-TM567","timestamp":"2026-02-20T07:02:58.680Z","operation":"ToolRegistry.registerTool","msg":"Registering tool: 'git_diff'"}
{"level":30,"time":1771570978680,"env":"development","version":"2.8.4","pid":41904,"toolName":"git_diff","requestId":"Y41MR-TM567","timestamp":"2026-02-20T07:02:58.680Z","operation":"ToolRegistry.registerTool","msg":"Tool 'git_diff' registered successfully."}
{"level":20,"time":1771570978680,"env":"development","version":"2.8.4","pid":41904,"toolName":"git_fetch","requestId":"B3CK3-5FJ0H","timestamp":"2026-02-20T07:02:58.680Z","operation":"ToolRegistry.registerTool","msg":"Registering tool: 'git_fetch'"}
{"level":30,"time":1771570978680,"env":"development","version":"2.8.4","pid":41904,"toolName":"git_fetch","requestId":"B3CK3-5FJ0H","timestamp":"2026-02-20T07:02:58.680Z","operation":"ToolRegistry.registerTool","msg":"Tool 'git_fetch' registered successfully."}
{"level":20,"time":1771570978680,"env":"development","version":"2.8.4","pid":41904,"toolName":"git_init","requestId":"9IOKM-6W98M","timestamp":"2026-02-20T07:02:58.680Z","operation":"ToolRegistry.registerTool","msg":"Registering tool: 'git_init'"}
{"level":30,"time":1771570978680,"env":"development","version":"2.8.4","pid":41904,"toolName":"git_init","requestId":"9IOKM-6W98M","timestamp":"2026-02-20T07:02:58.680Z","operation":"ToolRegistry.registerTool","msg":"Tool 'git_init' registered successfully."}
{"level":20,"time":1771570978680,"env":"development","version":"2.8.4","pid":41904,"toolName":"git_log","requestId":"IXMK1-69NIO","timestamp":"2026-02-20T07:02:58.680Z","operation":"ToolRegistry.registerTool","msg":"Registering tool: 'git_log'"}
{"level":30,"time":1771570978680,"env":"development","version":"2.8.4","pid":41904,"toolName":"git_log","requestId":"IXMK1-69NIO","timestamp":"2026-02-20T07:02:58.680Z","operation":"ToolRegistry.registerTool","msg":"Tool 'git_log' registered successfully."}
{"level":20,"time":1771570978680,"env":"development","version":"2.8.4","pid":41904,"toolName":"git_merge","requestId":"KI4FG-2EYHB","timestamp":"2026-02-20T07:02:58.680Z","operation":"ToolRegistry.registerTool","msg":"Registering tool: 'git_merge'"}
{"level":30,"time":1771570978680,"env":"development","version":"2.8.4","pid":41904,"toolName":"git_merge","requestId":"KI4FG-2EYHB","timestamp":"2026-02-20T07:02:58.680Z","operation":"ToolRegistry.registerTool","msg":"Tool 'git_merge' registered successfully."}
{"level":20,"time":1771570978680,"env":"development","version":"2.8.4","pid":41904,"toolName":"git_pull","requestId":"Y699L-LIMFM","timestamp":"2026-02-20T07:02:58.680Z","operation":"ToolRegistry.registerTool","msg":"Registering tool: 'git_pull'"}
{"level":30,"time":1771570978680,"env":"development","version":"2.8.4","pid":41904,"toolName":"git_pull","requestId":"Y699L-LIMFM","timestamp":"2026-02-20T07:02:58.680Z","operation":"ToolRegistry.registerTool","msg":"Tool 'git_pull' registered successfully."}
{"level":20,"time":1771570978680,"env":"development","version":"2.8.4","pid":41904,"toolName":"git_push","requestId":"8GKJ8-JYL1X","timestamp":"2026-02-20T07:02:58.680Z","operation":"ToolRegistry.registerTool","msg":"Registering tool: 'git_push'"}
{"level":30,"time":1771570978680,"env":"development","version":"2.8.4","pid":41904,"toolName":"git_push","requestId":"8GKJ8-JYL1X","timestamp":"2026-02-20T07:02:58.680Z","operation":"ToolRegistry.registerTool","msg":"Tool 'git_push' registered successfully."}
{"level":20,"time":1771570978680,"env":"development","version":"2.8.4","pid":41904,"toolName":"git_rebase","requestId":"6EH16-KZT7I","timestamp":"2026-02-20T07:02:58.680Z","operation":"ToolRegistry.registerTool","msg":"Registering tool: 'git_rebase'"}
{"level":30,"time":1771570978680,"env":"development","version":"2.8.4","pid":41904,"toolName":"git_rebase","requestId":"6EH16-KZT7I","timestamp":"2026-02-20T07:02:58.680Z","operation":"ToolRegistry.registerTool","msg":"Tool 'git_rebase' registered successfully."}
{"level":20,"time":1771570978680,"env":"development","version":"2.8.4","pid":41904,"toolName":"git_reflog","requestId":"0BWUE-KCPZE","timestamp":"2026-02-20T07:02:58.680Z","operation":"ToolRegistry.registerTool","msg":"Registering tool: 'git_reflog'"}
{"level":30,"time":1771570978680,"env":"development","version":"2.8.4","pid":41904,"toolName":"git_reflog","requestId":"0BWUE-KCPZE","timestamp":"2026-02-20T07:02:58.680Z","operation":"ToolRegistry.registerTool","msg":"Tool 'git_reflog' registered successfully."}
{"level":20,"time":1771570978680,"env":"development","version":"2.8.4","pid":41904,"toolName":"git_remote","requestId":"XI94Y-7UURO","timestamp":"2026-02-20T07:02:58.680Z","operation":"ToolRegistry.registerTool","msg":"Registering tool: 'git_remote'"}
{"level":30,"time":1771570978680,"env":"development","version":"2.8.4","pid":41904,"toolName":"git_remote","requestId":"XI94Y-7UURO","timestamp":"2026-02-20T07:02:58.680Z","operation":"ToolRegistry.registerTool","msg":"Tool 'git_remote' registered successfully."}
{"level":20,"time":1771570978680,"env":"development","version":"2.8.4","pid":41904,"toolName":"git_reset","requestId":"UST4X-009VP","timestamp":"2026-02-20T07:02:58.680Z","operation":"ToolRegistry.registerTool","msg":"Registering tool: 'git_reset'"}
{"level":30,"time":1771570978680,"env":"development","version":"2.8.4","pid":41904,"toolName":"git_reset","requestId":"UST4X-009VP","timestamp":"2026-02-20T07:02:58.680Z","operation":"ToolRegistry.registerTool","msg":"Tool 'git_reset' registered successfully."}
{"level":20,"time":1771570978680,"env":"development","version":"2.8.4","pid":41904,"toolName":"git_set_working_dir","requestId":"HFT93-4YEJI","timestamp":"2026-02-20T07:02:58.680Z","operation":"ToolRegistry.registerTool","msg":"Registering tool: 'git_set_working_dir'"}
{"level":30,"time":1771570978680,"env":"development","version":"2.8.4","pid":41904,"toolName":"git_set_working_dir","requestId":"HFT93-4YEJI","timestamp":"2026-02-20T07:02:58.680Z","operation":"ToolRegistry.registerTool","msg":"Tool 'git_set_working_dir' registered successfully."}
{"level":20,"time":1771570978680,"env":"development","version":"2.8.4","pid":41904,"toolName":"git_show","requestId":"G7BP5-985J1","timestamp":"2026-02-20T07:02:58.680Z","operation":"ToolRegistry.registerTool","msg":"Registering tool: 'git_show'"}
{"level":30,"time":1771570978680,"env":"development","version":"2.8.4","pid":41904,"toolName":"git_show","requestId":"G7BP5-985J1","timestamp":"2026-02-20T07:02:58.680Z","operation":"ToolRegistry.registerTool","msg":"Tool 'git_show' registered successfully."}
{"level":20,"time":1771570978680,"env":"development","version":"2.8.4","pid":41904,"toolName":"git_stash","requestId":"W5TRW-X0CTQ","timestamp":"2026-02-20T07:02:58.680Z","operation":"ToolRegistry.registerTool","msg":"Registering tool: 'git_stash'"}
{"level":30,"time":1771570978680,"env":"development","version":"2.8.4","pid":41904,"toolName":"git_stash","requestId":"W5TRW-X0CTQ","timestamp":"2026-02-20T07:02:58.680Z","operation":"ToolRegistry.registerTool","msg":"Tool 'git_stash' registered successfully."}
{"level":20,"time":1771570978680,"env":"development","version":"2.8.4","pid":41904,"toolName":"git_status","requestId":"KAX4Y-MTM3Q","timestamp":"2026-02-20T07:02:58.680Z","operation":"ToolRegistry.registerTool","msg":"Registering tool: 'git_status'"}
{"level":30,"time":1771570978680,"env":"development","version":"2.8.4","pid":41904,"toolName":"git_status","requestId":"KAX4Y-MTM3Q","timestamp":"2026-02-20T07:02:58.680Z","operation":"ToolRegistry.registerTool","msg":"Tool 'git_status' registered successfully."}
{"level":20,"time":1771570978680,"env":"development","version":"2.8.4","pid":41904,"toolName":"git_tag","requestId":"NRLXG-EHMJ3","timestamp":"2026-02-20T07:02:58.680Z","operation":"ToolRegistry.registerTool","msg":"Registering tool: 'git_tag'"}
{"level":30,"time":1771570978680,"env":"development","version":"2.8.4","pid":41904,"toolName":"git_tag","requestId":"NRLXG-EHMJ3","timestamp":"2026-02-20T07:02:58.680Z","operation":"ToolRegistry.registerTool","msg":"Tool 'git_tag' registered successfully."}
{"level":20,"time":1771570978681,"env":"development","version":"2.8.4","pid":41904,"toolName":"git_worktree","requestId":"AMR00-W9AAX","timestamp":"2026-02-20T07:02:58.681Z","operation":"ToolRegistry.registerTool","msg":"Registering tool: 'git_worktree'"}
{"level":30,"time":1771570978681,"env":"development","version":"2.8.4","pid":41904,"toolName":"git_worktree","requestId":"AMR00-W9AAX","timestamp":"2026-02-20T07:02:58.681Z","operation":"ToolRegistry.registerTool","msg":"Tool 'git_worktree' registered successfully."}
{"level":20,"time":1771570978681,"env":"development","version":"2.8.4","pid":41904,"toolName":"git_wrapup_instructions","requestId":"DH3C0-GC6EJ","timestamp":"2026-02-20T07:02:58.681Z","operation":"ToolRegistry.registerTool","msg":"Registering tool: 'git_wrapup_instructions'"}
{"level":30,"time":1771570978681,"env":"development","version":"2.8.4","pid":41904,"toolName":"git_wrapup_instructions","requestId":"DH3C0-GC6EJ","timestamp":"2026-02-20T07:02:58.681Z","operation":"ToolRegistry.registerTool","msg":"Tool 'git_wrapup_instructions' registered successfully."}
{"level":30,"time":1771570978681,"env":"development","version":"2.8.4","pid":41904,"requestId":"W7JP7-94CW8","timestamp":"2026-02-20T07:02:58.681Z","operation":"ResourceRegistry.registerAll","msg":"Registering 1 resource(s)..."}
{"level":30,"time":1771570978681,"env":"development","version":"2.8.4","pid":41904,"requestId":"BKRAI-VN87E","timestamp":"2026-02-20T07:02:58.681Z","resourceName":"git-working-directory","operation":"RegisterResource","msg":"Registering resource: 'git-working-directory'"}
{"level":30,"time":1771570978681,"env":"development","version":"2.8.4","pid":41904,"requestId":"BKRAI-VN87E","timestamp":"2026-02-20T07:02:58.681Z","resourceName":"git-working-directory","operation":"RegisterResource","msg":"Resource 'git-working-directory' registered successfully."}
{"level":20,"time":1771570978681,"env":"development","version":"2.8.4","pid":41904,"requestId":"HP0EV-O3ZDI","timestamp":"2026-02-20T07:02:58.681Z","operation":"PromptRegistry.registerAll","msg":"Registering 1 prompts..."}
{"level":20,"time":1771570978681,"env":"development","version":"2.8.4","pid":41904,"requestId":"HP0EV-O3ZDI","timestamp":"2026-02-20T07:02:58.681Z","operation":"PromptRegistry.registerAll","msg":"Registering prompt: git_wrapup"}
{"level":30,"time":1771570978682,"env":"development","version":"2.8.4","pid":41904,"requestId":"HP0EV-O3ZDI","timestamp":"2026-02-20T07:02:58.681Z","operation":"PromptRegistry.registerAll","msg":"Registered prompt: git_wrapup"}
{"level":30,"time":1771570978682,"env":"development","version":"2.8.4","pid":41904,"requestId":"HP0EV-O3ZDI","timestamp":"2026-02-20T07:02:58.681Z","operation":"PromptRegistry.registerAll","msg":"Successfully registered 1 prompts"}
{"level":30,"time":1771570978682,"env":"development","version":"2.8.4","pid":41904,"requestId":"DUME1-2NNZA","timestamp":"2026-02-20T07:02:58.673Z","operation":"createMcpServerInstance","msg":"All MCP capabilities registered successfully"}
{"level":30,"time":1771570978682,"env":"development","version":"2.8.4","pid":41904,"transport":"stdio","requestId":"19HC3-Q05MK","timestamp":"2026-02-20T07:02:58.673Z","operation":"connectStdioTransport","transportType":"Stdio","msg":"Attempting to connect stdio transport..."}
{"level":20,"time":1771570978682,"env":"development","version":"2.8.4","pid":41904,"transport":"stdio","requestId":"19HC3-Q05MK","timestamp":"2026-02-20T07:02:58.673Z","operation":"connectStdioTransport","transportType":"Stdio","msg":"Creating StdioServerTransport instance..."}
{"level":20,"time":1771570978682,"env":"development","version":"2.8.4","pid":41904,"transport":"stdio","requestId":"19HC3-Q05MK","timestamp":"2026-02-20T07:02:58.673Z","operation":"connectStdioTransport","transportType":"Stdio","msg":"Connecting McpServer instance to StdioServerTransport..."}
{"level":30,"time":1771570978682,"env":"development","version":"2.8.4","pid":41904,"transport":"stdio","requestId":"19HC3-Q05MK","timestamp":"2026-02-20T07:02:58.673Z","operation":"connectStdioTransport","transportType":"Stdio","msg":"MCP Server connected and listening via stdio transport."}
{"level":30,"time":1771570978682,"env":"development","version":"2.8.4","pid":41904,"applicationName":"@cyanheads/git-mcp-server","applicationVersion":"2.8.4","nodeEnvironment":"development","requestId":"0M3DF-SKITN","timestamp":"2026-02-20T07:02:58.673Z","operation":"ServerStartup","msg":"@cyanheads/git-mcp-server is now running and ready."}
{"level":30,"time":1771582687236,"env":"development","version":"2.8.4","pid":37840,"requestId":"7RXKA-2583X","timestamp":"2026-02-20T10:18:07.234Z","operation":"loggerInit","msg":"Logger initialized. MCP level: debug."}
{"level":30,"time":1771582687236,"env":"development","version":"2.8.4","pid":37840,"requestId":"VNS0D-8UFH9","timestamp":"2026-02-20T10:18:07.236Z","operation":"LoggerInit","msg":"Logger initialized. Effective MCP logging level: debug."}
{"level":30,"time":1771582687236,"env":"development","version":"2.8.4","pid":37840,"runtime":"node","runtimeVersion":"Node.js 25.6.1","requestId":"7N9I1-PYWQK","timestamp":"2026-02-20T10:18:07.236Z","operation":"RuntimeDetection","msg":"Runtime detected: Node.js 25.6.1"}
{"level":30,"time":1771582687236,"env":"development","version":"2.8.4","pid":37840,"requestId":"FGT13-959C0","timestamp":"2026-02-20T10:18:07.236Z","operation":"StorageInit","msg":"Storage service initialized with provider: in-memory"}
{"level":30,"time":1771582687237,"env":"development","version":"2.8.4","pid":37840,"applicationName":"@cyanheads/git-mcp-server","applicationVersion":"2.8.4","nodeEnvironment":"development","requestId":"9ZEJJ-HINZO","timestamp":"2026-02-20T10:18:07.236Z","operation":"ServerStartup","msg":"Starting @cyanheads/git-mcp-server (v2.8.4)..."}
{"level":30,"time":1771582687237,"env":"development","version":"2.8.4","pid":37840,"transport":"stdio","requestId":"IMRU3-CN3DG","timestamp":"2026-02-20T10:18:07.237Z","operation":"TransportManager.start","msg":"Starting transport: stdio"}
{"level":30,"time":1771582687237,"env":"development","version":"2.8.4","pid":37840,"requestId":"859R8-IM11G","timestamp":"2026-02-20T10:18:07.237Z","operation":"createMcpServerInstance","msg":"Initializing MCP server instance"}
{"level":20,"time":1771582687237,"env":"development","version":"2.8.4","pid":37840,"requestId":"3ZZK7-OJ7I8","timestamp":"2026-02-20T10:18:07.237Z","newConfigState":{"appName":"@cyanheads/git-mcp-server","appVersion":"2.8.4","environment":"development"},"operation":"RequestContextService.configure","msg":"RequestContextService configuration updated"}
{"level":20,"time":1771582687241,"env":"development","version":"2.8.4","pid":37840,"requestId":"859R8-IM11G","timestamp":"2026-02-20T10:18:07.237Z","operation":"createMcpServerInstance","msg":"Registering all MCP capabilities via registries..."}
{"level":30,"time":1771582687241,"env":"development","version":"2.8.4","pid":37840,"requestId":"PQBQ1-OK5O9","timestamp":"2026-02-20T10:18:07.241Z","operation":"ToolRegistry.registerAll","msg":"Registering 28 tool(s)..."}
{"level":20,"time":1771582687241,"env":"development","version":"2.8.4","pid":37840,"toolName":"git_add","requestId":"NR5BI-RK11J","timestamp":"2026-02-20T10:18:07.241Z","operation":"ToolRegistry.registerTool","msg":"Registering tool: 'git_add'"}
{"level":30,"time":1771582687242,"env":"development","version":"2.8.4","pid":37840,"toolName":"git_add","requestId":"NR5BI-RK11J","timestamp":"2026-02-20T10:18:07.241Z","operation":"ToolRegistry.registerTool","msg":"Tool 'git_add' registered successfully."}
{"level":20,"time":1771582687242,"env":"development","version":"2.8.4","pid":37840,"toolName":"git_blame","requestId":"06KPT-RYM17","timestamp":"2026-02-20T10:18:07.242Z","operation":"ToolRegistry.registerTool","msg":"Registering tool: 'git_blame'"}
{"level":30,"time":1771582687242,"env":"development","version":"2.8.4","pid":37840,"toolName":"git_blame","requestId":"06KPT-RYM17","timestamp":"2026-02-20T10:18:07.242Z","operation":"ToolRegistry.registerTool","msg":"Tool 'git_blame' registered successfully."}
{"level":20,"time":1771582687242,"env":"development","version":"2.8.4","pid":37840,"toolName":"git_branch","requestId":"ZXXR7-RIBO8","timestamp":"2026-02-20T10:18:07.242Z","operation":"ToolRegistry.registerTool","msg":"Registering tool: 'git_branch'"}
{"level":30,"time":1771582687242,"env":"development","version":"2.8.4","pid":37840,"toolName":"git_branch","requestId":"ZXXR7-RIBO8","timestamp":"2026-02-20T10:18:07.242Z","operation":"ToolRegistry.registerTool","msg":"Tool 'git_branch' registered successfully."}
{"level":20,"time":1771582687242,"env":"development","version":"2.8.4","pid":37840,"toolName":"git_changelog_analyze","requestId":"UA1ZU-LW8EM","timestamp":"2026-02-20T10:18:07.242Z","operation":"ToolRegistry.registerTool","msg":"Registering tool: 'git_changelog_analyze'"}
{"level":30,"time":1771582687242,"env":"development","version":"2.8.4","pid":37840,"toolName":"git_changelog_analyze","requestId":"UA1ZU-LW8EM","timestamp":"2026-02-20T10:18:07.242Z","operation":"ToolRegistry.registerTool","msg":"Tool 'git_changelog_analyze' registered successfully."}
{"level":20,"time":1771582687242,"env":"development","version":"2.8.4","pid":37840,"toolName":"git_checkout","requestId":"38SYF-6MJ3F","timestamp":"2026-02-20T10:18:07.242Z","operation":"ToolRegistry.registerTool","msg":"Registering tool: 'git_checkout'"}
{"level":30,"time":1771582687242,"env":"development","version":"2.8.4","pid":37840,"toolName":"git_checkout","requestId":"38SYF-6MJ3F","timestamp":"2026-02-20T10:18:07.242Z","operation":"ToolRegistry.registerTool","msg":"Tool 'git_checkout' registered successfully."}
{"level":20,"time":1771582687242,"env":"development","version":"2.8.4","pid":37840,"toolName":"git_cherry_pick","requestId":"V4ZPN-JB17I","timestamp":"2026-02-20T10:18:07.242Z","operation":"ToolRegistry.registerTool","msg":"Registering tool: 'git_cherry_pick'"}
{"level":30,"time":1771582687242,"env":"development","version":"2.8.4","pid":37840,"toolName":"git_cherry_pick","requestId":"V4ZPN-JB17I","timestamp":"2026-02-20T10:18:07.242Z","operation":"ToolRegistry.registerTool","msg":"Tool 'git_cherry_pick' registered successfully."}
{"level":20,"time":1771582687242,"env":"development","version":"2.8.4","pid":37840,"toolName":"git_clean","requestId":"BXY93-05VK2","timestamp":"2026-02-20T10:18:07.242Z","operation":"ToolRegistry.registerTool","msg":"Registering tool: 'git_clean'"}
{"level":30,"time":1771582687242,"env":"development","version":"2.8.4","pid":37840,"toolName":"git_clean","requestId":"BXY93-05VK2","timestamp":"2026-02-20T10:18:07.242Z","operation":"ToolRegistry.registerTool","msg":"Tool 'git_clean' registered successfully."}
{"level":20,"time":1771582687242,"env":"development","version":"2.8.4","pid":37840,"toolName":"git_clear_working_dir","requestId":"EWZKE-HM467","timestamp":"2026-02-20T10:18:07.242Z","operation":"ToolRegistry.registerTool","msg":"Registering tool: 'git_clear_working_dir'"}
{"level":30,"time":1771582687242,"env":"development","version":"2.8.4","pid":37840,"toolName":"git_clear_working_dir","requestId":"EWZKE-HM467","timestamp":"2026-02-20T10:18:07.242Z","operation":"ToolRegistry.registerTool","msg":"Tool 'git_clear_working_dir' registered successfully."}
{"level":20,"time":1771582687242,"env":"development","version":"2.8.4","pid":37840,"toolName":"git_clone","requestId":"VO7A9-250AD","timestamp":"2026-02-20T10:18:07.242Z","operation":"ToolRegistry.registerTool","msg":"Registering tool: 'git_clone'"}
{"level":30,"time":1771582687242,"env":"development","version":"2.8.4","pid":37840,"toolName":"git_clone","requestId":"VO7A9-250AD","timestamp":"2026-02-20T10:18:07.242Z","operation":"ToolRegistry.registerTool","msg":"Tool 'git_clone' registered successfully."}
{"level":20,"time":1771582687243,"env":"development","version":"2.8.4","pid":37840,"toolName":"git_commit","requestId":"6S7C4-T9BJM","timestamp":"2026-02-20T10:18:07.242Z","operation":"ToolRegistry.registerTool","msg":"Registering tool: 'git_commit'"}
{"level":30,"time":1771582687243,"env":"development","version":"2.8.4","pid":37840,"toolName":"git_commit","requestId":"6S7C4-T9BJM","timestamp":"2026-02-20T10:18:07.242Z","operation":"ToolRegistry.registerTool","msg":"Tool 'git_commit' registered successfully."}
{"level":20,"time":1771582687243,"env":"development","version":"2.8.4","pid":37840,"toolName":"git_diff","requestId":"RH0OX-2ZAGE","timestamp":"2026-02-20T10:18:07.243Z","operation":"ToolRegistry.registerTool","msg":"Registering tool: 'git_diff'"}
{"level":30,"time":1771582687243,"env":"development","version":"2.8.4","pid":37840,"toolName":"git_diff","requestId":"RH0OX-2ZAGE","timestamp":"2026-02-20T10:18:07.243Z","operation":"ToolRegistry.registerTool","msg":"Tool 'git_diff' registered successfully."}
{"level":20,"time":1771582687243,"env":"development","version":"2.8.4","pid":37840,"toolName":"git_fetch","requestId":"7X8AQ-WGS1F","timestamp":"2026-02-20T10:18:07.243Z","operation":"ToolRegistry.registerTool","msg":"Registering tool: 'git_fetch'"}
{"level":30,"time":1771582687243,"env":"development","version":"2.8.4","pid":37840,"toolName":"git_fetch","requestId":"7X8AQ-WGS1F","timestamp":"2026-02-20T10:18:07.243Z","operation":"ToolRegistry.registerTool","msg":"Tool 'git_fetch' registered successfully."}
{"level":20,"time":1771582687243,"env":"development","version":"2.8.4","pid":37840,"toolName":"git_init","requestId":"IBA2R-MFMV2","timestamp":"2026-02-20T10:18:07.243Z","operation":"ToolRegistry.registerTool","msg":"Registering tool: 'git_init'"}
{"level":30,"time":1771582687243,"env":"development","version":"2.8.4","pid":37840,"toolName":"git_init","requestId":"IBA2R-MFMV2","timestamp":"2026-02-20T10:18:07.243Z","operation":"ToolRegistry.registerTool","msg":"Tool 'git_init' registered successfully."}
{"level":20,"time":1771582687243,"env":"development","version":"2.8.4","pid":37840,"toolName":"git_log","requestId":"3AWK7-IDOLB","timestamp":"2026-02-20T10:18:07.243Z","operation":"ToolRegistry.registerTool","msg":"Registering tool: 'git_log'"}
{"level":30,"time":1771582687243,"env":"development","version":"2.8.4","pid":37840,"toolName":"git_log","requestId":"3AWK7-IDOLB","timestamp":"2026-02-20T10:18:07.243Z","operation":"ToolRegistry.registerTool","msg":"Tool 'git_log' registered successfully."}
{"level":20,"time":1771582687243,"env":"development","version":"2.8.4","pid":37840,"toolName":"git_merge","requestId":"GXCHR-9P4H6","timestamp":"2026-02-20T10:18:07.243Z","operation":"ToolRegistry.registerTool","msg":"Registering tool: 'git_merge'"}
{"level":30,"time":1771582687243,"env":"development","version":"2.8.4","pid":37840,"toolName":"git_merge","requestId":"GXCHR-9P4H6","timestamp":"2026-02-20T10:18:07.243Z","operation":"ToolRegistry.registerTool","msg":"Tool 'git_merge' registered successfully."}
{"level":20,"time":1771582687243,"env":"development","version":"2.8.4","pid":37840,"toolName":"git_pull","requestId":"XML4N-C2Z7A","timestamp":"2026-02-20T10:18:07.243Z","operation":"ToolRegistry.registerTool","msg":"Registering tool: 'git_pull'"}
{"level":30,"time":1771582687243,"env":"development","version":"2.8.4","pid":37840,"toolName":"git_pull","requestId":"XML4N-C2Z7A","timestamp":"2026-02-20T10:18:07.243Z","operation":"ToolRegistry.registerTool","msg":"Tool 'git_pull' registered successfully."}
{"level":20,"time":1771582687243,"env":"development","version":"2.8.4","pid":37840,"toolName":"git_push","requestId":"DJFHG-MACIR","timestamp":"2026-02-20T10:18:07.243Z","operation":"ToolRegistry.registerTool","msg":"Registering tool: 'git_push'"}
{"level":30,"time":1771582687243,"env":"development","version":"2.8.4","pid":37840,"toolName":"git_push","requestId":"DJFHG-MACIR","timestamp":"2026-02-20T10:18:07.243Z","operation":"ToolRegistry.registerTool","msg":"Tool 'git_push' registered successfully."}
{"level":20,"time":1771582687243,"env":"development","version":"2.8.4","pid":37840,"toolName":"git_rebase","requestId":"V2XJY-NN6W3","timestamp":"2026-02-20T10:18:07.243Z","operation":"ToolRegistry.registerTool","msg":"Registering tool: 'git_rebase'"}
{"level":30,"time":1771582687243,"env":"development","version":"2.8.4","pid":37840,"toolName":"git_rebase","requestId":"V2XJY-NN6W3","timestamp":"2026-02-20T10:18:07.243Z","operation":"ToolRegistry.registerTool","msg":"Tool 'git_rebase' registered successfully."}
{"level":20,"time":1771582687243,"env":"development","version":"2.8.4","pid":37840,"toolName":"git_reflog","requestId":"H3OYK-V2WTO","timestamp":"2026-02-20T10:18:07.243Z","operation":"ToolRegistry.registerTool","msg":"Registering tool: 'git_reflog'"}
{"level":30,"time":1771582687243,"env":"development","version":"2.8.4","pid":37840,"toolName":"git_reflog","requestId":"H3OYK-V2WTO","timestamp":"2026-02-20T10:18:07.243Z","operation":"ToolRegistry.registerTool","msg":"Tool 'git_reflog' registered successfully."}
{"level":20,"time":1771582687243,"env":"development","version":"2.8.4","pid":37840,"toolName":"git_remote","requestId":"41X4R-H4LYB","timestamp":"2026-02-20T10:18:07.243Z","operation":"ToolRegistry.registerTool","msg":"Registering tool: 'git_remote'"}
{"level":30,"time":1771582687243,"env":"development","version":"2.8.4","pid":37840,"toolName":"git_remote","requestId":"41X4R-H4LYB","timestamp":"2026-02-20T10:18:07.243Z","operation":"ToolRegistry.registerTool","msg":"Tool 'git_remote' registered successfully."}
{"level":20,"time":1771582687243,"env":"development","version":"2.8.4","pid":37840,"toolName":"git_reset","requestId":"GB1ES-MVSXE","timestamp":"2026-02-20T10:18:07.243Z","operation":"ToolRegistry.registerTool","msg":"Registering tool: 'git_reset'"}
{"level":30,"time":1771582687243,"env":"development","version":"2.8.4","pid":37840,"toolName":"git_reset","requestId":"GB1ES-MVSXE","timestamp":"2026-02-20T10:18:07.243Z","operation":"ToolRegistry.registerTool","msg":"Tool 'git_reset' registered successfully."}
{"level":20,"time":1771582687243,"env":"development","version":"2.8.4","pid":37840,"toolName":"git_set_working_dir","requestId":"9EIKL-AAPAY","timestamp":"2026-02-20T10:18:07.243Z","operation":"ToolRegistry.registerTool","msg":"Registering tool: 'git_set_working_dir'"}
{"level":30,"time":1771582687243,"env":"development","version":"2.8.4","pid":37840,"toolName":"git_set_working_dir","requestId":"9EIKL-AAPAY","timestamp":"2026-02-20T10:18:07.243Z","operation":"ToolRegistry.registerTool","msg":"Tool 'git_set_working_dir' registered successfully."}
{"level":20,"time":1771582687243,"env":"development","version":"2.8.4","pid":37840,"toolName":"git_show","requestId":"20880-Z9EXQ","timestamp":"2026-02-20T10:18:07.243Z","operation":"ToolRegistry.registerTool","msg":"Registering tool: 'git_show'"}
{"level":30,"time":1771582687243,"env":"development","version":"2.8.4","pid":37840,"toolName":"git_show","requestId":"20880-Z9EXQ","timestamp":"2026-02-20T10:18:07.243Z","operation":"ToolRegistry.registerTool","msg":"Tool 'git_show' registered successfully."}
{"level":20,"time":1771582687243,"env":"development","version":"2.8.4","pid":37840,"toolName":"git_stash","requestId":"6EJC3-9HEOD","timestamp":"2026-02-20T10:18:07.243Z","operation":"ToolRegistry.registerTool","msg":"Registering tool: 'git_stash'"}
{"level":30,"time":1771582687243,"env":"development","version":"2.8.4","pid":37840,"toolName":"git_stash","requestId":"6EJC3-9HEOD","timestamp":"2026-02-20T10:18:07.243Z","operation":"ToolRegistry.registerTool","msg":"Tool 'git_stash' registered successfully."}
{"level":20,"time":1771582687243,"env":"development","version":"2.8.4","pid":37840,"toolName":"git_status","requestId":"3DAQO-0RKY4","timestamp":"2026-02-20T10:18:07.243Z","operation":"ToolRegistry.registerTool","msg":"Registering tool: 'git_status'"}
{"level":30,"time":1771582687243,"env":"development","version":"2.8.4","pid":37840,"toolName":"git_status","requestId":"3DAQO-0RKY4","timestamp":"2026-02-20T10:18:07.243Z","operation":"ToolRegistry.registerTool","msg":"Tool 'git_status' registered successfully."}
{"level":20,"time":1771582687243,"env":"development","version":"2.8.4","pid":37840,"toolName":"git_tag","requestId":"C561N-2OIE6","timestamp":"2026-02-20T10:18:07.243Z","operation":"ToolRegistry.registerTool","msg":"Registering tool: 'git_tag'"}
{"level":30,"time":1771582687243,"env":"development","version":"2.8.4","pid":37840,"toolName":"git_tag","requestId":"C561N-2OIE6","timestamp":"2026-02-20T10:18:07.243Z","operation":"ToolRegistry.registerTool","msg":"Tool 'git_tag' registered successfully."}
{"level":20,"time":1771582687243,"env":"development","version":"2.8.4","pid":37840,"toolName":"git_worktree","requestId":"0QHA3-SIEME","timestamp":"2026-02-20T10:18:07.243Z","operation":"ToolRegistry.registerTool","msg":"Registering tool: 'git_worktree'"}
{"level":30,"time":1771582687243,"env":"development","version":"2.8.4","pid":37840,"toolName":"git_worktree","requestId":"0QHA3-SIEME","timestamp":"2026-02-20T10:18:07.243Z","operation":"ToolRegistry.registerTool","msg":"Tool 'git_worktree' registered successfully."}
{"level":20,"time":1771582687244,"env":"development","version":"2.8.4","pid":37840,"toolName":"git_wrapup_instructions","requestId":"L2NB1-JVOFH","timestamp":"2026-02-20T10:18:07.243Z","operation":"ToolRegistry.registerTool","msg":"Registering tool: 'git_wrapup_instructions'"}
{"level":30,"time":1771582687244,"env":"development","version":"2.8.4","pid":37840,"toolName":"git_wrapup_instructions","requestId":"L2NB1-JVOFH","timestamp":"2026-02-20T10:18:07.243Z","operation":"ToolRegistry.registerTool","msg":"Tool 'git_wrapup_instructions' registered successfully."}
{"level":30,"time":1771582687244,"env":"development","version":"2.8.4","pid":37840,"requestId":"3JSRM-DBG3K","timestamp":"2026-02-20T10:18:07.244Z","operation":"ResourceRegistry.registerAll","msg":"Registering 1 resource(s)..."}
{"level":30,"time":1771582687244,"env":"development","version":"2.8.4","pid":37840,"requestId":"BLLM9-7KQ5M","timestamp":"2026-02-20T10:18:07.244Z","resourceName":"git-working-directory","operation":"RegisterResource","msg":"Registering resource: 'git-working-directory'"}
{"level":30,"time":1771582687244,"env":"development","version":"2.8.4","pid":37840,"requestId":"BLLM9-7KQ5M","timestamp":"2026-02-20T10:18:07.244Z","resourceName":"git-working-directory","operation":"RegisterResource","msg":"Resource 'git-working-directory' registered successfully."}
{"level":20,"time":1771582687244,"env":"development","version":"2.8.4","pid":37840,"requestId":"WOS4M-LMMDI","timestamp":"2026-02-20T10:18:07.244Z","operation":"PromptRegistry.registerAll","msg":"Registering 1 prompts..."}
{"level":20,"time":1771582687244,"env":"development","version":"2.8.4","pid":37840,"requestId":"WOS4M-LMMDI","timestamp":"2026-02-20T10:18:07.244Z","operation":"PromptRegistry.registerAll","msg":"Registering prompt: git_wrapup"}
{"level":30,"time":1771582687245,"env":"development","version":"2.8.4","pid":37840,"requestId":"WOS4M-LMMDI","timestamp":"2026-02-20T10:18:07.244Z","operation":"PromptRegistry.registerAll","msg":"Registered prompt: git_wrapup"}
{"level":30,"time":1771582687245,"env":"development","version":"2.8.4","pid":37840,"requestId":"WOS4M-LMMDI","timestamp":"2026-02-20T10:18:07.244Z","operation":"PromptRegistry.registerAll","msg":"Successfully registered 1 prompts"}
{"level":30,"time":1771582687245,"env":"development","version":"2.8.4","pid":37840,"requestId":"859R8-IM11G","timestamp":"2026-02-20T10:18:07.237Z","operation":"createMcpServerInstance","msg":"All MCP capabilities registered successfully"}
{"level":30,"time":1771582687245,"env":"development","version":"2.8.4","pid":37840,"transport":"stdio","requestId":"IMRU3-CN3DG","timestamp":"2026-02-20T10:18:07.237Z","operation":"connectStdioTransport","transportType":"Stdio","msg":"Attempting to connect stdio transport..."}
{"level":20,"time":1771582687245,"env":"development","version":"2.8.4","pid":37840,"transport":"stdio","requestId":"IMRU3-CN3DG","timestamp":"2026-02-20T10:18:07.237Z","operation":"connectStdioTransport","transportType":"Stdio","msg":"Creating StdioServerTransport instance..."}
{"level":20,"time":1771582687245,"env":"development","version":"2.8.4","pid":37840,"transport":"stdio","requestId":"IMRU3-CN3DG","timestamp":"2026-02-20T10:18:07.237Z","operation":"connectStdioTransport","transportType":"Stdio","msg":"Connecting McpServer instance to StdioServerTransport..."}
{"level":30,"time":1771582687245,"env":"development","version":"2.8.4","pid":37840,"transport":"stdio","requestId":"IMRU3-CN3DG","timestamp":"2026-02-20T10:18:07.237Z","operation":"connectStdioTransport","transportType":"Stdio","msg":"MCP Server connected and listening via stdio transport."}
{"level":30,"time":1771582687245,"env":"development","version":"2.8.4","pid":37840,"applicationName":"@cyanheads/git-mcp-server","applicationVersion":"2.8.4","nodeEnvironment":"development","requestId":"9ZEJJ-HINZO","timestamp":"2026-02-20T10:18:07.236Z","operation":"ServerStartup","msg":"@cyanheads/git-mcp-server is now running and ready."}
{"level":30,"time":1771582687379,"env":"development","version":"2.8.4","pid":32484,"requestId":"FHA41-F6PBK","timestamp":"2026-02-20T10:18:07.376Z","operation":"loggerInit","msg":"Logger initialized. MCP level: debug."}
{"level":30,"time":1771582687379,"env":"development","version":"2.8.4","pid":32484,"requestId":"QR4G4-F7DCZ","timestamp":"2026-02-20T10:18:07.379Z","operation":"LoggerInit","msg":"Logger initialized. Effective MCP logging level: debug."}
{"level":30,"time":1771582687379,"env":"development","version":"2.8.4","pid":32484,"runtime":"node","runtimeVersion":"Node.js 25.6.1","requestId":"JYKX5-LSAVY","timestamp":"2026-02-20T10:18:07.379Z","operation":"RuntimeDetection","msg":"Runtime detected: Node.js 25.6.1"}
{"level":30,"time":1771582687379,"env":"development","version":"2.8.4","pid":32484,"requestId":"MAKNA-5VWGF","timestamp":"2026-02-20T10:18:07.379Z","operation":"StorageInit","msg":"Storage service initialized with provider: in-memory"}
{"level":30,"time":1771582687380,"env":"development","version":"2.8.4","pid":32484,"applicationName":"@cyanheads/git-mcp-server","applicationVersion":"2.8.4","nodeEnvironment":"development","requestId":"03OPI-PJ240","timestamp":"2026-02-20T10:18:07.380Z","operation":"ServerStartup","msg":"Starting @cyanheads/git-mcp-server (v2.8.4)..."}
{"level":30,"time":1771582687380,"env":"development","version":"2.8.4","pid":32484,"transport":"stdio","requestId":"6RBCM-7MWM9","timestamp":"2026-02-20T10:18:07.380Z","operation":"TransportManager.start","msg":"Starting transport: stdio"}
{"level":30,"time":1771582687380,"env":"development","version":"2.8.4","pid":32484,"requestId":"7WHY3-QYMOX","timestamp":"2026-02-20T10:18:07.380Z","operation":"createMcpServerInstance","msg":"Initializing MCP server instance"}
{"level":20,"time":1771582687380,"env":"development","version":"2.8.4","pid":32484,"requestId":"KL7XN-FGYJR","timestamp":"2026-02-20T10:18:07.380Z","newConfigState":{"appName":"@cyanheads/git-mcp-server","appVersion":"2.8.4","environment":"development"},"operation":"RequestContextService.configure","msg":"RequestContextService configuration updated"}
{"level":20,"time":1771582687384,"env":"development","version":"2.8.4","pid":32484,"requestId":"7WHY3-QYMOX","timestamp":"2026-02-20T10:18:07.380Z","operation":"createMcpServerInstance","msg":"Registering all MCP capabilities via registries..."}
{"level":30,"time":1771582687384,"env":"development","version":"2.8.4","pid":32484,"requestId":"QJFOP-FLJLX","timestamp":"2026-02-20T10:18:07.384Z","operation":"ToolRegistry.registerAll","msg":"Registering 28 tool(s)..."}
{"level":20,"time":1771582687385,"env":"development","version":"2.8.4","pid":32484,"toolName":"git_add","requestId":"DAUKI-EVZ9G","timestamp":"2026-02-20T10:18:07.385Z","operation":"ToolRegistry.registerTool","msg":"Registering tool: 'git_add'"}
{"level":30,"time":1771582687385,"env":"development","version":"2.8.4","pid":32484,"toolName":"git_add","requestId":"DAUKI-EVZ9G","timestamp":"2026-02-20T10:18:07.385Z","operation":"ToolRegistry.registerTool","msg":"Tool 'git_add' registered successfully."}
{"level":20,"time":1771582687385,"env":"development","version":"2.8.4","pid":32484,"toolName":"git_blame","requestId":"QOCLZ-UW2A2","timestamp":"2026-02-20T10:18:07.385Z","operation":"ToolRegistry.registerTool","msg":"Registering tool: 'git_blame'"}
{"level":30,"time":1771582687385,"env":"development","version":"2.8.4","pid":32484,"toolName":"git_blame","requestId":"QOCLZ-UW2A2","timestamp":"2026-02-20T10:18:07.385Z","operation":"ToolRegistry.registerTool","msg":"Tool 'git_blame' registered successfully."}
{"level":20,"time":1771582687385,"env":"development","version":"2.8.4","pid":32484,"toolName":"git_branch","requestId":"0A3JM-J3KS7","timestamp":"2026-02-20T10:18:07.385Z","operation":"ToolRegistry.registerTool","msg":"Registering tool: 'git_branch'"}
{"level":30,"time":1771582687386,"env":"development","version":"2.8.4","pid":32484,"toolName":"git_branch","requestId":"0A3JM-J3KS7","timestamp":"2026-02-20T10:18:07.385Z","operation":"ToolRegistry.registerTool","msg":"Tool 'git_branch' registered successfully."}
{"level":20,"time":1771582687386,"env":"development","version":"2.8.4","pid":32484,"toolName":"git_changelog_analyze","requestId":"JI30Q-3J2DG","timestamp":"2026-02-20T10:18:07.386Z","operation":"ToolRegistry.registerTool","msg":"Registering tool: 'git_changelog_analyze'"}
{"level":30,"time":1771582687386,"env":"development","version":"2.8.4","pid":32484,"toolName":"git_changelog_analyze","requestId":"JI30Q-3J2DG","timestamp":"2026-02-20T10:18:07.386Z","operation":"ToolRegistry.registerTool","msg":"Tool 'git_changelog_analyze' registered successfully."}
{"level":20,"time":1771582687386,"env":"development","version":"2.8.4","pid":32484,"toolName":"git_checkout","requestId":"H4ELQ-VMCAM","timestamp":"2026-02-20T10:18:07.386Z","operation":"ToolRegistry.registerTool","msg":"Registering tool: 'git_checkout'"}
{"level":30,"time":1771582687386,"env":"development","version":"2.8.4","pid":32484,"toolName":"git_checkout","requestId":"H4ELQ-VMCAM","timestamp":"2026-02-20T10:18:07.386Z","operation":"ToolRegistry.registerTool","msg":"Tool 'git_checkout' registered successfully."}
{"level":20,"time":1771582687386,"env":"development","version":"2.8.4","pid":32484,"toolName":"git_cherry_pick","requestId":"D64IY-TRHUU","timestamp":"2026-02-20T10:18:07.386Z","operation":"ToolRegistry.registerTool","msg":"Registering tool: 'git_cherry_pick'"}
{"level":30,"time":1771582687386,"env":"development","version":"2.8.4","pid":32484,"toolName":"git_cherry_pick","requestId":"D64IY-TRHUU","timestamp":"2026-02-20T10:18:07.386Z","operation":"ToolRegistry.registerTool","msg":"Tool 'git_cherry_pick' registered successfully."}
{"level":20,"time":1771582687386,"env":"development","version":"2.8.4","pid":32484,"toolName":"git_clean","requestId":"5AOIO-L9CQU","timestamp":"2026-02-20T10:18:07.386Z","operation":"ToolRegistry.registerTool","msg":"Registering tool: 'git_clean'"}
{"level":30,"time":1771582687386,"env":"development","version":"2.8.4","pid":32484,"toolName":"git_clean","requestId":"5AOIO-L9CQU","timestamp":"2026-02-20T10:18:07.386Z","operation":"ToolRegistry.registerTool","msg":"Tool 'git_clean' registered successfully."}
{"level":20,"time":1771582687386,"env":"development","version":"2.8.4","pid":32484,"toolName":"git_clear_working_dir","requestId":"72FHS-I3B7U","timestamp":"2026-02-20T10:18:07.386Z","operation":"ToolRegistry.registerTool","msg":"Registering tool: 'git_clear_working_dir'"}
{"level":30,"time":1771582687386,"env":"development","version":"2.8.4","pid":32484,"toolName":"git_clear_working_dir","requestId":"72FHS-I3B7U","timestamp":"2026-02-20T10:18:07.386Z","operation":"ToolRegistry.registerTool","msg":"Tool 'git_clear_working_dir' registered successfully."}
{"level":20,"time":1771582687386,"env":"development","version":"2.8.4","pid":32484,"toolName":"git_clone","requestId":"UFRNO-B0B06","timestamp":"2026-02-20T10:18:07.386Z","operation":"ToolRegistry.registerTool","msg":"Registering tool: 'git_clone'"}
{"level":30,"time":1771582687386,"env":"development","version":"2.8.4","pid":32484,"toolName":"git_clone","requestId":"UFRNO-B0B06","timestamp":"2026-02-20T10:18:07.386Z","operation":"ToolRegistry.registerTool","msg":"Tool 'git_clone' registered successfully."}
{"level":20,"time":1771582687386,"env":"development","version":"2.8.4","pid":32484,"toolName":"git_commit","requestId":"F12L5-KTW63","timestamp":"2026-02-20T10:18:07.386Z","operation":"ToolRegistry.registerTool","msg":"Registering tool: 'git_commit'"}
{"level":30,"time":1771582687386,"env":"development","version":"2.8.4","pid":32484,"toolName":"git_commit","requestId":"F12L5-KTW63","timestamp":"2026-02-20T10:18:07.386Z","operation":"ToolRegistry.registerTool","msg":"Tool 'git_commit' registered successfully."}
{"level":20,"time":1771582687386,"env":"development","version":"2.8.4","pid":32484,"toolName":"git_diff","requestId":"S2YRZ-9Y96O","timestamp":"2026-02-20T10:18:07.386Z","operation":"ToolRegistry.registerTool","msg":"Registering tool: 'git_diff'"}
{"level":30,"time":1771582687386,"env":"development","version":"2.8.4","pid":32484,"toolName":"git_diff","requestId":"S2YRZ-9Y96O","timestamp":"2026-02-20T10:18:07.386Z","operation":"ToolRegistry.registerTool","msg":"Tool 'git_diff' registered successfully."}
{"level":20,"time":1771582687386,"env":"development","version":"2.8.4","pid":32484,"toolName":"git_fetch","requestId":"DW4BA-IIH5H","timestamp":"2026-02-20T10:18:07.386Z","operation":"ToolRegistry.registerTool","msg":"Registering tool: 'git_fetch'"}
{"level":30,"time":1771582687386,"env":"development","version":"2.8.4","pid":32484,"toolName":"git_fetch","requestId":"DW4BA-IIH5H","timestamp":"2026-02-20T10:18:07.386Z","operation":"ToolRegistry.registerTool","msg":"Tool 'git_fetch' registered successfully."}
{"level":20,"time":1771582687386,"env":"development","version":"2.8.4","pid":32484,"toolName":"git_init","requestId":"MXIAZ-L6VJ8","timestamp":"2026-02-20T10:18:07.386Z","operation":"ToolRegistry.registerTool","msg":"Registering tool: 'git_init'"}
{"level":30,"time":1771582687386,"env":"development","version":"2.8.4","pid":32484,"toolName":"git_init","requestId":"MXIAZ-L6VJ8","timestamp":"2026-02-20T10:18:07.386Z","operation":"ToolRegistry.registerTool","msg":"Tool 'git_init' registered successfully."}
{"level":20,"time":1771582687386,"env":"development","version":"2.8.4","pid":32484,"toolName":"git_log","requestId":"YDDWZ-QPAP6","timestamp":"2026-02-20T10:18:07.386Z","operation":"ToolRegistry.registerTool","msg":"Registering tool: 'git_log'"}
{"level":30,"time":1771582687386,"env":"development","version":"2.8.4","pid":32484,"toolName":"git_log","requestId":"YDDWZ-QPAP6","timestamp":"2026-02-20T10:18:07.386Z","operation":"ToolRegistry.registerTool","msg":"Tool 'git_log' registered successfully."}
{"level":20,"time":1771582687386,"env":"development","version":"2.8.4","pid":32484,"toolName":"git_merge","requestId":"MZVGR-K0WH5","timestamp":"2026-02-20T10:18:07.386Z","operation":"ToolRegistry.registerTool","msg":"Registering tool: 'git_merge'"}
{"level":30,"time":1771582687386,"env":"development","version":"2.8.4","pid":32484,"toolName":"git_merge","requestId":"MZVGR-K0WH5","timestamp":"2026-02-20T10:18:07.386Z","operation":"ToolRegistry.registerTool","msg":"Tool 'git_merge' registered successfully."}
{"level":20,"time":1771582687386,"env":"development","version":"2.8.4","pid":32484,"toolName":"git_pull","requestId":"RWWDC-PWTDC","timestamp":"2026-02-20T10:18:07.386Z","operation":"ToolRegistry.registerTool","msg":"Registering tool: 'git_pull'"}
{"level":30,"time":1771582687386,"env":"development","version":"2.8.4","pid":32484,"toolName":"git_pull","requestId":"RWWDC-PWTDC","timestamp":"2026-02-20T10:18:07.386Z","operation":"ToolRegistry.registerTool","msg":"Tool 'git_pull' registered successfully."}
{"level":20,"time":1771582687387,"env":"development","version":"2.8.4","pid":32484,"toolName":"git_push","requestId":"BCWVV-J4MU0","timestamp":"2026-02-20T10:18:07.387Z","operation":"ToolRegistry.registerTool","msg":"Registering tool: 'git_push'"}
{"level":30,"time":1771582687387,"env":"development","version":"2.8.4","pid":32484,"toolName":"git_push","requestId":"BCWVV-J4MU0","timestamp":"2026-02-20T10:18:07.387Z","operation":"ToolRegistry.registerTool","msg":"Tool 'git_push' registered successfully."}
{"level":20,"time":1771582687387,"env":"development","version":"2.8.4","pid":32484,"toolName":"git_rebase","requestId":"N2QQQ-X3W3T","timestamp":"2026-02-20T10:18:07.387Z","operation":"ToolRegistry.registerTool","msg":"Registering tool: 'git_rebase'"}
{"level":30,"time":1771582687387,"env":"development","version":"2.8.4","pid":32484,"toolName":"git_rebase","requestId":"N2QQQ-X3W3T","timestamp":"2026-02-20T10:18:07.387Z","operation":"ToolRegistry.registerTool","msg":"Tool 'git_rebase' registered successfully."}
{"level":20,"time":1771582687387,"env":"development","version":"2.8.4","pid":32484,"toolName":"git_reflog","requestId":"BV6J1-YWG71","timestamp":"2026-02-20T10:18:07.387Z","operation":"ToolRegistry.registerTool","msg":"Registering tool: 'git_reflog'"}
{"level":30,"time":1771582687387,"env":"development","version":"2.8.4","pid":32484,"toolName":"git_reflog","requestId":"BV6J1-YWG71","timestamp":"2026-02-20T10:18:07.387Z","operation":"ToolRegistry.registerTool","msg":"Tool 'git_reflog' registered successfully."}
{"level":20,"time":1771582687387,"env":"development","version":"2.8.4","pid":32484,"toolName":"git_remote","requestId":"41O5Q-ZRIU0","timestamp":"2026-02-20T10:18:07.387Z","operation":"ToolRegistry.registerTool","msg":"Registering tool: 'git_remote'"}
{"level":30,"time":1771582687387,"env":"development","version":"2.8.4","pid":32484,"toolName":"git_remote","requestId":"41O5Q-ZRIU0","timestamp":"2026-02-20T10:18:07.387Z","operation":"ToolRegistry.registerTool","msg":"Tool 'git_remote' registered successfully."}
{"level":20,"time":1771582687387,"env":"development","version":"2.8.4","pid":32484,"toolName":"git_reset","requestId":"5RALO-D0009","timestamp":"2026-02-20T10:18:07.387Z","operation":"ToolRegistry.registerTool","msg":"Registering tool: 'git_reset'"}
{"level":30,"time":1771582687387,"env":"development","version":"2.8.4","pid":32484,"toolName":"git_reset","requestId":"5RALO-D0009","timestamp":"2026-02-20T10:18:07.387Z","operation":"ToolRegistry.registerTool","msg":"Tool 'git_reset' registered successfully."}
{"level":20,"time":1771582687387,"env":"development","version":"2.8.4","pid":32484,"toolName":"git_set_working_dir","requestId":"1UK0C-2MZB1","timestamp":"2026-02-20T10:18:07.387Z","operation":"ToolRegistry.registerTool","msg":"Registering tool: 'git_set_working_dir'"}
{"level":30,"time":1771582687387,"env":"development","version":"2.8.4","pid":32484,"toolName":"git_set_working_dir","requestId":"1UK0C-2MZB1","timestamp":"2026-02-20T10:18:07.387Z","operation":"ToolRegistry.registerTool","msg":"Tool 'git_set_working_dir' registered successfully."}
{"level":20,"time":1771582687387,"env":"development","version":"2.8.4","pid":32484,"toolName":"git_show","requestId":"AX3RO-LT0OX","timestamp":"2026-02-20T10:18:07.387Z","operation":"ToolRegistry.registerTool","msg":"Registering tool: 'git_show'"}
{"level":30,"time":1771582687387,"env":"development","version":"2.8.4","pid":32484,"toolName":"git_show","requestId":"AX3RO-LT0OX","timestamp":"2026-02-20T10:18:07.387Z","operation":"ToolRegistry.registerTool","msg":"Tool 'git_show' registered successfully."}
{"level":20,"time":1771582687387,"env":"development","version":"2.8.4","pid":32484,"toolName":"git_stash","requestId":"KM8RG-CO0F1","timestamp":"2026-02-20T10:18:07.387Z","operation":"ToolRegistry.registerTool","msg":"Registering tool: 'git_stash'"}
{"level":30,"time":1771582687387,"env":"development","version":"2.8.4","pid":32484,"toolName":"git_stash","requestId":"KM8RG-CO0F1","timestamp":"2026-02-20T10:18:07.387Z","operation":"ToolRegistry.registerTool","msg":"Tool 'git_stash' registered successfully."}
{"level":20,"time":1771582687387,"env":"development","version":"2.8.4","pid":32484,"toolName":"git_status","requestId":"7HCUG-PBIIQ","timestamp":"2026-02-20T10:18:07.387Z","operation":"ToolRegistry.registerTool","msg":"Registering tool: 'git_status'"}
{"level":30,"time":1771582687387,"env":"development","version":"2.8.4","pid":32484,"toolName":"git_status","requestId":"7HCUG-PBIIQ","timestamp":"2026-02-20T10:18:07.387Z","operation":"ToolRegistry.registerTool","msg":"Tool 'git_status' registered successfully."}
{"level":20,"time":1771582687387,"env":"development","version":"2.8.4","pid":32484,"toolName":"git_tag","requestId":"U81PC-E6KX2","timestamp":"2026-02-20T10:18:07.387Z","operation":"ToolRegistry.registerTool","msg":"Registering tool: 'git_tag'"}
{"level":30,"time":1771582687387,"env":"development","version":"2.8.4","pid":32484,"toolName":"git_tag","requestId":"U81PC-E6KX2","timestamp":"2026-02-20T10:18:07.387Z","operation":"ToolRegistry.registerTool","msg":"Tool 'git_tag' registered successfully."}
{"level":20,"time":1771582687387,"env":"development","version":"2.8.4","pid":32484,"toolName":"git_worktree","requestId":"526HW-OEYLW","timestamp":"2026-02-20T10:18:07.387Z","operation":"ToolRegistry.registerTool","msg":"Registering tool: 'git_worktree'"}
{"level":30,"time":1771582687387,"env":"development","version":"2.8.4","pid":32484,"toolName":"git_worktree","requestId":"526HW-OEYLW","timestamp":"2026-02-20T10:18:07.387Z","operation":"ToolRegistry.registerTool","msg":"Tool 'git_worktree' registered successfully."}
{"level":20,"time":1771582687387,"env":"development","version":"2.8.4","pid":32484,"toolName":"git_wrapup_instructions","requestId":"1I8WY-YER1T","timestamp":"2026-02-20T10:18:07.387Z","operation":"ToolRegistry.registerTool","msg":"Registering tool: 'git_wrapup_instructions'"}
{"level":30,"time":1771582687387,"env":"development","version":"2.8.4","pid":32484,"toolName":"git_wrapup_instructions","requestId":"1I8WY-YER1T","timestamp":"2026-02-20T10:18:07.387Z","operation":"ToolRegistry.registerTool","msg":"Tool 'git_wrapup_instructions' registered successfully."}
{"level":30,"time":1771582687387,"env":"development","version":"2.8.4","pid":32484,"requestId":"VF09I-KEVUG","timestamp":"2026-02-20T10:18:07.387Z","operation":"ResourceRegistry.registerAll","msg":"Registering 1 resource(s)..."}
{"level":30,"time":1771582687387,"env":"development","version":"2.8.4","pid":32484,"requestId":"VEEDC-H4ILK","timestamp":"2026-02-20T10:18:07.387Z","resourceName":"git-working-directory","operation":"RegisterResource","msg":"Registering resource: 'git-working-directory'"}
{"level":30,"time":1771582687388,"env":"development","version":"2.8.4","pid":32484,"requestId":"VEEDC-H4ILK","timestamp":"2026-02-20T10:18:07.387Z","resourceName":"git-working-directory","operation":"RegisterResource","msg":"Resource 'git-working-directory' registered successfully."}
{"level":20,"time":1771582687388,"env":"development","version":"2.8.4","pid":32484,"requestId":"MFOZK-S3SCM","timestamp":"2026-02-20T10:18:07.388Z","operation":"PromptRegistry.registerAll","msg":"Registering 1 prompts..."}
{"level":20,"time":1771582687388,"env":"development","version":"2.8.4","pid":32484,"requestId":"MFOZK-S3SCM","timestamp":"2026-02-20T10:18:07.388Z","operation":"PromptRegistry.registerAll","msg":"Registering prompt: git_wrapup"}
{"level":30,"time":1771582687389,"env":"development","version":"2.8.4","pid":32484,"requestId":"MFOZK-S3SCM","timestamp":"2026-02-20T10:18:07.388Z","operation":"PromptRegistry.registerAll","msg":"Registered prompt: git_wrapup"}
{"level":30,"time":1771582687389,"env":"development","version":"2.8.4","pid":32484,"requestId":"MFOZK-S3SCM","timestamp":"2026-02-20T10:18:07.388Z","operation":"PromptRegistry.registerAll","msg":"Successfully registered 1 prompts"}
{"level":30,"time":1771582687389,"env":"development","version":"2.8.4","pid":32484,"requestId":"7WHY3-QYMOX","timestamp":"2026-02-20T10:18:07.380Z","operation":"createMcpServerInstance","msg":"All MCP capabilities registered successfully"}
{"level":30,"time":1771582687389,"env":"development","version":"2.8.4","pid":32484,"transport":"stdio","requestId":"6RBCM-7MWM9","timestamp":"2026-02-20T10:18:07.380Z","operation":"connectStdioTransport","transportType":"Stdio","msg":"Attempting to connect stdio transport..."}
{"level":20,"time":1771582687389,"env":"development","version":"2.8.4","pid":32484,"transport":"stdio","requestId":"6RBCM-7MWM9","timestamp":"2026-02-20T10:18:07.380Z","operation":"connectStdioTransport","transportType":"Stdio","msg":"Creating StdioServerTransport instance..."}
{"level":20,"time":1771582687389,"env":"development","version":"2.8.4","pid":32484,"transport":"stdio","requestId":"6RBCM-7MWM9","timestamp":"2026-02-20T10:18:07.380Z","operation":"connectStdioTransport","transportType":"Stdio","msg":"Connecting McpServer instance to StdioServerTransport..."}
{"level":30,"time":1771582687389,"env":"development","version":"2.8.4","pid":32484,"transport":"stdio","requestId":"6RBCM-7MWM9","timestamp":"2026-02-20T10:18:07.380Z","operation":"connectStdioTransport","transportType":"Stdio","msg":"MCP Server connected and listening via stdio transport."}
{"level":30,"time":1771582687389,"env":"development","version":"2.8.4","pid":32484,"applicationName":"@cyanheads/git-mcp-server","applicationVersion":"2.8.4","nodeEnvironment":"development","requestId":"03OPI-PJ240","timestamp":"2026-02-20T10:18:07.380Z","operation":"ServerStartup","msg":"@cyanheads/git-mcp-server is now running and ready."}
{"level":60,"time":1771582687404,"env":"development","version":"2.8.4","pid":32484,"applicationName":"@cyanheads/git-mcp-server","applicationVersion":"2.8.4","nodeEnvironment":"development","requestId":"03OPI-PJ240","timestamp":"2026-02-20T10:18:07.380Z","operation":"ServerStartup","err":{"type":"Object","message":"EPIPE: broken pipe, write","stack":"Error: EPIPE: broken pipe, write\n    at Socket._write (node:internal/net:75:18)\n    at writeOrBuffer (node:internal/streams/writable:570:12)\n    at _write (node:internal/streams/writable:499:10)\n    at Writable.write (node:internal/streams/writable:508:10)\n    at file:///C:/Users/cotal/AppData/Local/npm-cache/_npx/28a7655f837f2293/node_modules/@cyanheads/git-mcp-server/dist/index.js:202499:24\n    at new Promise (<anonymous>)\n    at StdioServerTransport.send (file:///C:/Users/cotal/AppData/Local/npm-cache/_npx/28a7655f837f2293/node_modules/@cyanheads/git-mcp-server/dist/index.js:202497:12)\n    at Promise.resolve.then.then.then.errorResponse.jsonrpc (file:///C:/Users/cotal/AppData/Local/npm-cache/_npx/28a7655f837f2293/node_modules/@cyanheads/git-mcp-server/dist/index.js:191611:34)\n    at process.processTicksAndRejections (node:internal/process/task_queues:104:5)","errno":-4047,"syscall":"write","code":"EPIPE"},"msg":"FATAL: Uncaught exception detected."}
{"level":30,"time":1771582687459,"env":"development","version":"2.8.4","pid":32484,"triggerEvent":"uncaughtException","requestId":"DGILC-6CYXR","timestamp":"2026-02-20T10:18:07.459Z","operation":"ServerShutdown","msg":"Received uncaughtException. Initiating graceful shutdown..."}
{"level":30,"time":1771582687460,"env":"development","version":"2.8.4","pid":32484,"signal":"uncaughtException","requestId":"7CX2S-R4D3G","timestamp":"2026-02-20T10:18:07.459Z","operation":"stopStdioTransport","transportType":"Stdio","msg":"Attempting to stop stdio transport..."}
{"level":30,"time":1771582687460,"env":"development","version":"2.8.4","pid":32484,"signal":"uncaughtException","requestId":"7CX2S-R4D3G","timestamp":"2026-02-20T10:18:07.459Z","operation":"stopStdioTransport","transportType":"Stdio","msg":"Stdio transport stopped successfully."}
{"level":30,"time":1771582687460,"env":"development","version":"2.8.4","pid":32484,"triggerEvent":"uncaughtException","requestId":"DGILC-6CYXR","timestamp":"2026-02-20T10:18:07.459Z","operation":"ServerShutdown","msg":"Graceful shutdown completed successfully. Exiting."}
{"level":30,"time":1771582687460,"env":"development","version":"2.8.4","pid":32484,"requestId":"U5I27-AG6WS","timestamp":"2026-02-20T10:18:07.460Z","operation":"loggerClose","msg":"Logger shutting down."}
{"level":30,"time":1771588785688,"env":"development","version":"2.8.4","pid":46768,"requestId":"7UA9R-OV32J","timestamp":"2026-02-20T11:59:45.686Z","operation":"loggerInit","msg":"Logger initialized. MCP level: debug."}
{"level":30,"time":1771588785689,"env":"development","version":"2.8.4","pid":46768,"requestId":"35HAP-1JGLL","timestamp":"2026-02-20T11:59:45.689Z","operation":"LoggerInit","msg":"Logger initialized. Effective MCP logging level: debug."}
{"level":30,"time":1771588785689,"env":"development","version":"2.8.4","pid":46768,"runtime":"node","runtimeVersion":"Node.js 25.6.1","requestId":"CCHCS-PYOV1","timestamp":"2026-02-20T11:59:45.689Z","operation":"RuntimeDetection","msg":"Runtime detected: Node.js 25.6.1"}
{"level":30,"time":1771588785689,"env":"development","version":"2.8.4","pid":46768,"requestId":"TPPO5-4FD75","timestamp":"2026-02-20T11:59:45.689Z","operation":"StorageInit","msg":"Storage service initialized with provider: in-memory"}
{"level":30,"time":1771588785689,"env":"development","version":"2.8.4","pid":46768,"applicationName":"@cyanheads/git-mcp-server","applicationVersion":"2.8.4","nodeEnvironment":"development","requestId":"14D0K-VVKIR","timestamp":"2026-02-20T11:59:45.689Z","operation":"ServerStartup","msg":"Starting @cyanheads/git-mcp-server (v2.8.4)..."}
{"level":30,"time":1771588785689,"env":"development","version":"2.8.4","pid":46768,"transport":"stdio","requestId":"3LB4I-JKEM5","timestamp":"2026-02-20T11:59:45.689Z","operation":"TransportManager.start","msg":"Starting transport: stdio"}
{"level":30,"time":1771588785690,"env":"development","version":"2.8.4","pid":46768,"requestId":"P8VVN-BO4XY","timestamp":"2026-02-20T11:59:45.690Z","operation":"createMcpServerInstance","msg":"Initializing MCP server instance"}
{"level":20,"time":1771588785690,"env":"development","version":"2.8.4","pid":46768,"requestId":"XVYOA-45O44","timestamp":"2026-02-20T11:59:45.690Z","newConfigState":{"appName":"@cyanheads/git-mcp-server","appVersion":"2.8.4","environment":"development"},"operation":"RequestContextService.configure","msg":"RequestContextService configuration updated"}
{"level":20,"time":1771588785693,"env":"development","version":"2.8.4","pid":46768,"requestId":"P8VVN-BO4XY","timestamp":"2026-02-20T11:59:45.690Z","operation":"createMcpServerInstance","msg":"Registering all MCP capabilities via registries..."}
{"level":30,"time":1771588785693,"env":"development","version":"2.8.4","pid":46768,"requestId":"NXEHR-7Y1D1","timestamp":"2026-02-20T11:59:45.693Z","operation":"ToolRegistry.registerAll","msg":"Registering 28 tool(s)..."}
{"level":20,"time":1771588785693,"env":"development","version":"2.8.4","pid":46768,"toolName":"git_add","requestId":"9USWD-7C6EH","timestamp":"2026-02-20T11:59:45.693Z","operation":"ToolRegistry.registerTool","msg":"Registering tool: 'git_add'"}
{"level":30,"time":1771588785694,"env":"development","version":"2.8.4","pid":46768,"toolName":"git_add","requestId":"9USWD-7C6EH","timestamp":"2026-02-20T11:59:45.693Z","operation":"ToolRegistry.registerTool","msg":"Tool 'git_add' registered successfully."}
{"level":20,"time":1771588785694,"env":"development","version":"2.8.4","pid":46768,"toolName":"git_blame","requestId":"JF06A-IWTLA","timestamp":"2026-02-20T11:59:45.694Z","operation":"ToolRegistry.registerTool","msg":"Registering tool: 'git_blame'"}
{"level":30,"time":1771588785694,"env":"development","version":"2.8.4","pid":46768,"toolName":"git_blame","requestId":"JF06A-IWTLA","timestamp":"2026-02-20T11:59:45.694Z","operation":"ToolRegistry.registerTool","msg":"Tool 'git_blame' registered successfully."}
{"level":20,"time":1771588785694,"env":"development","version":"2.8.4","pid":46768,"toolName":"git_branch","requestId":"H2UME-I17XP","timestamp":"2026-02-20T11:59:45.694Z","operation":"ToolRegistry.registerTool","msg":"Registering tool: 'git_branch'"}
{"level":30,"time":1771588785694,"env":"development","version":"2.8.4","pid":46768,"toolName":"git_branch","requestId":"H2UME-I17XP","timestamp":"2026-02-20T11:59:45.694Z","operation":"ToolRegistry.registerTool","msg":"Tool 'git_branch' registered successfully."}
{"level":20,"time":1771588785694,"env":"development","version":"2.8.4","pid":46768,"toolName":"git_changelog_analyze","requestId":"BUEL8-ORIK7","timestamp":"2026-02-20T11:59:45.694Z","operation":"ToolRegistry.registerTool","msg":"Registering tool: 'git_changelog_analyze'"}
{"level":30,"time":1771588785694,"env":"development","version":"2.8.4","pid":46768,"toolName":"git_changelog_analyze","requestId":"BUEL8-ORIK7","timestamp":"2026-02-20T11:59:45.694Z","operation":"ToolRegistry.registerTool","msg":"Tool 'git_changelog_analyze' registered successfully."}
{"level":20,"time":1771588785694,"env":"development","version":"2.8.4","pid":46768,"toolName":"git_checkout","requestId":"OOEGR-PNRY2","timestamp":"2026-02-20T11:59:45.694Z","operation":"ToolRegistry.registerTool","msg":"Registering tool: 'git_checkout'"}
{"level":30,"time":1771588785694,"env":"development","version":"2.8.4","pid":46768,"toolName":"git_checkout","requestId":"OOEGR-PNRY2","timestamp":"2026-02-20T11:59:45.694Z","operation":"ToolRegistry.registerTool","msg":"Tool 'git_checkout' registered successfully."}
{"level":20,"time":1771588785694,"env":"development","version":"2.8.4","pid":46768,"toolName":"git_cherry_pick","requestId":"CMIM8-I2DEW","timestamp":"2026-02-20T11:59:45.694Z","operation":"ToolRegistry.registerTool","msg":"Registering tool: 'git_cherry_pick'"}
{"level":30,"time":1771588785694,"env":"development","version":"2.8.4","pid":46768,"toolName":"git_cherry_pick","requestId":"CMIM8-I2DEW","timestamp":"2026-02-20T11:59:45.694Z","operation":"ToolRegistry.registerTool","msg":"Tool 'git_cherry_pick' registered successfully."}
{"level":20,"time":1771588785694,"env":"development","version":"2.8.4","pid":46768,"toolName":"git_clean","requestId":"VKUTO-LQX25","timestamp":"2026-02-20T11:59:45.694Z","operation":"ToolRegistry.registerTool","msg":"Registering tool: 'git_clean'"}
{"level":30,"time":1771588785694,"env":"development","version":"2.8.4","pid":46768,"toolName":"git_clean","requestId":"VKUTO-LQX25","timestamp":"2026-02-20T11:59:45.694Z","operation":"ToolRegistry.registerTool","msg":"Tool 'git_clean' registered successfully."}
{"level":20,"time":1771588785694,"env":"development","version":"2.8.4","pid":46768,"toolName":"git_clear_working_dir","requestId":"L2O62-V437X","timestamp":"2026-02-20T11:59:45.694Z","operation":"ToolRegistry.registerTool","msg":"Registering tool: 'git_clear_working_dir'"}
{"level":30,"time":1771588785694,"env":"development","version":"2.8.4","pid":46768,"toolName":"git_clear_working_dir","requestId":"L2O62-V437X","timestamp":"2026-02-20T11:59:45.694Z","operation":"ToolRegistry.registerTool","msg":"Tool 'git_clear_working_dir' registered successfully."}
{"level":20,"time":1771588785694,"env":"development","version":"2.8.4","pid":46768,"toolName":"git_clone","requestId":"779N3-A72IV","timestamp":"2026-02-20T11:59:45.694Z","operation":"ToolRegistry.registerTool","msg":"Registering tool: 'git_clone'"}
{"level":30,"time":1771588785694,"env":"development","version":"2.8.4","pid":46768,"toolName":"git_clone","requestId":"779N3-A72IV","timestamp":"2026-02-20T11:59:45.694Z","operation":"ToolRegistry.registerTool","msg":"Tool 'git_clone' registered successfully."}
{"level":20,"time":1771588785694,"env":"development","version":"2.8.4","pid":46768,"toolName":"git_commit","requestId":"3SYZW-D1QEO","timestamp":"2026-02-20T11:59:45.694Z","operation":"ToolRegistry.registerTool","msg":"Registering tool: 'git_commit'"}
{"level":30,"time":1771588785694,"env":"development","version":"2.8.4","pid":46768,"toolName":"git_commit","requestId":"3SYZW-D1QEO","timestamp":"2026-02-20T11:59:45.694Z","operation":"ToolRegistry.registerTool","msg":"Tool 'git_commit' registered successfully."}
{"level":20,"time":1771588785694,"env":"development","version":"2.8.4","pid":46768,"toolName":"git_diff","requestId":"FGC64-Q3S1B","timestamp":"2026-02-20T11:59:45.694Z","operation":"ToolRegistry.registerTool","msg":"Registering tool: 'git_diff'"}
{"level":30,"time":1771588785695,"env":"development","version":"2.8.4","pid":46768,"toolName":"git_diff","requestId":"FGC64-Q3S1B","timestamp":"2026-02-20T11:59:45.694Z","operation":"ToolRegistry.registerTool","msg":"Tool 'git_diff' registered successfully."}
{"level":20,"time":1771588785695,"env":"development","version":"2.8.4","pid":46768,"toolName":"git_fetch","requestId":"AO992-CHMWE","timestamp":"2026-02-20T11:59:45.695Z","operation":"ToolRegistry.registerTool","msg":"Registering tool: 'git_fetch'"}
{"level":30,"time":1771588785695,"env":"development","version":"2.8.4","pid":46768,"toolName":"git_fetch","requestId":"AO992-CHMWE","timestamp":"2026-02-20T11:59:45.695Z","operation":"ToolRegistry.registerTool","msg":"Tool 'git_fetch' registered successfully."}
{"level":20,"time":1771588785695,"env":"development","version":"2.8.4","pid":46768,"toolName":"git_init","requestId":"0X8SR-FLB8O","timestamp":"2026-02-20T11:59:45.695Z","operation":"ToolRegistry.registerTool","msg":"Registering tool: 'git_init'"}
{"level":30,"time":1771588785695,"env":"development","version":"2.8.4","pid":46768,"toolName":"git_init","requestId":"0X8SR-FLB8O","timestamp":"2026-02-20T11:59:45.695Z","operation":"ToolRegistry.registerTool","msg":"Tool 'git_init' registered successfully."}
{"level":20,"time":1771588785695,"env":"development","version":"2.8.4","pid":46768,"toolName":"git_log","requestId":"PUN71-PG634","timestamp":"2026-02-20T11:59:45.695Z","operation":"ToolRegistry.registerTool","msg":"Registering tool: 'git_log'"}
{"level":30,"time":1771588785695,"env":"development","version":"2.8.4","pid":46768,"toolName":"git_log","requestId":"PUN71-PG634","timestamp":"2026-02-20T11:59:45.695Z","operation":"ToolRegistry.registerTool","msg":"Tool 'git_log' registered successfully."}
{"level":20,"time":1771588785695,"env":"development","version":"2.8.4","pid":46768,"toolName":"git_merge","requestId":"6IEVN-36H6R","timestamp":"2026-02-20T11:59:45.695Z","operation":"ToolRegistry.registerTool","msg":"Registering tool: 'git_merge'"}
{"level":30,"time":1771588785695,"env":"development","version":"2.8.4","pid":46768,"toolName":"git_merge","requestId":"6IEVN-36H6R","timestamp":"2026-02-20T11:59:45.695Z","operation":"ToolRegistry.registerTool","msg":"Tool 'git_merge' registered successfully."}
{"level":20,"time":1771588785695,"env":"development","version":"2.8.4","pid":46768,"toolName":"git_pull","requestId":"FWSEW-6BI3Q","timestamp":"2026-02-20T11:59:45.695Z","operation":"ToolRegistry.registerTool","msg":"Registering tool: 'git_pull'"}
{"level":30,"time":1771588785695,"env":"development","version":"2.8.4","pid":46768,"toolName":"git_pull","requestId":"FWSEW-6BI3Q","timestamp":"2026-02-20T11:59:45.695Z","operation":"ToolRegistry.registerTool","msg":"Tool 'git_pull' registered successfully."}
{"level":20,"time":1771588785695,"env":"development","version":"2.8.4","pid":46768,"toolName":"git_push","requestId":"8KUA5-RLB46","timestamp":"2026-02-20T11:59:45.695Z","operation":"ToolRegistry.registerTool","msg":"Registering tool: 'git_push'"}
{"level":30,"time":1771588785695,"env":"development","version":"2.8.4","pid":46768,"toolName":"git_push","requestId":"8KUA5-RLB46","timestamp":"2026-02-20T11:59:45.695Z","operation":"ToolRegistry.registerTool","msg":"Tool 'git_push' registered successfully."}
{"level":20,"time":1771588785695,"env":"development","version":"2.8.4","pid":46768,"toolName":"git_rebase","requestId":"V9EVT-NUMK5","timestamp":"2026-02-20T11:59:45.695Z","operation":"ToolRegistry.registerTool","msg":"Registering tool: 'git_rebase'"}
{"level":30,"time":1771588785695,"env":"development","version":"2.8.4","pid":46768,"toolName":"git_rebase","requestId":"V9EVT-NUMK5","timestamp":"2026-02-20T11:59:45.695Z","operation":"ToolRegistry.registerTool","msg":"Tool 'git_rebase' registered successfully."}
{"level":20,"time":1771588785695,"env":"development","version":"2.8.4","pid":46768,"toolName":"git_reflog","requestId":"APKMP-2ZXD4","timestamp":"2026-02-20T11:59:45.695Z","operation":"ToolRegistry.registerTool","msg":"Registering tool: 'git_reflog'"}
{"level":30,"time":1771588785695,"env":"development","version":"2.8.4","pid":46768,"toolName":"git_reflog","requestId":"APKMP-2ZXD4","timestamp":"2026-02-20T11:59:45.695Z","operation":"ToolRegistry.registerTool","msg":"Tool 'git_reflog' registered successfully."}
{"level":20,"time":1771588785695,"env":"development","version":"2.8.4","pid":46768,"toolName":"git_remote","requestId":"P6R35-FZVSE","timestamp":"2026-02-20T11:59:45.695Z","operation":"ToolRegistry.registerTool","msg":"Registering tool: 'git_remote'"}
{"level":30,"time":1771588785695,"env":"development","version":"2.8.4","pid":46768,"toolName":"git_remote","requestId":"P6R35-FZVSE","timestamp":"2026-02-20T11:59:45.695Z","operation":"ToolRegistry.registerTool","msg":"Tool 'git_remote' registered successfully."}
{"level":20,"time":1771588785695,"env":"development","version":"2.8.4","pid":46768,"toolName":"git_reset","requestId":"JD0M9-PLPNR","timestamp":"2026-02-20T11:59:45.695Z","operation":"ToolRegistry.registerTool","msg":"Registering tool: 'git_reset'"}
{"level":30,"time":1771588785695,"env":"development","version":"2.8.4","pid":46768,"toolName":"git_reset","requestId":"JD0M9-PLPNR","timestamp":"2026-02-20T11:59:45.695Z","operation":"ToolRegistry.registerTool","msg":"Tool 'git_reset' registered successfully."}
{"level":20,"time":1771588785695,"env":"development","version":"2.8.4","pid":46768,"toolName":"git_set_working_dir","requestId":"VJIQ5-YT5H9","timestamp":"2026-02-20T11:59:45.695Z","operation":"ToolRegistry.registerTool","msg":"Registering tool: 'git_set_working_dir'"}
{"level":30,"time":1771588785695,"env":"development","version":"2.8.4","pid":46768,"toolName":"git_set_working_dir","requestId":"VJIQ5-YT5H9","timestamp":"2026-02-20T11:59:45.695Z","operation":"ToolRegistry.registerTool","msg":"Tool 'git_set_working_dir' registered successfully."}
{"level":20,"time":1771588785695,"env":"development","version":"2.8.4","pid":46768,"toolName":"git_show","requestId":"2EXNE-6XCQH","timestamp":"2026-02-20T11:59:45.695Z","operation":"ToolRegistry.registerTool","msg":"Registering tool: 'git_show'"}
{"level":30,"time":1771588785695,"env":"development","version":"2.8.4","pid":46768,"toolName":"git_show","requestId":"2EXNE-6XCQH","timestamp":"2026-02-20T11:59:45.695Z","operation":"ToolRegistry.registerTool","msg":"Tool 'git_show' registered successfully."}
{"level":20,"time":1771588785695,"env":"development","version":"2.8.4","pid":46768,"toolName":"git_stash","requestId":"OP46T-3TQTW","timestamp":"2026-02-20T11:59:45.695Z","operation":"ToolRegistry.registerTool","msg":"Registering tool: 'git_stash'"}
{"level":30,"time":1771588785695,"env":"development","version":"2.8.4","pid":46768,"toolName":"git_stash","requestId":"OP46T-3TQTW","timestamp":"2026-02-20T11:59:45.695Z","operation":"ToolRegistry.registerTool","msg":"Tool 'git_stash' registered successfully."}
{"level":20,"time":1771588785695,"env":"development","version":"2.8.4","pid":46768,"toolName":"git_status","requestId":"IQR27-4O68E","timestamp":"2026-02-20T11:59:45.695Z","operation":"ToolRegistry.registerTool","msg":"Registering tool: 'git_status'"}
{"level":30,"time":1771588785695,"env":"development","version":"2.8.4","pid":46768,"toolName":"git_status","requestId":"IQR27-4O68E","timestamp":"2026-02-20T11:59:45.695Z","operation":"ToolRegistry.registerTool","msg":"Tool 'git_status' registered successfully."}
{"level":20,"time":1771588785695,"env":"development","version":"2.8.4","pid":46768,"toolName":"git_tag","requestId":"4AYY2-M05VX","timestamp":"2026-02-20T11:59:45.695Z","operation":"ToolRegistry.registerTool","msg":"Registering tool: 'git_tag'"}
{"level":30,"time":1771588785695,"env":"development","version":"2.8.4","pid":46768,"toolName":"git_tag","requestId":"4AYY2-M05VX","timestamp":"2026-02-20T11:59:45.695Z","operation":"ToolRegistry.registerTool","msg":"Tool 'git_tag' registered successfully."}
{"level":20,"time":1771588785695,"env":"development","version":"2.8.4","pid":46768,"toolName":"git_worktree","requestId":"LZDCB-0U2JR","timestamp":"2026-02-20T11:59:45.695Z","operation":"ToolRegistry.registerTool","msg":"Registering tool: 'git_worktree'"}
{"level":30,"time":1771588785695,"env":"development","version":"2.8.4","pid":46768,"toolName":"git_worktree","requestId":"LZDCB-0U2JR","timestamp":"2026-02-20T11:59:45.695Z","operation":"ToolRegistry.registerTool","msg":"Tool 'git_worktree' registered successfully."}
{"level":20,"time":1771588785695,"env":"development","version":"2.8.4","pid":46768,"toolName":"git_wrapup_instructions","requestId":"TWTUE-UDRXD","timestamp":"2026-02-20T11:59:45.695Z","operation":"ToolRegistry.registerTool","msg":"Registering tool: 'git_wrapup_instructions'"}
{"level":30,"time":1771588785695,"env":"development","version":"2.8.4","pid":46768,"toolName":"git_wrapup_instructions","requestId":"TWTUE-UDRXD","timestamp":"2026-02-20T11:59:45.695Z","operation":"ToolRegistry.registerTool","msg":"Tool 'git_wrapup_instructions' registered successfully."}
{"level":30,"time":1771588785695,"env":"development","version":"2.8.4","pid":46768,"requestId":"M1593-19PVE","timestamp":"2026-02-20T11:59:45.695Z","operation":"ResourceRegistry.registerAll","msg":"Registering 1 resource(s)..."}
{"level":30,"time":1771588785695,"env":"development","version":"2.8.4","pid":46768,"requestId":"6MKJ3-TRH3G","timestamp":"2026-02-20T11:59:45.695Z","resourceName":"git-working-directory","operation":"RegisterResource","msg":"Registering resource: 'git-working-directory'"}
{"level":30,"time":1771588785696,"env":"development","version":"2.8.4","pid":46768,"requestId":"6MKJ3-TRH3G","timestamp":"2026-02-20T11:59:45.695Z","resourceName":"git-working-directory","operation":"RegisterResource","msg":"Resource 'git-working-directory' registered successfully."}
{"level":20,"time":1771588785696,"env":"development","version":"2.8.4","pid":46768,"requestId":"KCI8L-1A4FB","timestamp":"2026-02-20T11:59:45.696Z","operation":"PromptRegistry.registerAll","msg":"Registering 1 prompts..."}
{"level":20,"time":1771588785696,"env":"development","version":"2.8.4","pid":46768,"requestId":"KCI8L-1A4FB","timestamp":"2026-02-20T11:59:45.696Z","operation":"PromptRegistry.registerAll","msg":"Registering prompt: git_wrapup"}
{"level":30,"time":1771588785696,"env":"development","version":"2.8.4","pid":46768,"requestId":"KCI8L-1A4FB","timestamp":"2026-02-20T11:59:45.696Z","operation":"PromptRegistry.registerAll","msg":"Registered prompt: git_wrapup"}
{"level":30,"time":1771588785696,"env":"development","version":"2.8.4","pid":46768,"requestId":"KCI8L-1A4FB","timestamp":"2026-02-20T11:59:45.696Z","operation":"PromptRegistry.registerAll","msg":"Successfully registered 1 prompts"}
{"level":30,"time":1771588785696,"env":"development","version":"2.8.4","pid":46768,"requestId":"P8VVN-BO4XY","timestamp":"2026-02-20T11:59:45.690Z","operation":"createMcpServerInstance","msg":"All MCP capabilities registered successfully"}
{"level":30,"time":1771588785697,"env":"development","version":"2.8.4","pid":46768,"transport":"stdio","requestId":"3LB4I-JKEM5","timestamp":"2026-02-20T11:59:45.689Z","operation":"connectStdioTransport","transportType":"Stdio","msg":"Attempting to connect stdio transport..."}
{"level":20,"time":1771588785697,"env":"development","version":"2.8.4","pid":46768,"transport":"stdio","requestId":"3LB4I-JKEM5","timestamp":"2026-02-20T11:59:45.689Z","operation":"connectStdioTransport","transportType":"Stdio","msg":"Creating StdioServerTransport instance..."}
{"level":20,"time":1771588785697,"env":"development","version":"2.8.4","pid":46768,"transport":"stdio","requestId":"3LB4I-JKEM5","timestamp":"2026-02-20T11:59:45.689Z","operation":"connectStdioTransport","transportType":"Stdio","msg":"Connecting McpServer instance to StdioServerTransport..."}
{"level":30,"time":1771588785697,"env":"development","version":"2.8.4","pid":46768,"transport":"stdio","requestId":"3LB4I-JKEM5","timestamp":"2026-02-20T11:59:45.689Z","operation":"connectStdioTransport","transportType":"Stdio","msg":"MCP Server connected and listening via stdio transport."}
{"level":30,"time":1771588785697,"env":"development","version":"2.8.4","pid":46768,"applicationName":"@cyanheads/git-mcp-server","applicationVersion":"2.8.4","nodeEnvironment":"development","requestId":"14D0K-VVKIR","timestamp":"2026-02-20T11:59:45.689Z","operation":"ServerStartup","msg":"@cyanheads/git-mcp-server is now running and ready."}
{"level":30,"time":1771832669347,"env":"development","version":"2.8.4","pid":38648,"requestId":"ET57I-M4VMA","timestamp":"2026-02-23T07:44:29.345Z","operation":"loggerInit","msg":"Logger initialized. MCP level: debug."}
{"level":30,"time":1771832669348,"env":"development","version":"2.8.4","pid":38648,"requestId":"U0DOW-1036H","timestamp":"2026-02-23T07:44:29.348Z","operation":"LoggerInit","msg":"Logger initialized. Effective MCP logging level: debug."}
{"level":30,"time":1771832669348,"env":"development","version":"2.8.4","pid":38648,"runtime":"node","runtimeVersion":"Node.js 25.6.1","requestId":"54UTS-HDHU6","timestamp":"2026-02-23T07:44:29.348Z","operation":"RuntimeDetection","msg":"Runtime detected: Node.js 25.6.1"}
{"level":30,"time":1771832669348,"env":"development","version":"2.8.4","pid":38648,"requestId":"ENKHG-27V8I","timestamp":"2026-02-23T07:44:29.348Z","operation":"StorageInit","msg":"Storage service initialized with provider: in-memory"}
{"level":30,"time":1771832669348,"env":"development","version":"2.8.4","pid":38648,"applicationName":"@cyanheads/git-mcp-server","applicationVersion":"2.8.4","nodeEnvironment":"development","requestId":"VHZC5-G0DBH","timestamp":"2026-02-23T07:44:29.348Z","operation":"ServerStartup","msg":"Starting @cyanheads/git-mcp-server (v2.8.4)..."}
{"level":30,"time":1771832669348,"env":"development","version":"2.8.4","pid":38648,"transport":"stdio","requestId":"LKBGV-ET1HO","timestamp":"2026-02-23T07:44:29.348Z","operation":"TransportManager.start","msg":"Starting transport: stdio"}
{"level":30,"time":1771832669349,"env":"development","version":"2.8.4","pid":38648,"requestId":"FZ5GX-C426T","timestamp":"2026-02-23T07:44:29.349Z","operation":"createMcpServerInstance","msg":"Initializing MCP server instance"}
{"level":20,"time":1771832669349,"env":"development","version":"2.8.4","pid":38648,"requestId":"KIH9N-YIDVK","timestamp":"2026-02-23T07:44:29.349Z","newConfigState":{"appName":"@cyanheads/git-mcp-server","appVersion":"2.8.4","environment":"development"},"operation":"RequestContextService.configure","msg":"RequestContextService configuration updated"}
{"level":20,"time":1771832669352,"env":"development","version":"2.8.4","pid":38648,"requestId":"FZ5GX-C426T","timestamp":"2026-02-23T07:44:29.349Z","operation":"createMcpServerInstance","msg":"Registering all MCP capabilities via registries..."}
{"level":30,"time":1771832669352,"env":"development","version":"2.8.4","pid":38648,"requestId":"I8TBU-2K9CO","timestamp":"2026-02-23T07:44:29.352Z","operation":"ToolRegistry.registerAll","msg":"Registering 28 tool(s)..."}
{"level":20,"time":1771832669352,"env":"development","version":"2.8.4","pid":38648,"toolName":"git_add","requestId":"UOUU5-MBQ91","timestamp":"2026-02-23T07:44:29.352Z","operation":"ToolRegistry.registerTool","msg":"Registering tool: 'git_add'"}
{"level":30,"time":1771832669353,"env":"development","version":"2.8.4","pid":38648,"toolName":"git_add","requestId":"UOUU5-MBQ91","timestamp":"2026-02-23T07:44:29.352Z","operation":"ToolRegistry.registerTool","msg":"Tool 'git_add' registered successfully."}
{"level":20,"time":1771832669353,"env":"development","version":"2.8.4","pid":38648,"toolName":"git_blame","requestId":"V61BV-V63J8","timestamp":"2026-02-23T07:44:29.353Z","operation":"ToolRegistry.registerTool","msg":"Registering tool: 'git_blame'"}
{"level":30,"time":1771832669353,"env":"development","version":"2.8.4","pid":38648,"toolName":"git_blame","requestId":"V61BV-V63J8","timestamp":"2026-02-23T07:44:29.353Z","operation":"ToolRegistry.registerTool","msg":"Tool 'git_blame' registered successfully."}
{"level":20,"time":1771832669353,"env":"development","version":"2.8.4","pid":38648,"toolName":"git_branch","requestId":"IPNTP-JIJC3","timestamp":"2026-02-23T07:44:29.353Z","operation":"ToolRegistry.registerTool","msg":"Registering tool: 'git_branch'"}
{"level":30,"time":1771832669353,"env":"development","version":"2.8.4","pid":38648,"toolName":"git_branch","requestId":"IPNTP-JIJC3","timestamp":"2026-02-23T07:44:29.353Z","operation":"ToolRegistry.registerTool","msg":"Tool 'git_branch' registered successfully."}
{"level":20,"time":1771832669353,"env":"development","version":"2.8.4","pid":38648,"toolName":"git_changelog_analyze","requestId":"AITVZ-L71QL","timestamp":"2026-02-23T07:44:29.353Z","operation":"ToolRegistry.registerTool","msg":"Registering tool: 'git_changelog_analyze'"}
{"level":30,"time":1771832669353,"env":"development","version":"2.8.4","pid":38648,"toolName":"git_changelog_analyze","requestId":"AITVZ-L71QL","timestamp":"2026-02-23T07:44:29.353Z","operation":"ToolRegistry.registerTool","msg":"Tool 'git_changelog_analyze' registered successfully."}
{"level":20,"time":1771832669353,"env":"development","version":"2.8.4","pid":38648,"toolName":"git_checkout","requestId":"LYEO2-RQ000","timestamp":"2026-02-23T07:44:29.353Z","operation":"ToolRegistry.registerTool","msg":"Registering tool: 'git_checkout'"}
{"level":30,"time":1771832669353,"env":"development","version":"2.8.4","pid":38648,"toolName":"git_checkout","requestId":"LYEO2-RQ000","timestamp":"2026-02-23T07:44:29.353Z","operation":"ToolRegistry.registerTool","msg":"Tool 'git_checkout' registered successfully."}
{"level":20,"time":1771832669353,"env":"development","version":"2.8.4","pid":38648,"toolName":"git_cherry_pick","requestId":"R7HCM-HP3RF","timestamp":"2026-02-23T07:44:29.353Z","operation":"ToolRegistry.registerTool","msg":"Registering tool: 'git_cherry_pick'"}
{"level":30,"time":1771832669353,"env":"development","version":"2.8.4","pid":38648,"toolName":"git_cherry_pick","requestId":"R7HCM-HP3RF","timestamp":"2026-02-23T07:44:29.353Z","operation":"ToolRegistry.registerTool","msg":"Tool 'git_cherry_pick' registered successfully."}
{"level":20,"time":1771832669353,"env":"development","version":"2.8.4","pid":38648,"toolName":"git_clean","requestId":"LD8XZ-JM3PE","timestamp":"2026-02-23T07:44:29.353Z","operation":"ToolRegistry.registerTool","msg":"Registering tool: 'git_clean'"}
{"level":30,"time":1771832669353,"env":"development","version":"2.8.4","pid":38648,"toolName":"git_clean","requestId":"LD8XZ-JM3PE","timestamp":"2026-02-23T07:44:29.353Z","operation":"ToolRegistry.registerTool","msg":"Tool 'git_clean' registered successfully."}
{"level":20,"time":1771832669353,"env":"development","version":"2.8.4","pid":38648,"toolName":"git_clear_working_dir","requestId":"YFC6O-E7B32","timestamp":"2026-02-23T07:44:29.353Z","operation":"ToolRegistry.registerTool","msg":"Registering tool: 'git_clear_working_dir'"}
{"level":30,"time":1771832669353,"env":"development","version":"2.8.4","pid":38648,"toolName":"git_clear_working_dir","requestId":"YFC6O-E7B32","timestamp":"2026-02-23T07:44:29.353Z","operation":"ToolRegistry.registerTool","msg":"Tool 'git_clear_working_dir' registered successfully."}
{"level":20,"time":1771832669353,"env":"development","version":"2.8.4","pid":38648,"toolName":"git_clone","requestId":"X72LM-RH053","timestamp":"2026-02-23T07:44:29.353Z","operation":"ToolRegistry.registerTool","msg":"Registering tool: 'git_clone'"}
{"level":30,"time":1771832669354,"env":"development","version":"2.8.4","pid":38648,"toolName":"git_clone","requestId":"X72LM-RH053","timestamp":"2026-02-23T07:44:29.353Z","operation":"ToolRegistry.registerTool","msg":"Tool 'git_clone' registered successfully."}
{"level":20,"time":1771832669354,"env":"development","version":"2.8.4","pid":38648,"toolName":"git_commit","requestId":"1F574-JJHUY","timestamp":"2026-02-23T07:44:29.354Z","operation":"ToolRegistry.registerTool","msg":"Registering tool: 'git_commit'"}
{"level":30,"time":1771832669354,"env":"development","version":"2.8.4","pid":38648,"toolName":"git_commit","requestId":"1F574-JJHUY","timestamp":"2026-02-23T07:44:29.354Z","operation":"ToolRegistry.registerTool","msg":"Tool 'git_commit' registered successfully."}
{"level":20,"time":1771832669354,"env":"development","version":"2.8.4","pid":38648,"toolName":"git_diff","requestId":"7N120-WKN9O","timestamp":"2026-02-23T07:44:29.354Z","operation":"ToolRegistry.registerTool","msg":"Registering tool: 'git_diff'"}
{"level":30,"time":1771832669354,"env":"development","version":"2.8.4","pid":38648,"toolName":"git_diff","requestId":"7N120-WKN9O","timestamp":"2026-02-23T07:44:29.354Z","operation":"ToolRegistry.registerTool","msg":"Tool 'git_diff' registered successfully."}
{"level":20,"time":1771832669354,"env":"development","version":"2.8.4","pid":38648,"toolName":"git_fetch","requestId":"364FE-IU5TS","timestamp":"2026-02-23T07:44:29.354Z","operation":"ToolRegistry.registerTool","msg":"Registering tool: 'git_fetch'"}
{"level":30,"time":1771832669354,"env":"development","version":"2.8.4","pid":38648,"toolName":"git_fetch","requestId":"364FE-IU5TS","timestamp":"2026-02-23T07:44:29.354Z","operation":"ToolRegistry.registerTool","msg":"Tool 'git_fetch' registered successfully."}
{"level":20,"time":1771832669354,"env":"development","version":"2.8.4","pid":38648,"toolName":"git_init","requestId":"85TU4-YAKN2","timestamp":"2026-02-23T07:44:29.354Z","operation":"ToolRegistry.registerTool","msg":"Registering tool: 'git_init'"}
{"level":30,"time":1771832669354,"env":"development","version":"2.8.4","pid":38648,"toolName":"git_init","requestId":"85TU4-YAKN2","timestamp":"2026-02-23T07:44:29.354Z","operation":"ToolRegistry.registerTool","msg":"Tool 'git_init' registered successfully."}
{"level":20,"time":1771832669354,"env":"development","version":"2.8.4","pid":38648,"toolName":"git_log","requestId":"36TU4-O7D3L","timestamp":"2026-02-23T07:44:29.354Z","operation":"ToolRegistry.registerTool","msg":"Registering tool: 'git_log'"}
{"level":30,"time":1771832669354,"env":"development","version":"2.8.4","pid":38648,"toolName":"git_log","requestId":"36TU4-O7D3L","timestamp":"2026-02-23T07:44:29.354Z","operation":"ToolRegistry.registerTool","msg":"Tool 'git_log' registered successfully."}
{"level":20,"time":1771832669354,"env":"development","version":"2.8.4","pid":38648,"toolName":"git_merge","requestId":"B3LAY-GNTZT","timestamp":"2026-02-23T07:44:29.354Z","operation":"ToolRegistry.registerTool","msg":"Registering tool: 'git_merge'"}
{"level":30,"time":1771832669354,"env":"development","version":"2.8.4","pid":38648,"toolName":"git_merge","requestId":"B3LAY-GNTZT","timestamp":"2026-02-23T07:44:29.354Z","operation":"ToolRegistry.registerTool","msg":"Tool 'git_merge' registered successfully."}
{"level":20,"time":1771832669354,"env":"development","version":"2.8.4","pid":38648,"toolName":"git_pull","requestId":"71PDG-IEU1K","timestamp":"2026-02-23T07:44:29.354Z","operation":"ToolRegistry.registerTool","msg":"Registering tool: 'git_pull'"}
{"level":30,"time":1771832669354,"env":"development","version":"2.8.4","pid":38648,"toolName":"git_pull","requestId":"71PDG-IEU1K","timestamp":"2026-02-23T07:44:29.354Z","operation":"ToolRegistry.registerTool","msg":"Tool 'git_pull' registered successfully."}
{"level":20,"time":1771832669354,"env":"development","version":"2.8.4","pid":38648,"toolName":"git_push","requestId":"O8U8Y-1Y4RM","timestamp":"2026-02-23T07:44:29.354Z","operation":"ToolRegistry.registerTool","msg":"Registering tool: 'git_push'"}
{"level":30,"time":1771832669354,"env":"development","version":"2.8.4","pid":38648,"toolName":"git_push","requestId":"O8U8Y-1Y4RM","timestamp":"2026-02-23T07:44:29.354Z","operation":"ToolRegistry.registerTool","msg":"Tool 'git_push' registered successfully."}
{"level":20,"time":1771832669354,"env":"development","version":"2.8.4","pid":38648,"toolName":"git_rebase","requestId":"R5FGG-HMS5E","timestamp":"2026-02-23T07:44:29.354Z","operation":"ToolRegistry.registerTool","msg":"Registering tool: 'git_rebase'"}
{"level":30,"time":1771832669354,"env":"development","version":"2.8.4","pid":38648,"toolName":"git_rebase","requestId":"R5FGG-HMS5E","timestamp":"2026-02-23T07:44:29.354Z","operation":"ToolRegistry.registerTool","msg":"Tool 'git_rebase' registered successfully."}
{"level":20,"time":1771832669354,"env":"development","version":"2.8.4","pid":38648,"toolName":"git_reflog","requestId":"FKMI1-5MJEE","timestamp":"2026-02-23T07:44:29.354Z","operation":"ToolRegistry.registerTool","msg":"Registering tool: 'git_reflog'"}
{"level":30,"time":1771832669354,"env":"development","version":"2.8.4","pid":38648,"toolName":"git_reflog","requestId":"FKMI1-5MJEE","timestamp":"2026-02-23T07:44:29.354Z","operation":"ToolRegistry.registerTool","msg":"Tool 'git_reflog' registered successfully."}
{"level":20,"time":1771832669354,"env":"development","version":"2.8.4","pid":38648,"toolName":"git_remote","requestId":"04KRZ-STE5Z","timestamp":"2026-02-23T07:44:29.354Z","operation":"ToolRegistry.registerTool","msg":"Registering tool: 'git_remote'"}
{"level":30,"time":1771832669354,"env":"development","version":"2.8.4","pid":38648,"toolName":"git_remote","requestId":"04KRZ-STE5Z","timestamp":"2026-02-23T07:44:29.354Z","operation":"ToolRegistry.registerTool","msg":"Tool 'git_remote' registered successfully."}
{"level":20,"time":1771832669354,"env":"development","version":"2.8.4","pid":38648,"toolName":"git_reset","requestId":"CLF50-UVSKJ","timestamp":"2026-02-23T07:44:29.354Z","operation":"ToolRegistry.registerTool","msg":"Registering tool: 'git_reset'"}
{"level":30,"time":1771832669354,"env":"development","version":"2.8.4","pid":38648,"toolName":"git_reset","requestId":"CLF50-UVSKJ","timestamp":"2026-02-23T07:44:29.354Z","operation":"ToolRegistry.registerTool","msg":"Tool 'git_reset' registered successfully."}
{"level":20,"time":1771832669354,"env":"development","version":"2.8.4","pid":38648,"toolName":"git_set_working_dir","requestId":"M00QZ-AQR9I","timestamp":"2026-02-23T07:44:29.354Z","operation":"ToolRegistry.registerTool","msg":"Registering tool: 'git_set_working_dir'"}
{"level":30,"time":1771832669354,"env":"development","version":"2.8.4","pid":38648,"toolName":"git_set_working_dir","requestId":"M00QZ-AQR9I","timestamp":"2026-02-23T07:44:29.354Z","operation":"ToolRegistry.registerTool","msg":"Tool 'git_set_working_dir' registered successfully."}
{"level":20,"time":1771832669354,"env":"development","version":"2.8.4","pid":38648,"toolName":"git_show","requestId":"F76CU-T2256","timestamp":"2026-02-23T07:44:29.354Z","operation":"ToolRegistry.registerTool","msg":"Registering tool: 'git_show'"}
{"level":30,"time":1771832669354,"env":"development","version":"2.8.4","pid":38648,"toolName":"git_show","requestId":"F76CU-T2256","timestamp":"2026-02-23T07:44:29.354Z","operation":"ToolRegistry.registerTool","msg":"Tool 'git_show' registered successfully."}
{"level":20,"time":1771832669354,"env":"development","version":"2.8.4","pid":38648,"toolName":"git_stash","requestId":"MS5NF-7114Z","timestamp":"2026-02-23T07:44:29.354Z","operation":"ToolRegistry.registerTool","msg":"Registering tool: 'git_stash'"}
{"level":30,"time":1771832669354,"env":"development","version":"2.8.4","pid":38648,"toolName":"git_stash","requestId":"MS5NF-7114Z","timestamp":"2026-02-23T07:44:29.354Z","operation":"ToolRegistry.registerTool","msg":"Tool 'git_stash' registered successfully."}
{"level":20,"time":1771832669354,"env":"development","version":"2.8.4","pid":38648,"toolName":"git_status","requestId":"A1LX1-9MZ3K","timestamp":"2026-02-23T07:44:29.354Z","operation":"ToolRegistry.registerTool","msg":"Registering tool: 'git_status'"}
{"level":30,"time":1771832669355,"env":"development","version":"2.8.4","pid":38648,"toolName":"git_status","requestId":"A1LX1-9MZ3K","timestamp":"2026-02-23T07:44:29.354Z","operation":"ToolRegistry.registerTool","msg":"Tool 'git_status' registered successfully."}
{"level":20,"time":1771832669355,"env":"development","version":"2.8.4","pid":38648,"toolName":"git_tag","requestId":"BFGM6-46IVZ","timestamp":"2026-02-23T07:44:29.355Z","operation":"ToolRegistry.registerTool","msg":"Registering tool: 'git_tag'"}
{"level":30,"time":1771832669355,"env":"development","version":"2.8.4","pid":38648,"toolName":"git_tag","requestId":"BFGM6-46IVZ","timestamp":"2026-02-23T07:44:29.355Z","operation":"ToolRegistry.registerTool","msg":"Tool 'git_tag' registered successfully."}
{"level":20,"time":1771832669355,"env":"development","version":"2.8.4","pid":38648,"toolName":"git_worktree","requestId":"LX9NK-GC61A","timestamp":"2026-02-23T07:44:29.355Z","operation":"ToolRegistry.registerTool","msg":"Registering tool: 'git_worktree'"}
{"level":30,"time":1771832669355,"env":"development","version":"2.8.4","pid":38648,"toolName":"git_worktree","requestId":"LX9NK-GC61A","timestamp":"2026-02-23T07:44:29.355Z","operation":"ToolRegistry.registerTool","msg":"Tool 'git_worktree' registered successfully."}
{"level":20,"time":1771832669355,"env":"development","version":"2.8.4","pid":38648,"toolName":"git_wrapup_instructions","requestId":"CKGCK-D3U7P","timestamp":"2026-02-23T07:44:29.355Z","operation":"ToolRegistry.registerTool","msg":"Registering tool: 'git_wrapup_instructions'"}
{"level":30,"time":1771832669355,"env":"development","version":"2.8.4","pid":38648,"toolName":"git_wrapup_instructions","requestId":"CKGCK-D3U7P","timestamp":"2026-02-23T07:44:29.355Z","operation":"ToolRegistry.registerTool","msg":"Tool 'git_wrapup_instructions' registered successfully."}
{"level":30,"time":1771832669355,"env":"development","version":"2.8.4","pid":38648,"requestId":"72J5K-0IJYL","timestamp":"2026-02-23T07:44:29.355Z","operation":"ResourceRegistry.registerAll","msg":"Registering 1 resource(s)..."}
{"level":30,"time":1771832669355,"env":"development","version":"2.8.4","pid":38648,"requestId":"QB11Y-N3YV2","timestamp":"2026-02-23T07:44:29.355Z","resourceName":"git-working-directory","operation":"RegisterResource","msg":"Registering resource: 'git-working-directory'"}
{"level":30,"time":1771832669355,"env":"development","version":"2.8.4","pid":38648,"requestId":"QB11Y-N3YV2","timestamp":"2026-02-23T07:44:29.355Z","resourceName":"git-working-directory","operation":"RegisterResource","msg":"Resource 'git-working-directory' registered successfully."}
{"level":20,"time":1771832669355,"env":"development","version":"2.8.4","pid":38648,"requestId":"4IXG3-U9I2R","timestamp":"2026-02-23T07:44:29.355Z","operation":"PromptRegistry.registerAll","msg":"Registering 1 prompts..."}
{"level":20,"time":1771832669355,"env":"development","version":"2.8.4","pid":38648,"requestId":"4IXG3-U9I2R","timestamp":"2026-02-23T07:44:29.355Z","operation":"PromptRegistry.registerAll","msg":"Registering prompt: git_wrapup"}
{"level":30,"time":1771832669356,"env":"development","version":"2.8.4","pid":38648,"requestId":"4IXG3-U9I2R","timestamp":"2026-02-23T07:44:29.355Z","operation":"PromptRegistry.registerAll","msg":"Registered prompt: git_wrapup"}
{"level":30,"time":1771832669356,"env":"development","version":"2.8.4","pid":38648,"requestId":"4IXG3-U9I2R","timestamp":"2026-02-23T07:44:29.355Z","operation":"PromptRegistry.registerAll","msg":"Successfully registered 1 prompts"}
{"level":30,"time":1771832669356,"env":"development","version":"2.8.4","pid":38648,"requestId":"FZ5GX-C426T","timestamp":"2026-02-23T07:44:29.349Z","operation":"createMcpServerInstance","msg":"All MCP capabilities registered successfully"}
{"level":30,"time":1771832669356,"env":"development","version":"2.8.4","pid":38648,"transport":"stdio","requestId":"LKBGV-ET1HO","timestamp":"2026-02-23T07:44:29.348Z","operation":"connectStdioTransport","transportType":"Stdio","msg":"Attempting to connect stdio transport..."}
{"level":20,"time":1771832669356,"env":"development","version":"2.8.4","pid":38648,"transport":"stdio","requestId":"LKBGV-ET1HO","timestamp":"2026-02-23T07:44:29.348Z","operation":"connectStdioTransport","transportType":"Stdio","msg":"Creating StdioServerTransport instance..."}
{"level":20,"time":1771832669356,"env":"development","version":"2.8.4","pid":38648,"transport":"stdio","requestId":"LKBGV-ET1HO","timestamp":"2026-02-23T07:44:29.348Z","operation":"connectStdioTransport","transportType":"Stdio","msg":"Connecting McpServer instance to StdioServerTransport..."}
{"level":30,"time":1771832669356,"env":"development","version":"2.8.4","pid":38648,"transport":"stdio","requestId":"LKBGV-ET1HO","timestamp":"2026-02-23T07:44:29.348Z","operation":"connectStdioTransport","transportType":"Stdio","msg":"MCP Server connected and listening via stdio transport."}
{"level":30,"time":1771832669356,"env":"development","version":"2.8.4","pid":38648,"applicationName":"@cyanheads/git-mcp-server","applicationVersion":"2.8.4","nodeEnvironment":"development","requestId":"VHZC5-G0DBH","timestamp":"2026-02-23T07:44:29.348Z","operation":"ServerStartup","msg":"@cyanheads/git-mcp-server is now running and ready."}
{"level":30,"time":1771917512394,"env":"development","version":"2.8.4","pid":40248,"requestId":"CTS6X-WI4BE","timestamp":"2026-02-24T07:18:32.391Z","operation":"loggerInit","msg":"Logger initialized. MCP level: debug."}
{"level":30,"time":1771917512394,"env":"development","version":"2.8.4","pid":40248,"requestId":"6VYBP-0SPCH","timestamp":"2026-02-24T07:18:32.394Z","operation":"LoggerInit","msg":"Logger initialized. Effective MCP logging level: debug."}
{"level":30,"time":1771917512394,"env":"development","version":"2.8.4","pid":40248,"runtime":"node","runtimeVersion":"Node.js 25.6.1","requestId":"ELU4O-KJM9H","timestamp":"2026-02-24T07:18:32.394Z","operation":"RuntimeDetection","msg":"Runtime detected: Node.js 25.6.1"}
{"level":30,"time":1771917512394,"env":"development","version":"2.8.4","pid":40248,"requestId":"NIFKN-Y7KI6","timestamp":"2026-02-24T07:18:32.394Z","operation":"StorageInit","msg":"Storage service initialized with provider: in-memory"}
{"level":30,"time":1771917512394,"env":"development","version":"2.8.4","pid":40248,"applicationName":"@cyanheads/git-mcp-server","applicationVersion":"2.8.4","nodeEnvironment":"development","requestId":"ZY2EG-8SQR6","timestamp":"2026-02-24T07:18:32.394Z","operation":"ServerStartup","msg":"Starting @cyanheads/git-mcp-server (v2.8.4)..."}
{"level":30,"time":1771917512394,"env":"development","version":"2.8.4","pid":40248,"transport":"stdio","requestId":"0FIBQ-D3ZSQ","timestamp":"2026-02-24T07:18:32.394Z","operation":"TransportManager.start","msg":"Starting transport: stdio"}
{"level":30,"time":1771917512394,"env":"development","version":"2.8.4","pid":40248,"requestId":"O7XB1-J6A5R","timestamp":"2026-02-24T07:18:32.394Z","operation":"createMcpServerInstance","msg":"Initializing MCP server instance"}
{"level":20,"time":1771917512395,"env":"development","version":"2.8.4","pid":40248,"requestId":"FAKJX-XA89K","timestamp":"2026-02-24T07:18:32.395Z","newConfigState":{"appName":"@cyanheads/git-mcp-server","appVersion":"2.8.4","environment":"development"},"operation":"RequestContextService.configure","msg":"RequestContextService configuration updated"}
{"level":20,"time":1771917512398,"env":"development","version":"2.8.4","pid":40248,"requestId":"O7XB1-J6A5R","timestamp":"2026-02-24T07:18:32.394Z","operation":"createMcpServerInstance","msg":"Registering all MCP capabilities via registries..."}
{"level":30,"time":1771917512398,"env":"development","version":"2.8.4","pid":40248,"requestId":"F96WZ-XORJC","timestamp":"2026-02-24T07:18:32.398Z","operation":"ToolRegistry.registerAll","msg":"Registering 28 tool(s)..."}
{"level":20,"time":1771917512398,"env":"development","version":"2.8.4","pid":40248,"toolName":"git_add","requestId":"Q4VPL-CUO5Q","timestamp":"2026-02-24T07:18:32.398Z","operation":"ToolRegistry.registerTool","msg":"Registering tool: 'git_add'"}
{"level":30,"time":1771917512399,"env":"development","version":"2.8.4","pid":40248,"toolName":"git_add","requestId":"Q4VPL-CUO5Q","timestamp":"2026-02-24T07:18:32.398Z","operation":"ToolRegistry.registerTool","msg":"Tool 'git_add' registered successfully."}
{"level":20,"time":1771917512399,"env":"development","version":"2.8.4","pid":40248,"toolName":"git_blame","requestId":"Q0XEN-MWO8H","timestamp":"2026-02-24T07:18:32.399Z","operation":"ToolRegistry.registerTool","msg":"Registering tool: 'git_blame'"}
{"level":30,"time":1771917512399,"env":"development","version":"2.8.4","pid":40248,"toolName":"git_blame","requestId":"Q0XEN-MWO8H","timestamp":"2026-02-24T07:18:32.399Z","operation":"ToolRegistry.registerTool","msg":"Tool 'git_blame' registered successfully."}
{"level":20,"time":1771917512399,"env":"development","version":"2.8.4","pid":40248,"toolName":"git_branch","requestId":"18Y7E-M57KV","timestamp":"2026-02-24T07:18:32.399Z","operation":"ToolRegistry.registerTool","msg":"Registering tool: 'git_branch'"}
{"level":30,"time":1771917512399,"env":"development","version":"2.8.4","pid":40248,"toolName":"git_branch","requestId":"18Y7E-M57KV","timestamp":"2026-02-24T07:18:32.399Z","operation":"ToolRegistry.registerTool","msg":"Tool 'git_branch' registered successfully."}
{"level":20,"time":1771917512399,"env":"development","version":"2.8.4","pid":40248,"toolName":"git_changelog_analyze","requestId":"JS9L0-VH1A4","timestamp":"2026-02-24T07:18:32.399Z","operation":"ToolRegistry.registerTool","msg":"Registering tool: 'git_changelog_analyze'"}
{"level":30,"time":1771917512399,"env":"development","version":"2.8.4","pid":40248,"toolName":"git_changelog_analyze","requestId":"JS9L0-VH1A4","timestamp":"2026-02-24T07:18:32.399Z","operation":"ToolRegistry.registerTool","msg":"Tool 'git_changelog_analyze' registered successfully."}
{"level":20,"time":1771917512399,"env":"development","version":"2.8.4","pid":40248,"toolName":"git_checkout","requestId":"6ES3K-W0NSC","timestamp":"2026-02-24T07:18:32.399Z","operation":"ToolRegistry.registerTool","msg":"Registering tool: 'git_checkout'"}
{"level":30,"time":1771917512399,"env":"development","version":"2.8.4","pid":40248,"toolName":"git_checkout","requestId":"6ES3K-W0NSC","timestamp":"2026-02-24T07:18:32.399Z","operation":"ToolRegistry.registerTool","msg":"Tool 'git_checkout' registered successfully."}
{"level":20,"time":1771917512399,"env":"development","version":"2.8.4","pid":40248,"toolName":"git_cherry_pick","requestId":"COXQE-IU372","timestamp":"2026-02-24T07:18:32.399Z","operation":"ToolRegistry.registerTool","msg":"Registering tool: 'git_cherry_pick'"}
{"level":30,"time":1771917512399,"env":"development","version":"2.8.4","pid":40248,"toolName":"git_cherry_pick","requestId":"COXQE-IU372","timestamp":"2026-02-24T07:18:32.399Z","operation":"ToolRegistry.registerTool","msg":"Tool 'git_cherry_pick' registered successfully."}
{"level":20,"time":1771917512399,"env":"development","version":"2.8.4","pid":40248,"toolName":"git_clean","requestId":"YBKJW-30EOJ","timestamp":"2026-02-24T07:18:32.399Z","operation":"ToolRegistry.registerTool","msg":"Registering tool: 'git_clean'"}
{"level":30,"time":1771917512399,"env":"development","version":"2.8.4","pid":40248,"toolName":"git_clean","requestId":"YBKJW-30EOJ","timestamp":"2026-02-24T07:18:32.399Z","operation":"ToolRegistry.registerTool","msg":"Tool 'git_clean' registered successfully."}
{"level":20,"time":1771917512399,"env":"development","version":"2.8.4","pid":40248,"toolName":"git_clear_working_dir","requestId":"LPSAE-PE6DB","timestamp":"2026-02-24T07:18:32.399Z","operation":"ToolRegistry.registerTool","msg":"Registering tool: 'git_clear_working_dir'"}
{"level":30,"time":1771917512399,"env":"development","version":"2.8.4","pid":40248,"toolName":"git_clear_working_dir","requestId":"LPSAE-PE6DB","timestamp":"2026-02-24T07:18:32.399Z","operation":"ToolRegistry.registerTool","msg":"Tool 'git_clear_working_dir' registered successfully."}
{"level":20,"time":1771917512399,"env":"development","version":"2.8.4","pid":40248,"toolName":"git_clone","requestId":"0HY51-1RGXD","timestamp":"2026-02-24T07:18:32.399Z","operation":"ToolRegistry.registerTool","msg":"Registering tool: 'git_clone'"}
{"level":30,"time":1771917512399,"env":"development","version":"2.8.4","pid":40248,"toolName":"git_clone","requestId":"0HY51-1RGXD","timestamp":"2026-02-24T07:18:32.399Z","operation":"ToolRegistry.registerTool","msg":"Tool 'git_clone' registered successfully."}
{"level":20,"time":1771917512399,"env":"development","version":"2.8.4","pid":40248,"toolName":"git_commit","requestId":"R9YI7-4TEZV","timestamp":"2026-02-24T07:18:32.399Z","operation":"ToolRegistry.registerTool","msg":"Registering tool: 'git_commit'"}
{"level":30,"time":1771917512400,"env":"development","version":"2.8.4","pid":40248,"toolName":"git_commit","requestId":"R9YI7-4TEZV","timestamp":"2026-02-24T07:18:32.399Z","operation":"ToolRegistry.registerTool","msg":"Tool 'git_commit' registered successfully."}
{"level":20,"time":1771917512400,"env":"development","version":"2.8.4","pid":40248,"toolName":"git_diff","requestId":"M6OA9-1JH8Z","timestamp":"2026-02-24T07:18:32.400Z","operation":"ToolRegistry.registerTool","msg":"Registering tool: 'git_diff'"}
{"level":30,"time":1771917512400,"env":"development","version":"2.8.4","pid":40248,"toolName":"git_diff","requestId":"M6OA9-1JH8Z","timestamp":"2026-02-24T07:18:32.400Z","operation":"ToolRegistry.registerTool","msg":"Tool 'git_diff' registered successfully."}
{"level":20,"time":1771917512400,"env":"development","version":"2.8.4","pid":40248,"toolName":"git_fetch","requestId":"F7ZJ7-ZWSE3","timestamp":"2026-02-24T07:18:32.400Z","operation":"ToolRegistry.registerTool","msg":"Registering tool: 'git_fetch'"}
{"level":30,"time":1771917512400,"env":"development","version":"2.8.4","pid":40248,"toolName":"git_fetch","requestId":"F7ZJ7-ZWSE3","timestamp":"2026-02-24T07:18:32.400Z","operation":"ToolRegistry.registerTool","msg":"Tool 'git_fetch' registered successfully."}
{"level":20,"time":1771917512400,"env":"development","version":"2.8.4","pid":40248,"toolName":"git_init","requestId":"S04P8-WZY4F","timestamp":"2026-02-24T07:18:32.400Z","operation":"ToolRegistry.registerTool","msg":"Registering tool: 'git_init'"}
{"level":30,"time":1771917512400,"env":"development","version":"2.8.4","pid":40248,"toolName":"git_init","requestId":"S04P8-WZY4F","timestamp":"2026-02-24T07:18:32.400Z","operation":"ToolRegistry.registerTool","msg":"Tool 'git_init' registered successfully."}
{"level":20,"time":1771917512400,"env":"development","version":"2.8.4","pid":40248,"toolName":"git_log","requestId":"X3OU1-L015R","timestamp":"2026-02-24T07:18:32.400Z","operation":"ToolRegistry.registerTool","msg":"Registering tool: 'git_log'"}
{"level":30,"time":1771917512400,"env":"development","version":"2.8.4","pid":40248,"toolName":"git_log","requestId":"X3OU1-L015R","timestamp":"2026-02-24T07:18:32.400Z","operation":"ToolRegistry.registerTool","msg":"Tool 'git_log' registered successfully."}
{"level":20,"time":1771917512400,"env":"development","version":"2.8.4","pid":40248,"toolName":"git_merge","requestId":"BML4G-T6AAV","timestamp":"2026-02-24T07:18:32.400Z","operation":"ToolRegistry.registerTool","msg":"Registering tool: 'git_merge'"}
{"level":30,"time":1771917512400,"env":"development","version":"2.8.4","pid":40248,"toolName":"git_merge","requestId":"BML4G-T6AAV","timestamp":"2026-02-24T07:18:32.400Z","operation":"ToolRegistry.registerTool","msg":"Tool 'git_merge' registered successfully."}
{"level":20,"time":1771917512400,"env":"development","version":"2.8.4","pid":40248,"toolName":"git_pull","requestId":"X4M2M-3SINE","timestamp":"2026-02-24T07:18:32.400Z","operation":"ToolRegistry.registerTool","msg":"Registering tool: 'git_pull'"}
{"level":30,"time":1771917512400,"env":"development","version":"2.8.4","pid":40248,"toolName":"git_pull","requestId":"X4M2M-3SINE","timestamp":"2026-02-24T07:18:32.400Z","operation":"ToolRegistry.registerTool","msg":"Tool 'git_pull' registered successfully."}
{"level":20,"time":1771917512400,"env":"development","version":"2.8.4","pid":40248,"toolName":"git_push","requestId":"LKO03-B8R60","timestamp":"2026-02-24T07:18:32.400Z","operation":"ToolRegistry.registerTool","msg":"Registering tool: 'git_push'"}
{"level":30,"time":1771917512400,"env":"development","version":"2.8.4","pid":40248,"toolName":"git_push","requestId":"LKO03-B8R60","timestamp":"2026-02-24T07:18:32.400Z","operation":"ToolRegistry.registerTool","msg":"Tool 'git_push' registered successfully."}
{"level":20,"time":1771917512401,"env":"development","version":"2.8.4","pid":40248,"toolName":"git_rebase","requestId":"WRMSE-YUBPH","timestamp":"2026-02-24T07:18:32.400Z","operation":"ToolRegistry.registerTool","msg":"Registering tool: 'git_rebase'"}
{"level":30,"time":1771917512401,"env":"development","version":"2.8.4","pid":40248,"toolName":"git_rebase","requestId":"WRMSE-YUBPH","timestamp":"2026-02-24T07:18:32.400Z","operation":"ToolRegistry.registerTool","msg":"Tool 'git_rebase' registered successfully."}
{"level":20,"time":1771917512401,"env":"development","version":"2.8.4","pid":40248,"toolName":"git_reflog","requestId":"XDAWQ-41QWE","timestamp":"2026-02-24T07:18:32.401Z","operation":"ToolRegistry.registerTool","msg":"Registering tool: 'git_reflog'"}
{"level":30,"time":1771917512401,"env":"development","version":"2.8.4","pid":40248,"toolName":"git_reflog","requestId":"XDAWQ-41QWE","timestamp":"2026-02-24T07:18:32.401Z","operation":"ToolRegistry.registerTool","msg":"Tool 'git_reflog' registered successfully."}
{"level":20,"time":1771917512401,"env":"development","version":"2.8.4","pid":40248,"toolName":"git_remote","requestId":"S7569-847ES","timestamp":"2026-02-24T07:18:32.401Z","operation":"ToolRegistry.registerTool","msg":"Registering tool: 'git_remote'"}
{"level":30,"time":1771917512401,"env":"development","version":"2.8.4","pid":40248,"toolName":"git_remote","requestId":"S7569-847ES","timestamp":"2026-02-24T07:18:32.401Z","operation":"ToolRegistry.registerTool","msg":"Tool 'git_remote' registered successfully."}
{"level":20,"time":1771917512401,"env":"development","version":"2.8.4","pid":40248,"toolName":"git_reset","requestId":"GB6DP-1E9X4","timestamp":"2026-02-24T07:18:32.401Z","operation":"ToolRegistry.registerTool","msg":"Registering tool: 'git_reset'"}
{"level":30,"time":1771917512401,"env":"development","version":"2.8.4","pid":40248,"toolName":"git_reset","requestId":"GB6DP-1E9X4","timestamp":"2026-02-24T07:18:32.401Z","operation":"ToolRegistry.registerTool","msg":"Tool 'git_reset' registered successfully."}
{"level":20,"time":1771917512401,"env":"development","version":"2.8.4","pid":40248,"toolName":"git_set_working_dir","requestId":"SJTUV-WJH44","timestamp":"2026-02-24T07:18:32.401Z","operation":"ToolRegistry.registerTool","msg":"Registering tool: 'git_set_working_dir'"}
{"level":30,"time":1771917512401,"env":"development","version":"2.8.4","pid":40248,"toolName":"git_set_working_dir","requestId":"SJTUV-WJH44","timestamp":"2026-02-24T07:18:32.401Z","operation":"ToolRegistry.registerTool","msg":"Tool 'git_set_working_dir' registered successfully."}
{"level":20,"time":1771917512401,"env":"development","version":"2.8.4","pid":40248,"toolName":"git_show","requestId":"18T3P-2EATO","timestamp":"2026-02-24T07:18:32.401Z","operation":"ToolRegistry.registerTool","msg":"Registering tool: 'git_show'"}
{"level":30,"time":1771917512401,"env":"development","version":"2.8.4","pid":40248,"toolName":"git_show","requestId":"18T3P-2EATO","timestamp":"2026-02-24T07:18:32.401Z","operation":"ToolRegistry.registerTool","msg":"Tool 'git_show' registered successfully."}
{"level":20,"time":1771917512401,"env":"development","version":"2.8.4","pid":40248,"toolName":"git_stash","requestId":"I9NQX-Q7SJA","timestamp":"2026-02-24T07:18:32.401Z","operation":"ToolRegistry.registerTool","msg":"Registering tool: 'git_stash'"}
{"level":30,"time":1771917512401,"env":"development","version":"2.8.4","pid":40248,"toolName":"git_stash","requestId":"I9NQX-Q7SJA","timestamp":"2026-02-24T07:18:32.401Z","operation":"ToolRegistry.registerTool","msg":"Tool 'git_stash' registered successfully."}
{"level":20,"time":1771917512401,"env":"development","version":"2.8.4","pid":40248,"toolName":"git_status","requestId":"V1ZNH-MIB9Z","timestamp":"2026-02-24T07:18:32.401Z","operation":"ToolRegistry.registerTool","msg":"Registering tool: 'git_status'"}
{"level":30,"time":1771917512401,"env":"development","version":"2.8.4","pid":40248,"toolName":"git_status","requestId":"V1ZNH-MIB9Z","timestamp":"2026-02-24T07:18:32.401Z","operation":"ToolRegistry.registerTool","msg":"Tool 'git_status' registered successfully."}
{"level":20,"time":1771917512401,"env":"development","version":"2.8.4","pid":40248,"toolName":"git_tag","requestId":"M7TVQ-IS2IQ","timestamp":"2026-02-24T07:18:32.401Z","operation":"ToolRegistry.registerTool","msg":"Registering tool: 'git_tag'"}
{"level":30,"time":1771917512401,"env":"development","version":"2.8.4","pid":40248,"toolName":"git_tag","requestId":"M7TVQ-IS2IQ","timestamp":"2026-02-24T07:18:32.401Z","operation":"ToolRegistry.registerTool","msg":"Tool 'git_tag' registered successfully."}
{"level":20,"time":1771917512401,"env":"development","version":"2.8.4","pid":40248,"toolName":"git_worktree","requestId":"2PKM1-BWDE8","timestamp":"2026-02-24T07:18:32.401Z","operation":"ToolRegistry.registerTool","msg":"Registering tool: 'git_worktree'"}
{"level":30,"time":1771917512401,"env":"development","version":"2.8.4","pid":40248,"toolName":"git_worktree","requestId":"2PKM1-BWDE8","timestamp":"2026-02-24T07:18:32.401Z","operation":"ToolRegistry.registerTool","msg":"Tool 'git_worktree' registered successfully."}
{"level":20,"time":1771917512401,"env":"development","version":"2.8.4","pid":40248,"toolName":"git_wrapup_instructions","requestId":"GACZK-M1GVI","timestamp":"2026-02-24T07:18:32.401Z","operation":"ToolRegistry.registerTool","msg":"Registering tool: 'git_wrapup_instructions'"}
{"level":30,"time":1771917512401,"env":"development","version":"2.8.4","pid":40248,"toolName":"git_wrapup_instructions","requestId":"GACZK-M1GVI","timestamp":"2026-02-24T07:18:32.401Z","operation":"ToolRegistry.registerTool","msg":"Tool 'git_wrapup_instructions' registered successfully."}
{"level":30,"time":1771917512402,"env":"development","version":"2.8.4","pid":40248,"requestId":"LRWAL-N1VI2","timestamp":"2026-02-24T07:18:32.402Z","operation":"ResourceRegistry.registerAll","msg":"Registering 1 resource(s)..."}
{"level":30,"time":1771917512402,"env":"development","version":"2.8.4","pid":40248,"requestId":"WT4B9-LVAKB","timestamp":"2026-02-24T07:18:32.402Z","resourceName":"git-working-directory","operation":"RegisterResource","msg":"Registering resource: 'git-working-directory'"}
{"level":30,"time":1771917512402,"env":"development","version":"2.8.4","pid":40248,"requestId":"WT4B9-LVAKB","timestamp":"2026-02-24T07:18:32.402Z","resourceName":"git-working-directory","operation":"RegisterResource","msg":"Resource 'git-working-directory' registered successfully."}
{"level":20,"time":1771917512403,"env":"development","version":"2.8.4","pid":40248,"requestId":"UUBFF-8ZGMX","timestamp":"2026-02-24T07:18:32.403Z","operation":"PromptRegistry.registerAll","msg":"Registering 1 prompts..."}
{"level":20,"time":1771917512403,"env":"development","version":"2.8.4","pid":40248,"requestId":"UUBFF-8ZGMX","timestamp":"2026-02-24T07:18:32.403Z","operation":"PromptRegistry.registerAll","msg":"Registering prompt: git_wrapup"}
{"level":30,"time":1771917512403,"env":"development","version":"2.8.4","pid":40248,"requestId":"UUBFF-8ZGMX","timestamp":"2026-02-24T07:18:32.403Z","operation":"PromptRegistry.registerAll","msg":"Registered prompt: git_wrapup"}
{"level":30,"time":1771917512403,"env":"development","version":"2.8.4","pid":40248,"requestId":"UUBFF-8ZGMX","timestamp":"2026-02-24T07:18:32.403Z","operation":"PromptRegistry.registerAll","msg":"Successfully registered 1 prompts"}
{"level":30,"time":1771917512403,"env":"development","version":"2.8.4","pid":40248,"requestId":"O7XB1-J6A5R","timestamp":"2026-02-24T07:18:32.394Z","operation":"createMcpServerInstance","msg":"All MCP capabilities registered successfully"}
{"level":30,"time":1771917512403,"env":"development","version":"2.8.4","pid":40248,"transport":"stdio","requestId":"0FIBQ-D3ZSQ","timestamp":"2026-02-24T07:18:32.394Z","operation":"connectStdioTransport","transportType":"Stdio","msg":"Attempting to connect stdio transport..."}
{"level":20,"time":1771917512403,"env":"development","version":"2.8.4","pid":40248,"transport":"stdio","requestId":"0FIBQ-D3ZSQ","timestamp":"2026-02-24T07:18:32.394Z","operation":"connectStdioTransport","transportType":"Stdio","msg":"Creating StdioServerTransport instance..."}
{"level":20,"time":1771917512403,"env":"development","version":"2.8.4","pid":40248,"transport":"stdio","requestId":"0FIBQ-D3ZSQ","timestamp":"2026-02-24T07:18:32.394Z","operation":"connectStdioTransport","transportType":"Stdio","msg":"Connecting McpServer instance to StdioServerTransport..."}
{"level":30,"time":1771917512404,"env":"development","version":"2.8.4","pid":40248,"transport":"stdio","requestId":"0FIBQ-D3ZSQ","timestamp":"2026-02-24T07:18:32.394Z","operation":"connectStdioTransport","transportType":"Stdio","msg":"MCP Server connected and listening via stdio transport."}
{"level":30,"time":1771917512404,"env":"development","version":"2.8.4","pid":40248,"applicationName":"@cyanheads/git-mcp-server","applicationVersion":"2.8.4","nodeEnvironment":"development","requestId":"ZY2EG-8SQR6","timestamp":"2026-02-24T07:18:32.394Z","operation":"ServerStartup","msg":"@cyanheads/git-mcp-server is now running and ready."}
{"level":30,"time":1771935531561,"env":"development","version":"2.8.4","pid":39052,"requestId":"FVJTG-8AS4P","timestamp":"2026-02-24T12:18:51.559Z","operation":"loggerInit","msg":"Logger initialized. MCP level: debug."}
{"level":30,"time":1771935531561,"env":"development","version":"2.8.4","pid":39052,"requestId":"81QHS-MMGQ1","timestamp":"2026-02-24T12:18:51.561Z","operation":"LoggerInit","msg":"Logger initialized. Effective MCP logging level: debug."}
{"level":30,"time":1771935531561,"env":"development","version":"2.8.4","pid":39052,"runtime":"node","runtimeVersion":"Node.js 25.6.1","requestId":"5MRIZ-2E3Y0","timestamp":"2026-02-24T12:18:51.561Z","operation":"RuntimeDetection","msg":"Runtime detected: Node.js 25.6.1"}
{"level":30,"time":1771935531561,"env":"development","version":"2.8.4","pid":39052,"requestId":"SMRMV-DHL8D","timestamp":"2026-02-24T12:18:51.561Z","operation":"StorageInit","msg":"Storage service initialized with provider: in-memory"}
{"level":30,"time":1771935531561,"env":"development","version":"2.8.4","pid":39052,"applicationName":"@cyanheads/git-mcp-server","applicationVersion":"2.8.4","nodeEnvironment":"development","requestId":"FW3SV-DIQB6","timestamp":"2026-02-24T12:18:51.561Z","operation":"ServerStartup","msg":"Starting @cyanheads/git-mcp-server (v2.8.4)..."}
{"level":30,"time":1771935531561,"env":"development","version":"2.8.4","pid":39052,"transport":"stdio","requestId":"NNQOI-3QBWQ","timestamp":"2026-02-24T12:18:51.561Z","operation":"TransportManager.start","msg":"Starting transport: stdio"}
{"level":30,"time":1771935531561,"env":"development","version":"2.8.4","pid":39052,"requestId":"5Y9UC-XRSYU","timestamp":"2026-02-24T12:18:51.561Z","operation":"createMcpServerInstance","msg":"Initializing MCP server instance"}
{"level":20,"time":1771935531561,"env":"development","version":"2.8.4","pid":39052,"requestId":"EE9HJ-U88GW","timestamp":"2026-02-24T12:18:51.561Z","newConfigState":{"appName":"@cyanheads/git-mcp-server","appVersion":"2.8.4","environment":"development"},"operation":"RequestContextService.configure","msg":"RequestContextService configuration updated"}
{"level":20,"time":1771935531565,"env":"development","version":"2.8.4","pid":39052,"requestId":"5Y9UC-XRSYU","timestamp":"2026-02-24T12:18:51.561Z","operation":"createMcpServerInstance","msg":"Registering all MCP capabilities via registries..."}
{"level":30,"time":1771935531565,"env":"development","version":"2.8.4","pid":39052,"requestId":"H42QO-TOQLS","timestamp":"2026-02-24T12:18:51.565Z","operation":"ToolRegistry.registerAll","msg":"Registering 28 tool(s)..."}
{"level":20,"time":1771935531565,"env":"development","version":"2.8.4","pid":39052,"toolName":"git_add","requestId":"CIZH1-92TMZ","timestamp":"2026-02-24T12:18:51.565Z","operation":"ToolRegistry.registerTool","msg":"Registering tool: 'git_add'"}
{"level":30,"time":1771935531566,"env":"development","version":"2.8.4","pid":39052,"toolName":"git_add","requestId":"CIZH1-92TMZ","timestamp":"2026-02-24T12:18:51.565Z","operation":"ToolRegistry.registerTool","msg":"Tool 'git_add' registered successfully."}
{"level":20,"time":1771935531566,"env":"development","version":"2.8.4","pid":39052,"toolName":"git_blame","requestId":"3XRJ8-L4KFG","timestamp":"2026-02-24T12:18:51.566Z","operation":"ToolRegistry.registerTool","msg":"Registering tool: 'git_blame'"}
{"level":30,"time":1771935531566,"env":"development","version":"2.8.4","pid":39052,"toolName":"git_blame","requestId":"3XRJ8-L4KFG","timestamp":"2026-02-24T12:18:51.566Z","operation":"ToolRegistry.registerTool","msg":"Tool 'git_blame' registered successfully."}
{"level":20,"time":1771935531566,"env":"development","version":"2.8.4","pid":39052,"toolName":"git_branch","requestId":"MO0YT-EWDPO","timestamp":"2026-02-24T12:18:51.566Z","operation":"ToolRegistry.registerTool","msg":"Registering tool: 'git_branch'"}
{"level":30,"time":1771935531566,"env":"development","version":"2.8.4","pid":39052,"toolName":"git_branch","requestId":"MO0YT-EWDPO","timestamp":"2026-02-24T12:18:51.566Z","operation":"ToolRegistry.registerTool","msg":"Tool 'git_branch' registered successfully."}
{"level":20,"time":1771935531566,"env":"development","version":"2.8.4","pid":39052,"toolName":"git_changelog_analyze","requestId":"6CPNO-7W4N6","timestamp":"2026-02-24T12:18:51.566Z","operation":"ToolRegistry.registerTool","msg":"Registering tool: 'git_changelog_analyze'"}
{"level":30,"time":1771935531566,"env":"development","version":"2.8.4","pid":39052,"toolName":"git_changelog_analyze","requestId":"6CPNO-7W4N6","timestamp":"2026-02-24T12:18:51.566Z","operation":"ToolRegistry.registerTool","msg":"Tool 'git_changelog_analyze' registered successfully."}
{"level":20,"time":1771935531566,"env":"development","version":"2.8.4","pid":39052,"toolName":"git_checkout","requestId":"UDKLJ-PAO87","timestamp":"2026-02-24T12:18:51.566Z","operation":"ToolRegistry.registerTool","msg":"Registering tool: 'git_checkout'"}
{"level":30,"time":1771935531566,"env":"development","version":"2.8.4","pid":39052,"toolName":"git_checkout","requestId":"UDKLJ-PAO87","timestamp":"2026-02-24T12:18:51.566Z","operation":"ToolRegistry.registerTool","msg":"Tool 'git_checkout' registered successfully."}
{"level":20,"time":1771935531566,"env":"development","version":"2.8.4","pid":39052,"toolName":"git_cherry_pick","requestId":"4M4YG-XUVOE","timestamp":"2026-02-24T12:18:51.566Z","operation":"ToolRegistry.registerTool","msg":"Registering tool: 'git_cherry_pick'"}
{"level":30,"time":1771935531566,"env":"development","version":"2.8.4","pid":39052,"toolName":"git_cherry_pick","requestId":"4M4YG-XUVOE","timestamp":"2026-02-24T12:18:51.566Z","operation":"ToolRegistry.registerTool","msg":"Tool 'git_cherry_pick' registered successfully."}
{"level":20,"time":1771935531566,"env":"development","version":"2.8.4","pid":39052,"toolName":"git_clean","requestId":"C1DM7-2LOD9","timestamp":"2026-02-24T12:18:51.566Z","operation":"ToolRegistry.registerTool","msg":"Registering tool: 'git_clean'"}
{"level":30,"time":1771935531567,"env":"development","version":"2.8.4","pid":39052,"toolName":"git_clean","requestId":"C1DM7-2LOD9","timestamp":"2026-02-24T12:18:51.566Z","operation":"ToolRegistry.registerTool","msg":"Tool 'git_clean' registered successfully."}
{"level":20,"time":1771935531567,"env":"development","version":"2.8.4","pid":39052,"toolName":"git_clear_working_dir","requestId":"XCT5Z-9RGKU","timestamp":"2026-02-24T12:18:51.567Z","operation":"ToolRegistry.registerTool","msg":"Registering tool: 'git_clear_working_dir'"}
{"level":30,"time":1771935531567,"env":"development","version":"2.8.4","pid":39052,"toolName":"git_clear_working_dir","requestId":"XCT5Z-9RGKU","timestamp":"2026-02-24T12:18:51.567Z","operation":"ToolRegistry.registerTool","msg":"Tool 'git_clear_working_dir' registered successfully."}
{"level":20,"time":1771935531567,"env":"development","version":"2.8.4","pid":39052,"toolName":"git_clone","requestId":"QSVTQ-5NXSL","timestamp":"2026-02-24T12:18:51.567Z","operation":"ToolRegistry.registerTool","msg":"Registering tool: 'git_clone'"}
{"level":30,"time":1771935531567,"env":"development","version":"2.8.4","pid":39052,"toolName":"git_clone","requestId":"QSVTQ-5NXSL","timestamp":"2026-02-24T12:18:51.567Z","operation":"ToolRegistry.registerTool","msg":"Tool 'git_clone' registered successfully."}
{"level":20,"time":1771935531567,"env":"development","version":"2.8.4","pid":39052,"toolName":"git_commit","requestId":"INPMK-OG2IB","timestamp":"2026-02-24T12:18:51.567Z","operation":"ToolRegistry.registerTool","msg":"Registering tool: 'git_commit'"}
{"level":30,"time":1771935531567,"env":"development","version":"2.8.4","pid":39052,"toolName":"git_commit","requestId":"INPMK-OG2IB","timestamp":"2026-02-24T12:18:51.567Z","operation":"ToolRegistry.registerTool","msg":"Tool 'git_commit' registered successfully."}
{"level":20,"time":1771935531567,"env":"development","version":"2.8.4","pid":39052,"toolName":"git_diff","requestId":"DOXKI-7627T","timestamp":"2026-02-24T12:18:51.567Z","operation":"ToolRegistry.registerTool","msg":"Registering tool: 'git_diff'"}
{"level":30,"time":1771935531567,"env":"development","version":"2.8.4","pid":39052,"toolName":"git_diff","requestId":"DOXKI-7627T","timestamp":"2026-02-24T12:18:51.567Z","operation":"ToolRegistry.registerTool","msg":"Tool 'git_diff' registered successfully."}
{"level":20,"time":1771935531567,"env":"development","version":"2.8.4","pid":39052,"toolName":"git_fetch","requestId":"IYCOD-MTOMI","timestamp":"2026-02-24T12:18:51.567Z","operation":"ToolRegistry.registerTool","msg":"Registering tool: 'git_fetch'"}
{"level":30,"time":1771935531567,"env":"development","version":"2.8.4","pid":39052,"toolName":"git_fetch","requestId":"IYCOD-MTOMI","timestamp":"2026-02-24T12:18:51.567Z","operation":"ToolRegistry.registerTool","msg":"Tool 'git_fetch' registered successfully."}
{"level":20,"time":1771935531567,"env":"development","version":"2.8.4","pid":39052,"toolName":"git_init","requestId":"3DBL2-J5DPK","timestamp":"2026-02-24T12:18:51.567Z","operation":"ToolRegistry.registerTool","msg":"Registering tool: 'git_init'"}
{"level":30,"time":1771935531567,"env":"development","version":"2.8.4","pid":39052,"toolName":"git_init","requestId":"3DBL2-J5DPK","timestamp":"2026-02-24T12:18:51.567Z","operation":"ToolRegistry.registerTool","msg":"Tool 'git_init' registered successfully."}
{"level":20,"time":1771935531567,"env":"development","version":"2.8.4","pid":39052,"toolName":"git_log","requestId":"FQAKZ-BS1VT","timestamp":"2026-02-24T12:18:51.567Z","operation":"ToolRegistry.registerTool","msg":"Registering tool: 'git_log'"}
{"level":30,"time":1771935531567,"env":"development","version":"2.8.4","pid":39052,"toolName":"git_log","requestId":"FQAKZ-BS1VT","timestamp":"2026-02-24T12:18:51.567Z","operation":"ToolRegistry.registerTool","msg":"Tool 'git_log' registered successfully."}
{"level":20,"time":1771935531567,"env":"development","version":"2.8.4","pid":39052,"toolName":"git_merge","requestId":"KFJUS-A1FPP","timestamp":"2026-02-24T12:18:51.567Z","operation":"ToolRegistry.registerTool","msg":"Registering tool: 'git_merge'"}
{"level":30,"time":1771935531567,"env":"development","version":"2.8.4","pid":39052,"toolName":"git_merge","requestId":"KFJUS-A1FPP","timestamp":"2026-02-24T12:18:51.567Z","operation":"ToolRegistry.registerTool","msg":"Tool 'git_merge' registered successfully."}
{"level":20,"time":1771935531567,"env":"development","version":"2.8.4","pid":39052,"toolName":"git_pull","requestId":"BPX67-68WXL","timestamp":"2026-02-24T12:18:51.567Z","operation":"ToolRegistry.registerTool","msg":"Registering tool: 'git_pull'"}
{"level":30,"time":1771935531567,"env":"development","version":"2.8.4","pid":39052,"toolName":"git_pull","requestId":"BPX67-68WXL","timestamp":"2026-02-24T12:18:51.567Z","operation":"ToolRegistry.registerTool","msg":"Tool 'git_pull' registered successfully."}
{"level":20,"time":1771935531567,"env":"development","version":"2.8.4","pid":39052,"toolName":"git_push","requestId":"6ZGNW-0M5BZ","timestamp":"2026-02-24T12:18:51.567Z","operation":"ToolRegistry.registerTool","msg":"Registering tool: 'git_push'"}
{"level":30,"time":1771935531567,"env":"development","version":"2.8.4","pid":39052,"toolName":"git_push","requestId":"6ZGNW-0M5BZ","timestamp":"2026-02-24T12:18:51.567Z","operation":"ToolRegistry.registerTool","msg":"Tool 'git_push' registered successfully."}
{"level":20,"time":1771935531567,"env":"development","version":"2.8.4","pid":39052,"toolName":"git_rebase","requestId":"GMPNB-U6BUL","timestamp":"2026-02-24T12:18:51.567Z","operation":"ToolRegistry.registerTool","msg":"Registering tool: 'git_rebase'"}
{"level":30,"time":1771935531567,"env":"development","version":"2.8.4","pid":39052,"toolName":"git_rebase","requestId":"GMPNB-U6BUL","timestamp":"2026-02-24T12:18:51.567Z","operation":"ToolRegistry.registerTool","msg":"Tool 'git_rebase' registered successfully."}
{"level":20,"time":1771935531567,"env":"development","version":"2.8.4","pid":39052,"toolName":"git_reflog","requestId":"JMVJS-5SO8B","timestamp":"2026-02-24T12:18:51.567Z","operation":"ToolRegistry.registerTool","msg":"Registering tool: 'git_reflog'"}
{"level":30,"time":1771935531567,"env":"development","version":"2.8.4","pid":39052,"toolName":"git_reflog","requestId":"JMVJS-5SO8B","timestamp":"2026-02-24T12:18:51.567Z","operation":"ToolRegistry.registerTool","msg":"Tool 'git_reflog' registered successfully."}
{"level":20,"time":1771935531567,"env":"development","version":"2.8.4","pid":39052,"toolName":"git_remote","requestId":"IRF7D-JDE9Z","timestamp":"2026-02-24T12:18:51.567Z","operation":"ToolRegistry.registerTool","msg":"Registering tool: 'git_remote'"}
{"level":30,"time":1771935531567,"env":"development","version":"2.8.4","pid":39052,"toolName":"git_remote","requestId":"IRF7D-JDE9Z","timestamp":"2026-02-24T12:18:51.567Z","operation":"ToolRegistry.registerTool","msg":"Tool 'git_remote' registered successfully."}
{"level":20,"time":1771935531567,"env":"development","version":"2.8.4","pid":39052,"toolName":"git_reset","requestId":"QF26X-4D9GW","timestamp":"2026-02-24T12:18:51.567Z","operation":"ToolRegistry.registerTool","msg":"Registering tool: 'git_reset'"}
{"level":30,"time":1771935531567,"env":"development","version":"2.8.4","pid":39052,"toolName":"git_reset","requestId":"QF26X-4D9GW","timestamp":"2026-02-24T12:18:51.567Z","operation":"ToolRegistry.registerTool","msg":"Tool 'git_reset' registered successfully."}
{"level":20,"time":1771935531567,"env":"development","version":"2.8.4","pid":39052,"toolName":"git_set_working_dir","requestId":"4J4SV-H714W","timestamp":"2026-02-24T12:18:51.567Z","operation":"ToolRegistry.registerTool","msg":"Registering tool: 'git_set_working_dir'"}
{"level":30,"time":1771935531567,"env":"development","version":"2.8.4","pid":39052,"toolName":"git_set_working_dir","requestId":"4J4SV-H714W","timestamp":"2026-02-24T12:18:51.567Z","operation":"ToolRegistry.registerTool","msg":"Tool 'git_set_working_dir' registered successfully."}
{"level":20,"time":1771935531567,"env":"development","version":"2.8.4","pid":39052,"toolName":"git_show","requestId":"D4TCE-57NYS","timestamp":"2026-02-24T12:18:51.567Z","operation":"ToolRegistry.registerTool","msg":"Registering tool: 'git_show'"}
{"level":30,"time":1771935531567,"env":"development","version":"2.8.4","pid":39052,"toolName":"git_show","requestId":"D4TCE-57NYS","timestamp":"2026-02-24T12:18:51.567Z","operation":"ToolRegistry.registerTool","msg":"Tool 'git_show' registered successfully."}
{"level":20,"time":1771935531567,"env":"development","version":"2.8.4","pid":39052,"toolName":"git_stash","requestId":"VNOTD-3RSIU","timestamp":"2026-02-24T12:18:51.567Z","operation":"ToolRegistry.registerTool","msg":"Registering tool: 'git_stash'"}
{"level":30,"time":1771935531567,"env":"development","version":"2.8.4","pid":39052,"toolName":"git_stash","requestId":"VNOTD-3RSIU","timestamp":"2026-02-24T12:18:51.567Z","operation":"ToolRegistry.registerTool","msg":"Tool 'git_stash' registered successfully."}
{"level":20,"time":1771935531567,"env":"development","version":"2.8.4","pid":39052,"toolName":"git_status","requestId":"SPODG-R1JXL","timestamp":"2026-02-24T12:18:51.567Z","operation":"ToolRegistry.registerTool","msg":"Registering tool: 'git_status'"}
{"level":30,"time":1771935531567,"env":"development","version":"2.8.4","pid":39052,"toolName":"git_status","requestId":"SPODG-R1JXL","timestamp":"2026-02-24T12:18:51.567Z","operation":"ToolRegistry.registerTool","msg":"Tool 'git_status' registered successfully."}
{"level":20,"time":1771935531567,"env":"development","version":"2.8.4","pid":39052,"toolName":"git_tag","requestId":"E446S-BTUIJ","timestamp":"2026-02-24T12:18:51.567Z","operation":"ToolRegistry.registerTool","msg":"Registering tool: 'git_tag'"}
{"level":30,"time":1771935531567,"env":"development","version":"2.8.4","pid":39052,"toolName":"git_tag","requestId":"E446S-BTUIJ","timestamp":"2026-02-24T12:18:51.567Z","operation":"ToolRegistry.registerTool","msg":"Tool 'git_tag' registered successfully."}
{"level":20,"time":1771935531567,"env":"development","version":"2.8.4","pid":39052,"toolName":"git_worktree","requestId":"TVTDD-I7YRD","timestamp":"2026-02-24T12:18:51.567Z","operation":"ToolRegistry.registerTool","msg":"Registering tool: 'git_worktree'"}
{"level":30,"time":1771935531567,"env":"development","version":"2.8.4","pid":39052,"toolName":"git_worktree","requestId":"TVTDD-I7YRD","timestamp":"2026-02-24T12:18:51.567Z","operation":"ToolRegistry.registerTool","msg":"Tool 'git_worktree' registered successfully."}
{"level":20,"time":1771935531567,"env":"development","version":"2.8.4","pid":39052,"toolName":"git_wrapup_instructions","requestId":"12X65-BYFTK","timestamp":"2026-02-24T12:18:51.567Z","operation":"ToolRegistry.registerTool","msg":"Registering tool: 'git_wrapup_instructions'"}
{"level":30,"time":1771935531567,"env":"development","version":"2.8.4","pid":39052,"toolName":"git_wrapup_instructions","requestId":"12X65-BYFTK","timestamp":"2026-02-24T12:18:51.567Z","operation":"ToolRegistry.registerTool","msg":"Tool 'git_wrapup_instructions' registered successfully."}
{"level":30,"time":1771935531568,"env":"development","version":"2.8.4","pid":39052,"requestId":"HTNHL-A906Z","timestamp":"2026-02-24T12:18:51.568Z","operation":"ResourceRegistry.registerAll","msg":"Registering 1 resource(s)..."}
{"level":30,"time":1771935531568,"env":"development","version":"2.8.4","pid":39052,"requestId":"OWLMR-ZIW8A","timestamp":"2026-02-24T12:18:51.568Z","resourceName":"git-working-directory","operation":"RegisterResource","msg":"Registering resource: 'git-working-directory'"}
{"level":30,"time":1771935531568,"env":"development","version":"2.8.4","pid":39052,"requestId":"OWLMR-ZIW8A","timestamp":"2026-02-24T12:18:51.568Z","resourceName":"git-working-directory","operation":"RegisterResource","msg":"Resource 'git-working-directory' registered successfully."}
{"level":20,"time":1771935531568,"env":"development","version":"2.8.4","pid":39052,"requestId":"A44CY-A7VGF","timestamp":"2026-02-24T12:18:51.568Z","operation":"PromptRegistry.registerAll","msg":"Registering 1 prompts..."}
{"level":20,"time":1771935531568,"env":"development","version":"2.8.4","pid":39052,"requestId":"A44CY-A7VGF","timestamp":"2026-02-24T12:18:51.568Z","operation":"PromptRegistry.registerAll","msg":"Registering prompt: git_wrapup"}
{"level":30,"time":1771935531569,"env":"development","version":"2.8.4","pid":39052,"requestId":"A44CY-A7VGF","timestamp":"2026-02-24T12:18:51.568Z","operation":"PromptRegistry.registerAll","msg":"Registered prompt: git_wrapup"}
{"level":30,"time":1771935531569,"env":"development","version":"2.8.4","pid":39052,"requestId":"A44CY-A7VGF","timestamp":"2026-02-24T12:18:51.568Z","operation":"PromptRegistry.registerAll","msg":"Successfully registered 1 prompts"}
{"level":30,"time":1771935531569,"env":"development","version":"2.8.4","pid":39052,"requestId":"5Y9UC-XRSYU","timestamp":"2026-02-24T12:18:51.561Z","operation":"createMcpServerInstance","msg":"All MCP capabilities registered successfully"}
{"level":30,"time":1771935531569,"env":"development","version":"2.8.4","pid":39052,"transport":"stdio","requestId":"NNQOI-3QBWQ","timestamp":"2026-02-24T12:18:51.561Z","operation":"connectStdioTransport","transportType":"Stdio","msg":"Attempting to connect stdio transport..."}
{"level":20,"time":1771935531569,"env":"development","version":"2.8.4","pid":39052,"transport":"stdio","requestId":"NNQOI-3QBWQ","timestamp":"2026-02-24T12:18:51.561Z","operation":"connectStdioTransport","transportType":"Stdio","msg":"Creating StdioServerTransport instance..."}
{"level":20,"time":1771935531569,"env":"development","version":"2.8.4","pid":39052,"transport":"stdio","requestId":"NNQOI-3QBWQ","timestamp":"2026-02-24T12:18:51.561Z","operation":"connectStdioTransport","transportType":"Stdio","msg":"Connecting McpServer instance to StdioServerTransport..."}
{"level":30,"time":1771935531569,"env":"development","version":"2.8.4","pid":39052,"transport":"stdio","requestId":"NNQOI-3QBWQ","timestamp":"2026-02-24T12:18:51.561Z","operation":"connectStdioTransport","transportType":"Stdio","msg":"MCP Server connected and listening via stdio transport."}
{"level":30,"time":1771935531569,"env":"development","version":"2.8.4","pid":39052,"applicationName":"@cyanheads/git-mcp-server","applicationVersion":"2.8.4","nodeEnvironment":"development","requestId":"FW3SV-DIQB6","timestamp":"2026-02-24T12:18:51.561Z","operation":"ServerStartup","msg":"@cyanheads/git-mcp-server is now running and ready."}
{"level":30,"time":1772003090674,"env":"development","version":"2.8.4","pid":44936,"requestId":"Y1VM8-6ISRM","timestamp":"2026-02-25T07:04:50.671Z","operation":"loggerInit","msg":"Logger initialized. MCP level: debug."}
{"level":30,"time":1772003090674,"env":"development","version":"2.8.4","pid":44936,"requestId":"Q6XG4-PGTTT","timestamp":"2026-02-25T07:04:50.674Z","operation":"LoggerInit","msg":"Logger initialized. Effective MCP logging level: debug."}
{"level":30,"time":1772003090675,"env":"development","version":"2.8.4","pid":44936,"runtime":"node","runtimeVersion":"Node.js 25.6.1","requestId":"8NNDH-CKM4J","timestamp":"2026-02-25T07:04:50.675Z","operation":"RuntimeDetection","msg":"Runtime detected: Node.js 25.6.1"}
{"level":30,"time":1772003090675,"env":"development","version":"2.8.4","pid":44936,"requestId":"LYLOK-MW8TM","timestamp":"2026-02-25T07:04:50.675Z","operation":"StorageInit","msg":"Storage service initialized with provider: in-memory"}
{"level":30,"time":1772003090675,"env":"development","version":"2.8.4","pid":44936,"applicationName":"@cyanheads/git-mcp-server","applicationVersion":"2.8.4","nodeEnvironment":"development","requestId":"YHL66-DGDPG","timestamp":"2026-02-25T07:04:50.675Z","operation":"ServerStartup","msg":"Starting @cyanheads/git-mcp-server (v2.8.4)..."}
{"level":30,"time":1772003090675,"env":"development","version":"2.8.4","pid":44936,"transport":"stdio","requestId":"AXHXU-0C2NS","timestamp":"2026-02-25T07:04:50.675Z","operation":"TransportManager.start","msg":"Starting transport: stdio"}
{"level":30,"time":1772003090675,"env":"development","version":"2.8.4","pid":44936,"requestId":"Q5H8Y-J41QW","timestamp":"2026-02-25T07:04:50.675Z","operation":"createMcpServerInstance","msg":"Initializing MCP server instance"}
{"level":20,"time":1772003090676,"env":"development","version":"2.8.4","pid":44936,"requestId":"N36XY-1AHT4","timestamp":"2026-02-25T07:04:50.676Z","newConfigState":{"appName":"@cyanheads/git-mcp-server","appVersion":"2.8.4","environment":"development"},"operation":"RequestContextService.configure","msg":"RequestContextService configuration updated"}
{"level":20,"time":1772003090679,"env":"development","version":"2.8.4","pid":44936,"requestId":"Q5H8Y-J41QW","timestamp":"2026-02-25T07:04:50.675Z","operation":"createMcpServerInstance","msg":"Registering all MCP capabilities via registries..."}
{"level":30,"time":1772003090680,"env":"development","version":"2.8.4","pid":44936,"requestId":"P6XTM-AKYNV","timestamp":"2026-02-25T07:04:50.680Z","operation":"ToolRegistry.registerAll","msg":"Registering 28 tool(s)..."}
{"level":20,"time":1772003090680,"env":"development","version":"2.8.4","pid":44936,"toolName":"git_add","requestId":"NNXZH-GSPNN","timestamp":"2026-02-25T07:04:50.680Z","operation":"ToolRegistry.registerTool","msg":"Registering tool: 'git_add'"}
{"level":30,"time":1772003090681,"env":"development","version":"2.8.4","pid":44936,"toolName":"git_add","requestId":"NNXZH-GSPNN","timestamp":"2026-02-25T07:04:50.680Z","operation":"ToolRegistry.registerTool","msg":"Tool 'git_add' registered successfully."}
{"level":20,"time":1772003090681,"env":"development","version":"2.8.4","pid":44936,"toolName":"git_blame","requestId":"PZ51H-M7M7S","timestamp":"2026-02-25T07:04:50.681Z","operation":"ToolRegistry.registerTool","msg":"Registering tool: 'git_blame'"}
{"level":30,"time":1772003090681,"env":"development","version":"2.8.4","pid":44936,"toolName":"git_blame","requestId":"PZ51H-M7M7S","timestamp":"2026-02-25T07:04:50.681Z","operation":"ToolRegistry.registerTool","msg":"Tool 'git_blame' registered successfully."}
{"level":20,"time":1772003090681,"env":"development","version":"2.8.4","pid":44936,"toolName":"git_branch","requestId":"RG1U8-M8FIS","timestamp":"2026-02-25T07:04:50.681Z","operation":"ToolRegistry.registerTool","msg":"Registering tool: 'git_branch'"}
{"level":30,"time":1772003090681,"env":"development","version":"2.8.4","pid":44936,"toolName":"git_branch","requestId":"RG1U8-M8FIS","timestamp":"2026-02-25T07:04:50.681Z","operation":"ToolRegistry.registerTool","msg":"Tool 'git_branch' registered successfully."}
{"level":20,"time":1772003090681,"env":"development","version":"2.8.4","pid":44936,"toolName":"git_changelog_analyze","requestId":"YG2T7-HMT1O","timestamp":"2026-02-25T07:04:50.681Z","operation":"ToolRegistry.registerTool","msg":"Registering tool: 'git_changelog_analyze'"}
{"level":30,"time":1772003090681,"env":"development","version":"2.8.4","pid":44936,"toolName":"git_changelog_analyze","requestId":"YG2T7-HMT1O","timestamp":"2026-02-25T07:04:50.681Z","operation":"ToolRegistry.registerTool","msg":"Tool 'git_changelog_analyze' registered successfully."}
{"level":20,"time":1772003090681,"env":"development","version":"2.8.4","pid":44936,"toolName":"git_checkout","requestId":"3H926-14T46","timestamp":"2026-02-25T07:04:50.681Z","operation":"ToolRegistry.registerTool","msg":"Registering tool: 'git_checkout'"}
{"level":30,"time":1772003090681,"env":"development","version":"2.8.4","pid":44936,"toolName":"git_checkout","requestId":"3H926-14T46","timestamp":"2026-02-25T07:04:50.681Z","operation":"ToolRegistry.registerTool","msg":"Tool 'git_checkout' registered successfully."}
{"level":20,"time":1772003090681,"env":"development","version":"2.8.4","pid":44936,"toolName":"git_cherry_pick","requestId":"2QM3L-0W78L","timestamp":"2026-02-25T07:04:50.681Z","operation":"ToolRegistry.registerTool","msg":"Registering tool: 'git_cherry_pick'"}
{"level":30,"time":1772003090681,"env":"development","version":"2.8.4","pid":44936,"toolName":"git_cherry_pick","requestId":"2QM3L-0W78L","timestamp":"2026-02-25T07:04:50.681Z","operation":"ToolRegistry.registerTool","msg":"Tool 'git_cherry_pick' registered successfully."}
{"level":20,"time":1772003090682,"env":"development","version":"2.8.4","pid":44936,"toolName":"git_clean","requestId":"THHN1-7UP05","timestamp":"2026-02-25T07:04:50.682Z","operation":"ToolRegistry.registerTool","msg":"Registering tool: 'git_clean'"}
{"level":30,"time":1772003090682,"env":"development","version":"2.8.4","pid":44936,"toolName":"git_clean","requestId":"THHN1-7UP05","timestamp":"2026-02-25T07:04:50.682Z","operation":"ToolRegistry.registerTool","msg":"Tool 'git_clean' registered successfully."}
{"level":20,"time":1772003090682,"env":"development","version":"2.8.4","pid":44936,"toolName":"git_clear_working_dir","requestId":"S79WO-5JXSL","timestamp":"2026-02-25T07:04:50.682Z","operation":"ToolRegistry.registerTool","msg":"Registering tool: 'git_clear_working_dir'"}
{"level":30,"time":1772003090682,"env":"development","version":"2.8.4","pid":44936,"toolName":"git_clear_working_dir","requestId":"S79WO-5JXSL","timestamp":"2026-02-25T07:04:50.682Z","operation":"ToolRegistry.registerTool","msg":"Tool 'git_clear_working_dir' registered successfully."}
{"level":20,"time":1772003090682,"env":"development","version":"2.8.4","pid":44936,"toolName":"git_clone","requestId":"LZXMI-F8E37","timestamp":"2026-02-25T07:04:50.682Z","operation":"ToolRegistry.registerTool","msg":"Registering tool: 'git_clone'"}
{"level":30,"time":1772003090682,"env":"development","version":"2.8.4","pid":44936,"toolName":"git_clone","requestId":"LZXMI-F8E37","timestamp":"2026-02-25T07:04:50.682Z","operation":"ToolRegistry.registerTool","msg":"Tool 'git_clone' registered successfully."}
{"level":20,"time":1772003090682,"env":"development","version":"2.8.4","pid":44936,"toolName":"git_commit","requestId":"UAY4Z-KQ3OY","timestamp":"2026-02-25T07:04:50.682Z","operation":"ToolRegistry.registerTool","msg":"Registering tool: 'git_commit'"}
{"level":30,"time":1772003090682,"env":"development","version":"2.8.4","pid":44936,"toolName":"git_commit","requestId":"UAY4Z-KQ3OY","timestamp":"2026-02-25T07:04:50.682Z","operation":"ToolRegistry.registerTool","msg":"Tool 'git_commit' registered successfully."}
{"level":20,"time":1772003090682,"env":"development","version":"2.8.4","pid":44936,"toolName":"git_diff","requestId":"KDI9W-QO9UK","timestamp":"2026-02-25T07:04:50.682Z","operation":"ToolRegistry.registerTool","msg":"Registering tool: 'git_diff'"}
{"level":30,"time":1772003090682,"env":"development","version":"2.8.4","pid":44936,"toolName":"git_diff","requestId":"KDI9W-QO9UK","timestamp":"2026-02-25T07:04:50.682Z","operation":"ToolRegistry.registerTool","msg":"Tool 'git_diff' registered successfully."}
{"level":20,"time":1772003090682,"env":"development","version":"2.8.4","pid":44936,"toolName":"git_fetch","requestId":"1SQC2-7HL9F","timestamp":"2026-02-25T07:04:50.682Z","operation":"ToolRegistry.registerTool","msg":"Registering tool: 'git_fetch'"}
{"level":30,"time":1772003090682,"env":"development","version":"2.8.4","pid":44936,"toolName":"git_fetch","requestId":"1SQC2-7HL9F","timestamp":"2026-02-25T07:04:50.682Z","operation":"ToolRegistry.registerTool","msg":"Tool 'git_fetch' registered successfully."}
{"level":20,"time":1772003090682,"env":"development","version":"2.8.4","pid":44936,"toolName":"git_init","requestId":"0C5JT-D7J4J","timestamp":"2026-02-25T07:04:50.682Z","operation":"ToolRegistry.registerTool","msg":"Registering tool: 'git_init'"}
{"level":30,"time":1772003090682,"env":"development","version":"2.8.4","pid":44936,"toolName":"git_init","requestId":"0C5JT-D7J4J","timestamp":"2026-02-25T07:04:50.682Z","operation":"ToolRegistry.registerTool","msg":"Tool 'git_init' registered successfully."}
{"level":20,"time":1772003090682,"env":"development","version":"2.8.4","pid":44936,"toolName":"git_log","requestId":"S1XUY-HFKAH","timestamp":"2026-02-25T07:04:50.682Z","operation":"ToolRegistry.registerTool","msg":"Registering tool: 'git_log'"}
{"level":30,"time":1772003090682,"env":"development","version":"2.8.4","pid":44936,"toolName":"git_log","requestId":"S1XUY-HFKAH","timestamp":"2026-02-25T07:04:50.682Z","operation":"ToolRegistry.registerTool","msg":"Tool 'git_log' registered successfully."}
{"level":20,"time":1772003090682,"env":"development","version":"2.8.4","pid":44936,"toolName":"git_merge","requestId":"CCDJE-KG8UW","timestamp":"2026-02-25T07:04:50.682Z","operation":"ToolRegistry.registerTool","msg":"Registering tool: 'git_merge'"}
{"level":30,"time":1772003090682,"env":"development","version":"2.8.4","pid":44936,"toolName":"git_merge","requestId":"CCDJE-KG8UW","timestamp":"2026-02-25T07:04:50.682Z","operation":"ToolRegistry.registerTool","msg":"Tool 'git_merge' registered successfully."}
{"level":20,"time":1772003090682,"env":"development","version":"2.8.4","pid":44936,"toolName":"git_pull","requestId":"UVTS0-VXA7J","timestamp":"2026-02-25T07:04:50.682Z","operation":"ToolRegistry.registerTool","msg":"Registering tool: 'git_pull'"}
{"level":30,"time":1772003090682,"env":"development","version":"2.8.4","pid":44936,"toolName":"git_pull","requestId":"UVTS0-VXA7J","timestamp":"2026-02-25T07:04:50.682Z","operation":"ToolRegistry.registerTool","msg":"Tool 'git_pull' registered successfully."}
{"level":20,"time":1772003090682,"env":"development","version":"2.8.4","pid":44936,"toolName":"git_push","requestId":"WB14C-G9WWL","timestamp":"2026-02-25T07:04:50.682Z","operation":"ToolRegistry.registerTool","msg":"Registering tool: 'git_push'"}
{"level":30,"time":1772003090682,"env":"development","version":"2.8.4","pid":44936,"toolName":"git_push","requestId":"WB14C-G9WWL","timestamp":"2026-02-25T07:04:50.682Z","operation":"ToolRegistry.registerTool","msg":"Tool 'git_push' registered successfully."}
{"level":20,"time":1772003090683,"env":"development","version":"2.8.4","pid":44936,"toolName":"git_rebase","requestId":"MBX2V-CK28K","timestamp":"2026-02-25T07:04:50.683Z","operation":"ToolRegistry.registerTool","msg":"Registering tool: 'git_rebase'"}
{"level":30,"time":1772003090683,"env":"development","version":"2.8.4","pid":44936,"toolName":"git_rebase","requestId":"MBX2V-CK28K","timestamp":"2026-02-25T07:04:50.683Z","operation":"ToolRegistry.registerTool","msg":"Tool 'git_rebase' registered successfully."}
{"level":20,"time":1772003090683,"env":"development","version":"2.8.4","pid":44936,"toolName":"git_reflog","requestId":"70OHN-2NADS","timestamp":"2026-02-25T07:04:50.683Z","operation":"ToolRegistry.registerTool","msg":"Registering tool: 'git_reflog'"}
{"level":30,"time":1772003090683,"env":"development","version":"2.8.4","pid":44936,"toolName":"git_reflog","requestId":"70OHN-2NADS","timestamp":"2026-02-25T07:04:50.683Z","operation":"ToolRegistry.registerTool","msg":"Tool 'git_reflog' registered successfully."}
{"level":20,"time":1772003090683,"env":"development","version":"2.8.4","pid":44936,"toolName":"git_remote","requestId":"I0C27-3AR90","timestamp":"2026-02-25T07:04:50.683Z","operation":"ToolRegistry.registerTool","msg":"Registering tool: 'git_remote'"}
{"level":30,"time":1772003090683,"env":"development","version":"2.8.4","pid":44936,"toolName":"git_remote","requestId":"I0C27-3AR90","timestamp":"2026-02-25T07:04:50.683Z","operation":"ToolRegistry.registerTool","msg":"Tool 'git_remote' registered successfully."}
{"level":20,"time":1772003090683,"env":"development","version":"2.8.4","pid":44936,"toolName":"git_reset","requestId":"ZTVLH-QPES7","timestamp":"2026-02-25T07:04:50.683Z","operation":"ToolRegistry.registerTool","msg":"Registering tool: 'git_reset'"}
{"level":30,"time":1772003090683,"env":"development","version":"2.8.4","pid":44936,"toolName":"git_reset","requestId":"ZTVLH-QPES7","timestamp":"2026-02-25T07:04:50.683Z","operation":"ToolRegistry.registerTool","msg":"Tool 'git_reset' registered successfully."}
{"level":20,"time":1772003090683,"env":"development","version":"2.8.4","pid":44936,"toolName":"git_set_working_dir","requestId":"JJN5C-8CYWS","timestamp":"2026-02-25T07:04:50.683Z","operation":"ToolRegistry.registerTool","msg":"Registering tool: 'git_set_working_dir'"}
{"level":30,"time":1772003090683,"env":"development","version":"2.8.4","pid":44936,"toolName":"git_set_working_dir","requestId":"JJN5C-8CYWS","timestamp":"2026-02-25T07:04:50.683Z","operation":"ToolRegistry.registerTool","msg":"Tool 'git_set_working_dir' registered successfully."}
{"level":20,"time":1772003090683,"env":"development","version":"2.8.4","pid":44936,"toolName":"git_show","requestId":"WW8ZG-Y9GTE","timestamp":"2026-02-25T07:04:50.683Z","operation":"ToolRegistry.registerTool","msg":"Registering tool: 'git_show'"}
{"level":30,"time":1772003090683,"env":"development","version":"2.8.4","pid":44936,"toolName":"git_show","requestId":"WW8ZG-Y9GTE","timestamp":"2026-02-25T07:04:50.683Z","operation":"ToolRegistry.registerTool","msg":"Tool 'git_show' registered successfully."}
{"level":20,"time":1772003090683,"env":"development","version":"2.8.4","pid":44936,"toolName":"git_stash","requestId":"9MLXR-XA07S","timestamp":"2026-02-25T07:04:50.683Z","operation":"ToolRegistry.registerTool","msg":"Registering tool: 'git_stash'"}
{"level":30,"time":1772003090683,"env":"development","version":"2.8.4","pid":44936,"toolName":"git_stash","requestId":"9MLXR-XA07S","timestamp":"2026-02-25T07:04:50.683Z","operation":"ToolRegistry.registerTool","msg":"Tool 'git_stash' registered successfully."}
{"level":20,"time":1772003090683,"env":"development","version":"2.8.4","pid":44936,"toolName":"git_status","requestId":"LU3W2-27PKL","timestamp":"2026-02-25T07:04:50.683Z","operation":"ToolRegistry.registerTool","msg":"Registering tool: 'git_status'"}
{"level":30,"time":1772003090683,"env":"development","version":"2.8.4","pid":44936,"toolName":"git_status","requestId":"LU3W2-27PKL","timestamp":"2026-02-25T07:04:50.683Z","operation":"ToolRegistry.registerTool","msg":"Tool 'git_status' registered successfully."}
{"level":20,"time":1772003090683,"env":"development","version":"2.8.4","pid":44936,"toolName":"git_tag","requestId":"7NTHS-ZE19V","timestamp":"2026-02-25T07:04:50.683Z","operation":"ToolRegistry.registerTool","msg":"Registering tool: 'git_tag'"}
{"level":30,"time":1772003090683,"env":"development","version":"2.8.4","pid":44936,"toolName":"git_tag","requestId":"7NTHS-ZE19V","timestamp":"2026-02-25T07:04:50.683Z","operation":"ToolRegistry.registerTool","msg":"Tool 'git_tag' registered successfully."}
{"level":20,"time":1772003090683,"env":"development","version":"2.8.4","pid":44936,"toolName":"git_worktree","requestId":"T3RVO-VZ5J2","timestamp":"2026-02-25T07:04:50.683Z","operation":"ToolRegistry.registerTool","msg":"Registering tool: 'git_worktree'"}
{"level":30,"time":1772003090683,"env":"development","version":"2.8.4","pid":44936,"toolName":"git_worktree","requestId":"T3RVO-VZ5J2","timestamp":"2026-02-25T07:04:50.683Z","operation":"ToolRegistry.registerTool","msg":"Tool 'git_worktree' registered successfully."}
{"level":20,"time":1772003090683,"env":"development","version":"2.8.4","pid":44936,"toolName":"git_wrapup_instructions","requestId":"IAFRO-QUDZX","timestamp":"2026-02-25T07:04:50.683Z","operation":"ToolRegistry.registerTool","msg":"Registering tool: 'git_wrapup_instructions'"}
{"level":30,"time":1772003090683,"env":"development","version":"2.8.4","pid":44936,"toolName":"git_wrapup_instructions","requestId":"IAFRO-QUDZX","timestamp":"2026-02-25T07:04:50.683Z","operation":"ToolRegistry.registerTool","msg":"Tool 'git_wrapup_instructions' registered successfully."}
{"level":30,"time":1772003090684,"env":"development","version":"2.8.4","pid":44936,"requestId":"Q6DKL-JD8GC","timestamp":"2026-02-25T07:04:50.684Z","operation":"ResourceRegistry.registerAll","msg":"Registering 1 resource(s)..."}
{"level":30,"time":1772003090684,"env":"development","version":"2.8.4","pid":44936,"requestId":"FSVIH-HWFJK","timestamp":"2026-02-25T07:04:50.684Z","resourceName":"git-working-directory","operation":"RegisterResource","msg":"Registering resource: 'git-working-directory'"}
{"level":30,"time":1772003090685,"env":"development","version":"2.8.4","pid":44936,"requestId":"FSVIH-HWFJK","timestamp":"2026-02-25T07:04:50.684Z","resourceName":"git-working-directory","operation":"RegisterResource","msg":"Resource 'git-working-directory' registered successfully."}
{"level":20,"time":1772003090685,"env":"development","version":"2.8.4","pid":44936,"requestId":"FCOWV-W53E1","timestamp":"2026-02-25T07:04:50.685Z","operation":"PromptRegistry.registerAll","msg":"Registering 1 prompts..."}
{"level":20,"time":1772003090685,"env":"development","version":"2.8.4","pid":44936,"requestId":"FCOWV-W53E1","timestamp":"2026-02-25T07:04:50.685Z","operation":"PromptRegistry.registerAll","msg":"Registering prompt: git_wrapup"}
{"level":30,"time":1772003090685,"env":"development","version":"2.8.4","pid":44936,"requestId":"FCOWV-W53E1","timestamp":"2026-02-25T07:04:50.685Z","operation":"PromptRegistry.registerAll","msg":"Registered prompt: git_wrapup"}
{"level":30,"time":1772003090685,"env":"development","version":"2.8.4","pid":44936,"requestId":"FCOWV-W53E1","timestamp":"2026-02-25T07:04:50.685Z","operation":"PromptRegistry.registerAll","msg":"Successfully registered 1 prompts"}
{"level":30,"time":1772003090685,"env":"development","version":"2.8.4","pid":44936,"requestId":"Q5H8Y-J41QW","timestamp":"2026-02-25T07:04:50.675Z","operation":"createMcpServerInstance","msg":"All MCP capabilities registered successfully"}
{"level":30,"time":1772003090685,"env":"development","version":"2.8.4","pid":44936,"transport":"stdio","requestId":"AXHXU-0C2NS","timestamp":"2026-02-25T07:04:50.675Z","operation":"connectStdioTransport","transportType":"Stdio","msg":"Attempting to connect stdio transport..."}
{"level":20,"time":1772003090685,"env":"development","version":"2.8.4","pid":44936,"transport":"stdio","requestId":"AXHXU-0C2NS","timestamp":"2026-02-25T07:04:50.675Z","operation":"connectStdioTransport","transportType":"Stdio","msg":"Creating StdioServerTransport instance..."}
{"level":20,"time":1772003090686,"env":"development","version":"2.8.4","pid":44936,"transport":"stdio","requestId":"AXHXU-0C2NS","timestamp":"2026-02-25T07:04:50.675Z","operation":"connectStdioTransport","transportType":"Stdio","msg":"Connecting McpServer instance to StdioServerTransport..."}
{"level":30,"time":1772003090686,"env":"development","version":"2.8.4","pid":44936,"transport":"stdio","requestId":"AXHXU-0C2NS","timestamp":"2026-02-25T07:04:50.675Z","operation":"connectStdioTransport","transportType":"Stdio","msg":"MCP Server connected and listening via stdio transport."}
{"level":30,"time":1772003090686,"env":"development","version":"2.8.4","pid":44936,"applicationName":"@cyanheads/git-mcp-server","applicationVersion":"2.8.4","nodeEnvironment":"development","requestId":"YHL66-DGDPG","timestamp":"2026-02-25T07:04:50.675Z","operation":"ServerStartup","msg":"@cyanheads/git-mcp-server is now running and ready."}
{"level":30,"time":1772009559678,"env":"development","version":"2.8.4","pid":45000,"requestId":"KGWGC-CYXO0","timestamp":"2026-02-25T08:52:39.676Z","operation":"loggerInit","msg":"Logger initialized. MCP level: debug."}
{"level":30,"time":1772009559678,"env":"development","version":"2.8.4","pid":45000,"requestId":"VWRJK-BXNFY","timestamp":"2026-02-25T08:52:39.678Z","operation":"LoggerInit","msg":"Logger initialized. Effective MCP logging level: debug."}
{"level":30,"time":1772009559678,"env":"development","version":"2.8.4","pid":45000,"runtime":"node","runtimeVersion":"Node.js 25.6.1","requestId":"1FI12-AVSET","timestamp":"2026-02-25T08:52:39.678Z","operation":"RuntimeDetection","msg":"Runtime detected: Node.js 25.6.1"}
{"level":30,"time":1772009559679,"env":"development","version":"2.8.4","pid":45000,"requestId":"EQDV3-1WT85","timestamp":"2026-02-25T08:52:39.679Z","operation":"StorageInit","msg":"Storage service initialized with provider: in-memory"}
{"level":30,"time":1772009559679,"env":"development","version":"2.8.4","pid":45000,"applicationName":"@cyanheads/git-mcp-server","applicationVersion":"2.8.4","nodeEnvironment":"development","requestId":"0TMX4-JCS8K","timestamp":"2026-02-25T08:52:39.679Z","operation":"ServerStartup","msg":"Starting @cyanheads/git-mcp-server (v2.8.4)..."}
{"level":30,"time":1772009559679,"env":"development","version":"2.8.4","pid":45000,"transport":"stdio","requestId":"XPDW4-46N60","timestamp":"2026-02-25T08:52:39.679Z","operation":"TransportManager.start","msg":"Starting transport: stdio"}
{"level":30,"time":1772009559679,"env":"development","version":"2.8.4","pid":45000,"requestId":"Z1Q5F-7WGFX","timestamp":"2026-02-25T08:52:39.679Z","operation":"createMcpServerInstance","msg":"Initializing MCP server instance"}
{"level":20,"time":1772009559679,"env":"development","version":"2.8.4","pid":45000,"requestId":"HVEPO-FZ2OO","timestamp":"2026-02-25T08:52:39.679Z","newConfigState":{"appName":"@cyanheads/git-mcp-server","appVersion":"2.8.4","environment":"development"},"operation":"RequestContextService.configure","msg":"RequestContextService configuration updated"}
{"level":20,"time":1772009559682,"env":"development","version":"2.8.4","pid":45000,"requestId":"Z1Q5F-7WGFX","timestamp":"2026-02-25T08:52:39.679Z","operation":"createMcpServerInstance","msg":"Registering all MCP capabilities via registries..."}
{"level":30,"time":1772009559683,"env":"development","version":"2.8.4","pid":45000,"requestId":"8IY1M-6PYVS","timestamp":"2026-02-25T08:52:39.683Z","operation":"ToolRegistry.registerAll","msg":"Registering 28 tool(s)..."}
{"level":20,"time":1772009559683,"env":"development","version":"2.8.4","pid":45000,"toolName":"git_add","requestId":"B1JOA-TXS3V","timestamp":"2026-02-25T08:52:39.683Z","operation":"ToolRegistry.registerTool","msg":"Registering tool: 'git_add'"}
{"level":30,"time":1772009559684,"env":"development","version":"2.8.4","pid":45000,"toolName":"git_add","requestId":"B1JOA-TXS3V","timestamp":"2026-02-25T08:52:39.683Z","operation":"ToolRegistry.registerTool","msg":"Tool 'git_add' registered successfully."}
{"level":20,"time":1772009559684,"env":"development","version":"2.8.4","pid":45000,"toolName":"git_blame","requestId":"8F2K1-NU6F3","timestamp":"2026-02-25T08:52:39.684Z","operation":"ToolRegistry.registerTool","msg":"Registering tool: 'git_blame'"}
{"level":30,"time":1772009559684,"env":"development","version":"2.8.4","pid":45000,"toolName":"git_blame","requestId":"8F2K1-NU6F3","timestamp":"2026-02-25T08:52:39.684Z","operation":"ToolRegistry.registerTool","msg":"Tool 'git_blame' registered successfully."}
{"level":20,"time":1772009559684,"env":"development","version":"2.8.4","pid":45000,"toolName":"git_branch","requestId":"NDRDV-B2JBT","timestamp":"2026-02-25T08:52:39.684Z","operation":"ToolRegistry.registerTool","msg":"Registering tool: 'git_branch'"}
{"level":30,"time":1772009559684,"env":"development","version":"2.8.4","pid":45000,"toolName":"git_branch","requestId":"NDRDV-B2JBT","timestamp":"2026-02-25T08:52:39.684Z","operation":"ToolRegistry.registerTool","msg":"Tool 'git_branch' registered successfully."}
{"level":20,"time":1772009559684,"env":"development","version":"2.8.4","pid":45000,"toolName":"git_changelog_analyze","requestId":"XC9MB-AKSOV","timestamp":"2026-02-25T08:52:39.684Z","operation":"ToolRegistry.registerTool","msg":"Registering tool: 'git_changelog_analyze'"}
{"level":30,"time":1772009559684,"env":"development","version":"2.8.4","pid":45000,"toolName":"git_changelog_analyze","requestId":"XC9MB-AKSOV","timestamp":"2026-02-25T08:52:39.684Z","operation":"ToolRegistry.registerTool","msg":"Tool 'git_changelog_analyze' registered successfully."}
{"level":20,"time":1772009559684,"env":"development","version":"2.8.4","pid":45000,"toolName":"git_checkout","requestId":"W558F-RIGOE","timestamp":"2026-02-25T08:52:39.684Z","operation":"ToolRegistry.registerTool","msg":"Registering tool: 'git_checkout'"}
{"level":30,"time":1772009559684,"env":"development","version":"2.8.4","pid":45000,"toolName":"git_checkout","requestId":"W558F-RIGOE","timestamp":"2026-02-25T08:52:39.684Z","operation":"ToolRegistry.registerTool","msg":"Tool 'git_checkout' registered successfully."}
{"level":20,"time":1772009559684,"env":"development","version":"2.8.4","pid":45000,"toolName":"git_cherry_pick","requestId":"IGA22-CU1BW","timestamp":"2026-02-25T08:52:39.684Z","operation":"ToolRegistry.registerTool","msg":"Registering tool: 'git_cherry_pick'"}
{"level":30,"time":1772009559684,"env":"development","version":"2.8.4","pid":45000,"toolName":"git_cherry_pick","requestId":"IGA22-CU1BW","timestamp":"2026-02-25T08:52:39.684Z","operation":"ToolRegistry.registerTool","msg":"Tool 'git_cherry_pick' registered successfully."}
{"level":20,"time":1772009559684,"env":"development","version":"2.8.4","pid":45000,"toolName":"git_clean","requestId":"JP1JF-LXMMH","timestamp":"2026-02-25T08:52:39.684Z","operation":"ToolRegistry.registerTool","msg":"Registering tool: 'git_clean'"}
{"level":30,"time":1772009559684,"env":"development","version":"2.8.4","pid":45000,"toolName":"git_clean","requestId":"JP1JF-LXMMH","timestamp":"2026-02-25T08:52:39.684Z","operation":"ToolRegistry.registerTool","msg":"Tool 'git_clean' registered successfully."}
{"level":20,"time":1772009559684,"env":"development","version":"2.8.4","pid":45000,"toolName":"git_clear_working_dir","requestId":"SGYMD-JBSDB","timestamp":"2026-02-25T08:52:39.684Z","operation":"ToolRegistry.registerTool","msg":"Registering tool: 'git_clear_working_dir'"}
{"level":30,"time":1772009559684,"env":"development","version":"2.8.4","pid":45000,"toolName":"git_clear_working_dir","requestId":"SGYMD-JBSDB","timestamp":"2026-02-25T08:52:39.684Z","operation":"ToolRegistry.registerTool","msg":"Tool 'git_clear_working_dir' registered successfully."}
{"level":20,"time":1772009559684,"env":"development","version":"2.8.4","pid":45000,"toolName":"git_clone","requestId":"EDM6J-F71M4","timestamp":"2026-02-25T08:52:39.684Z","operation":"ToolRegistry.registerTool","msg":"Registering tool: 'git_clone'"}
{"level":30,"time":1772009559684,"env":"development","version":"2.8.4","pid":45000,"toolName":"git_clone","requestId":"EDM6J-F71M4","timestamp":"2026-02-25T08:52:39.684Z","operation":"ToolRegistry.registerTool","msg":"Tool 'git_clone' registered successfully."}
{"level":20,"time":1772009559684,"env":"development","version":"2.8.4","pid":45000,"toolName":"git_commit","requestId":"SXORL-6UAGC","timestamp":"2026-02-25T08:52:39.684Z","operation":"ToolRegistry.registerTool","msg":"Registering tool: 'git_commit'"}
{"level":30,"time":1772009559684,"env":"development","version":"2.8.4","pid":45000,"toolName":"git_commit","requestId":"SXORL-6UAGC","timestamp":"2026-02-25T08:52:39.684Z","operation":"ToolRegistry.registerTool","msg":"Tool 'git_commit' registered successfully."}
{"level":20,"time":1772009559684,"env":"development","version":"2.8.4","pid":45000,"toolName":"git_diff","requestId":"WHQVF-785EB","timestamp":"2026-02-25T08:52:39.684Z","operation":"ToolRegistry.registerTool","msg":"Registering tool: 'git_diff'"}
{"level":30,"time":1772009559684,"env":"development","version":"2.8.4","pid":45000,"toolName":"git_diff","requestId":"WHQVF-785EB","timestamp":"2026-02-25T08:52:39.684Z","operation":"ToolRegistry.registerTool","msg":"Tool 'git_diff' registered successfully."}
{"level":20,"time":1772009559684,"env":"development","version":"2.8.4","pid":45000,"toolName":"git_fetch","requestId":"SE1ED-8FCNP","timestamp":"2026-02-25T08:52:39.684Z","operation":"ToolRegistry.registerTool","msg":"Registering tool: 'git_fetch'"}
{"level":30,"time":1772009559684,"env":"development","version":"2.8.4","pid":45000,"toolName":"git_fetch","requestId":"SE1ED-8FCNP","timestamp":"2026-02-25T08:52:39.684Z","operation":"ToolRegistry.registerTool","msg":"Tool 'git_fetch' registered successfully."}
{"level":20,"time":1772009559684,"env":"development","version":"2.8.4","pid":45000,"toolName":"git_init","requestId":"YJIY1-RNXBZ","timestamp":"2026-02-25T08:52:39.684Z","operation":"ToolRegistry.registerTool","msg":"Registering tool: 'git_init'"}
{"level":30,"time":1772009559684,"env":"development","version":"2.8.4","pid":45000,"toolName":"git_init","requestId":"YJIY1-RNXBZ","timestamp":"2026-02-25T08:52:39.684Z","operation":"ToolRegistry.registerTool","msg":"Tool 'git_init' registered successfully."}
{"level":20,"time":1772009559684,"env":"development","version":"2.8.4","pid":45000,"toolName":"git_log","requestId":"G586U-TP6HY","timestamp":"2026-02-25T08:52:39.684Z","operation":"ToolRegistry.registerTool","msg":"Registering tool: 'git_log'"}
{"level":30,"time":1772009559685,"env":"development","version":"2.8.4","pid":45000,"toolName":"git_log","requestId":"G586U-TP6HY","timestamp":"2026-02-25T08:52:39.684Z","operation":"ToolRegistry.registerTool","msg":"Tool 'git_log' registered successfully."}
{"level":20,"time":1772009559685,"env":"development","version":"2.8.4","pid":45000,"toolName":"git_merge","requestId":"DCHCD-DJCNN","timestamp":"2026-02-25T08:52:39.685Z","operation":"ToolRegistry.registerTool","msg":"Registering tool: 'git_merge'"}
{"level":30,"time":1772009559685,"env":"development","version":"2.8.4","pid":45000,"toolName":"git_merge","requestId":"DCHCD-DJCNN","timestamp":"2026-02-25T08:52:39.685Z","operation":"ToolRegistry.registerTool","msg":"Tool 'git_merge' registered successfully."}
{"level":20,"time":1772009559685,"env":"development","version":"2.8.4","pid":45000,"toolName":"git_pull","requestId":"MC658-8LMUK","timestamp":"2026-02-25T08:52:39.685Z","operation":"ToolRegistry.registerTool","msg":"Registering tool: 'git_pull'"}
{"level":30,"time":1772009559685,"env":"development","version":"2.8.4","pid":45000,"toolName":"git_pull","requestId":"MC658-8LMUK","timestamp":"2026-02-25T08:52:39.685Z","operation":"ToolRegistry.registerTool","msg":"Tool 'git_pull' registered successfully."}
{"level":20,"time":1772009559685,"env":"development","version":"2.8.4","pid":45000,"toolName":"git_push","requestId":"ZNART-JKR9G","timestamp":"2026-02-25T08:52:39.685Z","operation":"ToolRegistry.registerTool","msg":"Registering tool: 'git_push'"}
{"level":30,"time":1772009559685,"env":"development","version":"2.8.4","pid":45000,"toolName":"git_push","requestId":"ZNART-JKR9G","timestamp":"2026-02-25T08:52:39.685Z","operation":"ToolRegistry.registerTool","msg":"Tool 'git_push' registered successfully."}
{"level":20,"time":1772009559685,"env":"development","version":"2.8.4","pid":45000,"toolName":"git_rebase","requestId":"WFTBJ-XIGHA","timestamp":"2026-02-25T08:52:39.685Z","operation":"ToolRegistry.registerTool","msg":"Registering tool: 'git_rebase'"}
{"level":30,"time":1772009559685,"env":"development","version":"2.8.4","pid":45000,"toolName":"git_rebase","requestId":"WFTBJ-XIGHA","timestamp":"2026-02-25T08:52:39.685Z","operation":"ToolRegistry.registerTool","msg":"Tool 'git_rebase' registered successfully."}
{"level":20,"time":1772009559685,"env":"development","version":"2.8.4","pid":45000,"toolName":"git_reflog","requestId":"BEJZ1-RY6NF","timestamp":"2026-02-25T08:52:39.685Z","operation":"ToolRegistry.registerTool","msg":"Registering tool: 'git_reflog'"}
{"level":30,"time":1772009559685,"env":"development","version":"2.8.4","pid":45000,"toolName":"git_reflog","requestId":"BEJZ1-RY6NF","timestamp":"2026-02-25T08:52:39.685Z","operation":"ToolRegistry.registerTool","msg":"Tool 'git_reflog' registered successfully."}
{"level":20,"time":1772009559685,"env":"development","version":"2.8.4","pid":45000,"toolName":"git_remote","requestId":"ROK5V-YW167","timestamp":"2026-02-25T08:52:39.685Z","operation":"ToolRegistry.registerTool","msg":"Registering tool: 'git_remote'"}
{"level":30,"time":1772009559685,"env":"development","version":"2.8.4","pid":45000,"toolName":"git_remote","requestId":"ROK5V-YW167","timestamp":"2026-02-25T08:52:39.685Z","operation":"ToolRegistry.registerTool","msg":"Tool 'git_remote' registered successfully."}
{"level":20,"time":1772009559685,"env":"development","version":"2.8.4","pid":45000,"toolName":"git_reset","requestId":"WRAL4-IMY8P","timestamp":"2026-02-25T08:52:39.685Z","operation":"ToolRegistry.registerTool","msg":"Registering tool: 'git_reset'"}
{"level":30,"time":1772009559685,"env":"development","version":"2.8.4","pid":45000,"toolName":"git_reset","requestId":"WRAL4-IMY8P","timestamp":"2026-02-25T08:52:39.685Z","operation":"ToolRegistry.registerTool","msg":"Tool 'git_reset' registered successfully."}
{"level":20,"time":1772009559685,"env":"development","version":"2.8.4","pid":45000,"toolName":"git_set_working_dir","requestId":"II0MK-KQLQG","timestamp":"2026-02-25T08:52:39.685Z","operation":"ToolRegistry.registerTool","msg":"Registering tool: 'git_set_working_dir'"}
{"level":30,"time":1772009559685,"env":"development","version":"2.8.4","pid":45000,"toolName":"git_set_working_dir","requestId":"II0MK-KQLQG","timestamp":"2026-02-25T08:52:39.685Z","operation":"ToolRegistry.registerTool","msg":"Tool 'git_set_working_dir' registered successfully."}
{"level":20,"time":1772009559685,"env":"development","version":"2.8.4","pid":45000,"toolName":"git_show","requestId":"C6E42-EQDQX","timestamp":"2026-02-25T08:52:39.685Z","operation":"ToolRegistry.registerTool","msg":"Registering tool: 'git_show'"}
{"level":30,"time":1772009559685,"env":"development","version":"2.8.4","pid":45000,"toolName":"git_show","requestId":"C6E42-EQDQX","timestamp":"2026-02-25T08:52:39.685Z","operation":"ToolRegistry.registerTool","msg":"Tool 'git_show' registered successfully."}
{"level":20,"time":1772009559685,"env":"development","version":"2.8.4","pid":45000,"toolName":"git_stash","requestId":"137RD-HEEWI","timestamp":"2026-02-25T08:52:39.685Z","operation":"ToolRegistry.registerTool","msg":"Registering tool: 'git_stash'"}
{"level":30,"time":1772009559685,"env":"development","version":"2.8.4","pid":45000,"toolName":"git_stash","requestId":"137RD-HEEWI","timestamp":"2026-02-25T08:52:39.685Z","operation":"ToolRegistry.registerTool","msg":"Tool 'git_stash' registered successfully."}
{"level":20,"time":1772009559685,"env":"development","version":"2.8.4","pid":45000,"toolName":"git_status","requestId":"XGWFY-OE8OH","timestamp":"2026-02-25T08:52:39.685Z","operation":"ToolRegistry.registerTool","msg":"Registering tool: 'git_status'"}
{"level":30,"time":1772009559685,"env":"development","version":"2.8.4","pid":45000,"toolName":"git_status","requestId":"XGWFY-OE8OH","timestamp":"2026-02-25T08:52:39.685Z","operation":"ToolRegistry.registerTool","msg":"Tool 'git_status' registered successfully."}
{"level":20,"time":1772009559685,"env":"development","version":"2.8.4","pid":45000,"toolName":"git_tag","requestId":"G0CE9-CP89V","timestamp":"2026-02-25T08:52:39.685Z","operation":"ToolRegistry.registerTool","msg":"Registering tool: 'git_tag'"}
{"level":30,"time":1772009559685,"env":"development","version":"2.8.4","pid":45000,"toolName":"git_tag","requestId":"G0CE9-CP89V","timestamp":"2026-02-25T08:52:39.685Z","operation":"ToolRegistry.registerTool","msg":"Tool 'git_tag' registered successfully."}
{"level":20,"time":1772009559685,"env":"development","version":"2.8.4","pid":45000,"toolName":"git_worktree","requestId":"K4S4E-MS0Z0","timestamp":"2026-02-25T08:52:39.685Z","operation":"ToolRegistry.registerTool","msg":"Registering tool: 'git_worktree'"}
{"level":30,"time":1772009559685,"env":"development","version":"2.8.4","pid":45000,"toolName":"git_worktree","requestId":"K4S4E-MS0Z0","timestamp":"2026-02-25T08:52:39.685Z","operation":"ToolRegistry.registerTool","msg":"Tool 'git_worktree' registered successfully."}
{"level":20,"time":1772009559685,"env":"development","version":"2.8.4","pid":45000,"toolName":"git_wrapup_instructions","requestId":"R68YH-K0TTQ","timestamp":"2026-02-25T08:52:39.685Z","operation":"ToolRegistry.registerTool","msg":"Registering tool: 'git_wrapup_instructions'"}
{"level":30,"time":1772009559685,"env":"development","version":"2.8.4","pid":45000,"toolName":"git_wrapup_instructions","requestId":"R68YH-K0TTQ","timestamp":"2026-02-25T08:52:39.685Z","operation":"ToolRegistry.registerTool","msg":"Tool 'git_wrapup_instructions' registered successfully."}
{"level":30,"time":1772009559685,"env":"development","version":"2.8.4","pid":45000,"requestId":"AHQ68-YMXLD","timestamp":"2026-02-25T08:52:39.685Z","operation":"ResourceRegistry.registerAll","msg":"Registering 1 resource(s)..."}
{"level":30,"time":1772009559685,"env":"development","version":"2.8.4","pid":45000,"requestId":"2V5UW-SSMEN","timestamp":"2026-02-25T08:52:39.685Z","resourceName":"git-working-directory","operation":"RegisterResource","msg":"Registering resource: 'git-working-directory'"}
{"level":30,"time":1772009559686,"env":"development","version":"2.8.4","pid":45000,"requestId":"2V5UW-SSMEN","timestamp":"2026-02-25T08:52:39.685Z","resourceName":"git-working-directory","operation":"RegisterResource","msg":"Resource 'git-working-directory' registered successfully."}
{"level":20,"time":1772009559686,"env":"development","version":"2.8.4","pid":45000,"requestId":"2S56T-GJPO5","timestamp":"2026-02-25T08:52:39.686Z","operation":"PromptRegistry.registerAll","msg":"Registering 1 prompts..."}
{"level":20,"time":1772009559686,"env":"development","version":"2.8.4","pid":45000,"requestId":"2S56T-GJPO5","timestamp":"2026-02-25T08:52:39.686Z","operation":"PromptRegistry.registerAll","msg":"Registering prompt: git_wrapup"}
{"level":30,"time":1772009559686,"env":"development","version":"2.8.4","pid":45000,"requestId":"2S56T-GJPO5","timestamp":"2026-02-25T08:52:39.686Z","operation":"PromptRegistry.registerAll","msg":"Registered prompt: git_wrapup"}
{"level":30,"time":1772009559686,"env":"development","version":"2.8.4","pid":45000,"requestId":"2S56T-GJPO5","timestamp":"2026-02-25T08:52:39.686Z","operation":"PromptRegistry.registerAll","msg":"Successfully registered 1 prompts"}
{"level":30,"time":1772009559686,"env":"development","version":"2.8.4","pid":45000,"requestId":"Z1Q5F-7WGFX","timestamp":"2026-02-25T08:52:39.679Z","operation":"createMcpServerInstance","msg":"All MCP capabilities registered successfully"}
{"level":30,"time":1772009559686,"env":"development","version":"2.8.4","pid":45000,"transport":"stdio","requestId":"XPDW4-46N60","timestamp":"2026-02-25T08:52:39.679Z","operation":"connectStdioTransport","transportType":"Stdio","msg":"Attempting to connect stdio transport..."}
{"level":20,"time":1772009559686,"env":"development","version":"2.8.4","pid":45000,"transport":"stdio","requestId":"XPDW4-46N60","timestamp":"2026-02-25T08:52:39.679Z","operation":"connectStdioTransport","transportType":"Stdio","msg":"Creating StdioServerTransport instance..."}
{"level":20,"time":1772009559686,"env":"development","version":"2.8.4","pid":45000,"transport":"stdio","requestId":"XPDW4-46N60","timestamp":"2026-02-25T08:52:39.679Z","operation":"connectStdioTransport","transportType":"Stdio","msg":"Connecting McpServer instance to StdioServerTransport..."}
{"level":30,"time":1772009559687,"env":"development","version":"2.8.4","pid":45000,"transport":"stdio","requestId":"XPDW4-46N60","timestamp":"2026-02-25T08:52:39.679Z","operation":"connectStdioTransport","transportType":"Stdio","msg":"MCP Server connected and listening via stdio transport."}
{"level":30,"time":1772009559687,"env":"development","version":"2.8.4","pid":45000,"applicationName":"@cyanheads/git-mcp-server","applicationVersion":"2.8.4","nodeEnvironment":"development","requestId":"0TMX4-JCS8K","timestamp":"2026-02-25T08:52:39.679Z","operation":"ServerStartup","msg":"@cyanheads/git-mcp-server is now running and ready."}
{"level":30,"time":1772011326044,"env":"development","version":"2.8.4","pid":46156,"requestId":"C598D-HQQGZ","timestamp":"2026-02-25T09:22:06.042Z","operation":"loggerInit","msg":"Logger initialized. MCP level: debug."}
{"level":30,"time":1772011326045,"env":"development","version":"2.8.4","pid":46156,"requestId":"79J4D-JBB1T","timestamp":"2026-02-25T09:22:06.045Z","operation":"LoggerInit","msg":"Logger initialized. Effective MCP logging level: debug."}
{"level":30,"time":1772011326045,"env":"development","version":"2.8.4","pid":46156,"runtime":"node","runtimeVersion":"Node.js 25.6.1","requestId":"3FPUS-02RXV","timestamp":"2026-02-25T09:22:06.045Z","operation":"RuntimeDetection","msg":"Runtime detected: Node.js 25.6.1"}
{"level":30,"time":1772011326045,"env":"development","version":"2.8.4","pid":46156,"requestId":"WDTNZ-3ZBPY","timestamp":"2026-02-25T09:22:06.045Z","operation":"StorageInit","msg":"Storage service initialized with provider: in-memory"}
{"level":30,"time":1772011326045,"env":"development","version":"2.8.4","pid":46156,"applicationName":"@cyanheads/git-mcp-server","applicationVersion":"2.8.4","nodeEnvironment":"development","requestId":"9RTFX-8ISQE","timestamp":"2026-02-25T09:22:06.045Z","operation":"ServerStartup","msg":"Starting @cyanheads/git-mcp-server (v2.8.4)..."}
{"level":30,"time":1772011326045,"env":"development","version":"2.8.4","pid":46156,"transport":"stdio","requestId":"PZZOA-M2B8K","timestamp":"2026-02-25T09:22:06.045Z","operation":"TransportManager.start","msg":"Starting transport: stdio"}
{"level":30,"time":1772011326046,"env":"development","version":"2.8.4","pid":46156,"requestId":"6WNO4-6L27X","timestamp":"2026-02-25T09:22:06.046Z","operation":"createMcpServerInstance","msg":"Initializing MCP server instance"}
{"level":20,"time":1772011326046,"env":"development","version":"2.8.4","pid":46156,"requestId":"W0PXB-Q5RW7","timestamp":"2026-02-25T09:22:06.046Z","newConfigState":{"appName":"@cyanheads/git-mcp-server","appVersion":"2.8.4","environment":"development"},"operation":"RequestContextService.configure","msg":"RequestContextService configuration updated"}
{"level":20,"time":1772011326049,"env":"development","version":"2.8.4","pid":46156,"requestId":"6WNO4-6L27X","timestamp":"2026-02-25T09:22:06.046Z","operation":"createMcpServerInstance","msg":"Registering all MCP capabilities via registries..."}
{"level":30,"time":1772011326049,"env":"development","version":"2.8.4","pid":46156,"requestId":"I3777-1VTNM","timestamp":"2026-02-25T09:22:06.049Z","operation":"ToolRegistry.registerAll","msg":"Registering 28 tool(s)..."}
{"level":20,"time":1772011326049,"env":"development","version":"2.8.4","pid":46156,"toolName":"git_add","requestId":"YU72G-0MRQ2","timestamp":"2026-02-25T09:22:06.049Z","operation":"ToolRegistry.registerTool","msg":"Registering tool: 'git_add'"}
{"level":30,"time":1772011326050,"env":"development","version":"2.8.4","pid":46156,"toolName":"git_add","requestId":"YU72G-0MRQ2","timestamp":"2026-02-25T09:22:06.049Z","operation":"ToolRegistry.registerTool","msg":"Tool 'git_add' registered successfully."}
{"level":20,"time":1772011326050,"env":"development","version":"2.8.4","pid":46156,"toolName":"git_blame","requestId":"TYDK2-K4YWA","timestamp":"2026-02-25T09:22:06.050Z","operation":"ToolRegistry.registerTool","msg":"Registering tool: 'git_blame'"}
{"level":30,"time":1772011326050,"env":"development","version":"2.8.4","pid":46156,"toolName":"git_blame","requestId":"TYDK2-K4YWA","timestamp":"2026-02-25T09:22:06.050Z","operation":"ToolRegistry.registerTool","msg":"Tool 'git_blame' registered successfully."}
{"level":20,"time":1772011326050,"env":"development","version":"2.8.4","pid":46156,"toolName":"git_branch","requestId":"SXO0O-8J0YN","timestamp":"2026-02-25T09:22:06.050Z","operation":"ToolRegistry.registerTool","msg":"Registering tool: 'git_branch'"}
{"level":30,"time":1772011326050,"env":"development","version":"2.8.4","pid":46156,"toolName":"git_branch","requestId":"SXO0O-8J0YN","timestamp":"2026-02-25T09:22:06.050Z","operation":"ToolRegistry.registerTool","msg":"Tool 'git_branch' registered successfully."}
{"level":20,"time":1772011326050,"env":"development","version":"2.8.4","pid":46156,"toolName":"git_changelog_analyze","requestId":"3XCQQ-0H2YF","timestamp":"2026-02-25T09:22:06.050Z","operation":"ToolRegistry.registerTool","msg":"Registering tool: 'git_changelog_analyze'"}
{"level":30,"time":1772011326051,"env":"development","version":"2.8.4","pid":46156,"toolName":"git_changelog_analyze","requestId":"3XCQQ-0H2YF","timestamp":"2026-02-25T09:22:06.050Z","operation":"ToolRegistry.registerTool","msg":"Tool 'git_changelog_analyze' registered successfully."}
{"level":20,"time":1772011326051,"env":"development","version":"2.8.4","pid":46156,"toolName":"git_checkout","requestId":"SIQ4U-RERAC","timestamp":"2026-02-25T09:22:06.051Z","operation":"ToolRegistry.registerTool","msg":"Registering tool: 'git_checkout'"}
{"level":30,"time":1772011326051,"env":"development","version":"2.8.4","pid":46156,"toolName":"git_checkout","requestId":"SIQ4U-RERAC","timestamp":"2026-02-25T09:22:06.051Z","operation":"ToolRegistry.registerTool","msg":"Tool 'git_checkout' registered successfully."}
{"level":20,"time":1772011326051,"env":"development","version":"2.8.4","pid":46156,"toolName":"git_cherry_pick","requestId":"96QOX-M4Z27","timestamp":"2026-02-25T09:22:06.051Z","operation":"ToolRegistry.registerTool","msg":"Registering tool: 'git_cherry_pick'"}
{"level":30,"time":1772011326051,"env":"development","version":"2.8.4","pid":46156,"toolName":"git_cherry_pick","requestId":"96QOX-M4Z27","timestamp":"2026-02-25T09:22:06.051Z","operation":"ToolRegistry.registerTool","msg":"Tool 'git_cherry_pick' registered successfully."}
{"level":20,"time":1772011326051,"env":"development","version":"2.8.4","pid":46156,"toolName":"git_clean","requestId":"UT2MF-7PEFO","timestamp":"2026-02-25T09:22:06.051Z","operation":"ToolRegistry.registerTool","msg":"Registering tool: 'git_clean'"}
{"level":30,"time":1772011326051,"env":"development","version":"2.8.4","pid":46156,"toolName":"git_clean","requestId":"UT2MF-7PEFO","timestamp":"2026-02-25T09:22:06.051Z","operation":"ToolRegistry.registerTool","msg":"Tool 'git_clean' registered successfully."}
{"level":20,"time":1772011326051,"env":"development","version":"2.8.4","pid":46156,"toolName":"git_clear_working_dir","requestId":"GRKS0-8THA7","timestamp":"2026-02-25T09:22:06.051Z","operation":"ToolRegistry.registerTool","msg":"Registering tool: 'git_clear_working_dir'"}
{"level":30,"time":1772011326051,"env":"development","version":"2.8.4","pid":46156,"toolName":"git_clear_working_dir","requestId":"GRKS0-8THA7","timestamp":"2026-02-25T09:22:06.051Z","operation":"ToolRegistry.registerTool","msg":"Tool 'git_clear_working_dir' registered successfully."}
{"level":20,"time":1772011326051,"env":"development","version":"2.8.4","pid":46156,"toolName":"git_clone","requestId":"G7OA1-IEC6I","timestamp":"2026-02-25T09:22:06.051Z","operation":"ToolRegistry.registerTool","msg":"Registering tool: 'git_clone'"}
{"level":30,"time":1772011326051,"env":"development","version":"2.8.4","pid":46156,"toolName":"git_clone","requestId":"G7OA1-IEC6I","timestamp":"2026-02-25T09:22:06.051Z","operation":"ToolRegistry.registerTool","msg":"Tool 'git_clone' registered successfully."}
{"level":20,"time":1772011326051,"env":"development","version":"2.8.4","pid":46156,"toolName":"git_commit","requestId":"23ZJ8-N4O4E","timestamp":"2026-02-25T09:22:06.051Z","operation":"ToolRegistry.registerTool","msg":"Registering tool: 'git_commit'"}
{"level":30,"time":1772011326051,"env":"development","version":"2.8.4","pid":46156,"toolName":"git_commit","requestId":"23ZJ8-N4O4E","timestamp":"2026-02-25T09:22:06.051Z","operation":"ToolRegistry.registerTool","msg":"Tool 'git_commit' registered successfully."}
{"level":20,"time":1772011326051,"env":"development","version":"2.8.4","pid":46156,"toolName":"git_diff","requestId":"L3N12-SC69J","timestamp":"2026-02-25T09:22:06.051Z","operation":"ToolRegistry.registerTool","msg":"Registering tool: 'git_diff'"}
{"level":30,"time":1772011326051,"env":"development","version":"2.8.4","pid":46156,"toolName":"git_diff","requestId":"L3N12-SC69J","timestamp":"2026-02-25T09:22:06.051Z","operation":"ToolRegistry.registerTool","msg":"Tool 'git_diff' registered successfully."}
{"level":20,"time":1772011326051,"env":"development","version":"2.8.4","pid":46156,"toolName":"git_fetch","requestId":"ZR0I9-TJZ6P","timestamp":"2026-02-25T09:22:06.051Z","operation":"ToolRegistry.registerTool","msg":"Registering tool: 'git_fetch'"}
{"level":30,"time":1772011326051,"env":"development","version":"2.8.4","pid":46156,"toolName":"git_fetch","requestId":"ZR0I9-TJZ6P","timestamp":"2026-02-25T09:22:06.051Z","operation":"ToolRegistry.registerTool","msg":"Tool 'git_fetch' registered successfully."}
{"level":20,"time":1772011326051,"env":"development","version":"2.8.4","pid":46156,"toolName":"git_init","requestId":"EL5ZJ-T32P2","timestamp":"2026-02-25T09:22:06.051Z","operation":"ToolRegistry.registerTool","msg":"Registering tool: 'git_init'"}
{"level":30,"time":1772011326051,"env":"development","version":"2.8.4","pid":46156,"toolName":"git_init","requestId":"EL5ZJ-T32P2","timestamp":"2026-02-25T09:22:06.051Z","operation":"ToolRegistry.registerTool","msg":"Tool 'git_init' registered successfully."}
{"level":20,"time":1772011326051,"env":"development","version":"2.8.4","pid":46156,"toolName":"git_log","requestId":"3HY19-AXIW1","timestamp":"2026-02-25T09:22:06.051Z","operation":"ToolRegistry.registerTool","msg":"Registering tool: 'git_log'"}
{"level":30,"time":1772011326051,"env":"development","version":"2.8.4","pid":46156,"toolName":"git_log","requestId":"3HY19-AXIW1","timestamp":"2026-02-25T09:22:06.051Z","operation":"ToolRegistry.registerTool","msg":"Tool 'git_log' registered successfully."}
{"level":20,"time":1772011326051,"env":"development","version":"2.8.4","pid":46156,"toolName":"git_merge","requestId":"52B6M-Q8L5Q","timestamp":"2026-02-25T09:22:06.051Z","operation":"ToolRegistry.registerTool","msg":"Registering tool: 'git_merge'"}
{"level":30,"time":1772011326051,"env":"development","version":"2.8.4","pid":46156,"toolName":"git_merge","requestId":"52B6M-Q8L5Q","timestamp":"2026-02-25T09:22:06.051Z","operation":"ToolRegistry.registerTool","msg":"Tool 'git_merge' registered successfully."}
{"level":20,"time":1772011326051,"env":"development","version":"2.8.4","pid":46156,"toolName":"git_pull","requestId":"0VQOA-T9O74","timestamp":"2026-02-25T09:22:06.051Z","operation":"ToolRegistry.registerTool","msg":"Registering tool: 'git_pull'"}
{"level":30,"time":1772011326051,"env":"development","version":"2.8.4","pid":46156,"toolName":"git_pull","requestId":"0VQOA-T9O74","timestamp":"2026-02-25T09:22:06.051Z","operation":"ToolRegistry.registerTool","msg":"Tool 'git_pull' registered successfully."}
{"level":20,"time":1772011326051,"env":"development","version":"2.8.4","pid":46156,"toolName":"git_push","requestId":"CZ1OX-UV5BK","timestamp":"2026-02-25T09:22:06.051Z","operation":"ToolRegistry.registerTool","msg":"Registering tool: 'git_push'"}
{"level":30,"time":1772011326051,"env":"development","version":"2.8.4","pid":46156,"toolName":"git_push","requestId":"CZ1OX-UV5BK","timestamp":"2026-02-25T09:22:06.051Z","operation":"ToolRegistry.registerTool","msg":"Tool 'git_push' registered successfully."}
{"level":20,"time":1772011326051,"env":"development","version":"2.8.4","pid":46156,"toolName":"git_rebase","requestId":"EAXLB-UJAJ9","timestamp":"2026-02-25T09:22:06.051Z","operation":"ToolRegistry.registerTool","msg":"Registering tool: 'git_rebase'"}
{"level":30,"time":1772011326051,"env":"development","version":"2.8.4","pid":46156,"toolName":"git_rebase","requestId":"EAXLB-UJAJ9","timestamp":"2026-02-25T09:22:06.051Z","operation":"ToolRegistry.registerTool","msg":"Tool 'git_rebase' registered successfully."}
{"level":20,"time":1772011326051,"env":"development","version":"2.8.4","pid":46156,"toolName":"git_reflog","requestId":"R32MJ-85J4Z","timestamp":"2026-02-25T09:22:06.051Z","operation":"ToolRegistry.registerTool","msg":"Registering tool: 'git_reflog'"}
{"level":30,"time":1772011326051,"env":"development","version":"2.8.4","pid":46156,"toolName":"git_reflog","requestId":"R32MJ-85J4Z","timestamp":"2026-02-25T09:22:06.051Z","operation":"ToolRegistry.registerTool","msg":"Tool 'git_reflog' registered successfully."}
{"level":20,"time":1772011326051,"env":"development","version":"2.8.4","pid":46156,"toolName":"git_remote","requestId":"IF7BE-3N1PQ","timestamp":"2026-02-25T09:22:06.051Z","operation":"ToolRegistry.registerTool","msg":"Registering tool: 'git_remote'"}
{"level":30,"time":1772011326051,"env":"development","version":"2.8.4","pid":46156,"toolName":"git_remote","requestId":"IF7BE-3N1PQ","timestamp":"2026-02-25T09:22:06.051Z","operation":"ToolRegistry.registerTool","msg":"Tool 'git_remote' registered successfully."}
{"level":20,"time":1772011326052,"env":"development","version":"2.8.4","pid":46156,"toolName":"git_reset","requestId":"XLTBP-408U9","timestamp":"2026-02-25T09:22:06.052Z","operation":"ToolRegistry.registerTool","msg":"Registering tool: 'git_reset'"}
{"level":30,"time":1772011326052,"env":"development","version":"2.8.4","pid":46156,"toolName":"git_reset","requestId":"XLTBP-408U9","timestamp":"2026-02-25T09:22:06.052Z","operation":"ToolRegistry.registerTool","msg":"Tool 'git_reset' registered successfully."}
{"level":20,"time":1772011326052,"env":"development","version":"2.8.4","pid":46156,"toolName":"git_set_working_dir","requestId":"UQFM9-T6KYT","timestamp":"2026-02-25T09:22:06.052Z","operation":"ToolRegistry.registerTool","msg":"Registering tool: 'git_set_working_dir'"}
{"level":30,"time":1772011326052,"env":"development","version":"2.8.4","pid":46156,"toolName":"git_set_working_dir","requestId":"UQFM9-T6KYT","timestamp":"2026-02-25T09:22:06.052Z","operation":"ToolRegistry.registerTool","msg":"Tool 'git_set_working_dir' registered successfully."}
{"level":20,"time":1772011326052,"env":"development","version":"2.8.4","pid":46156,"toolName":"git_show","requestId":"XZT2V-WQ3QQ","timestamp":"2026-02-25T09:22:06.052Z","operation":"ToolRegistry.registerTool","msg":"Registering tool: 'git_show'"}
{"level":30,"time":1772011326052,"env":"development","version":"2.8.4","pid":46156,"toolName":"git_show","requestId":"XZT2V-WQ3QQ","timestamp":"2026-02-25T09:22:06.052Z","operation":"ToolRegistry.registerTool","msg":"Tool 'git_show' registered successfully."}
{"level":20,"time":1772011326052,"env":"development","version":"2.8.4","pid":46156,"toolName":"git_stash","requestId":"1R81N-BVP0K","timestamp":"2026-02-25T09:22:06.052Z","operation":"ToolRegistry.registerTool","msg":"Registering tool: 'git_stash'"}
{"level":30,"time":1772011326052,"env":"development","version":"2.8.4","pid":46156,"toolName":"git_stash","requestId":"1R81N-BVP0K","timestamp":"2026-02-25T09:22:06.052Z","operation":"ToolRegistry.registerTool","msg":"Tool 'git_stash' registered successfully."}
{"level":20,"time":1772011326052,"env":"development","version":"2.8.4","pid":46156,"toolName":"git_status","requestId":"R0LZX-OQEJ4","timestamp":"2026-02-25T09:22:06.052Z","operation":"ToolRegistry.registerTool","msg":"Registering tool: 'git_status'"}
{"level":30,"time":1772011326052,"env":"development","version":"2.8.4","pid":46156,"toolName":"git_status","requestId":"R0LZX-OQEJ4","timestamp":"2026-02-25T09:22:06.052Z","operation":"ToolRegistry.registerTool","msg":"Tool 'git_status' registered successfully."}
{"level":20,"time":1772011326052,"env":"development","version":"2.8.4","pid":46156,"toolName":"git_tag","requestId":"Y93H3-HRX5W","timestamp":"2026-02-25T09:22:06.052Z","operation":"ToolRegistry.registerTool","msg":"Registering tool: 'git_tag'"}
{"level":30,"time":1772011326052,"env":"development","version":"2.8.4","pid":46156,"toolName":"git_tag","requestId":"Y93H3-HRX5W","timestamp":"2026-02-25T09:22:06.052Z","operation":"ToolRegistry.registerTool","msg":"Tool 'git_tag' registered successfully."}
{"level":20,"time":1772011326052,"env":"development","version":"2.8.4","pid":46156,"toolName":"git_worktree","requestId":"QR242-E3F3C","timestamp":"2026-02-25T09:22:06.052Z","operation":"ToolRegistry.registerTool","msg":"Registering tool: 'git_worktree'"}
{"level":30,"time":1772011326052,"env":"development","version":"2.8.4","pid":46156,"toolName":"git_worktree","requestId":"QR242-E3F3C","timestamp":"2026-02-25T09:22:06.052Z","operation":"ToolRegistry.registerTool","msg":"Tool 'git_worktree' registered successfully."}
{"level":20,"time":1772011326052,"env":"development","version":"2.8.4","pid":46156,"toolName":"git_wrapup_instructions","requestId":"B5W3V-WIL5Q","timestamp":"2026-02-25T09:22:06.052Z","operation":"ToolRegistry.registerTool","msg":"Registering tool: 'git_wrapup_instructions'"}
{"level":30,"time":1772011326052,"env":"development","version":"2.8.4","pid":46156,"toolName":"git_wrapup_instructions","requestId":"B5W3V-WIL5Q","timestamp":"2026-02-25T09:22:06.052Z","operation":"ToolRegistry.registerTool","msg":"Tool 'git_wrapup_instructions' registered successfully."}
{"level":30,"time":1772011326052,"env":"development","version":"2.8.4","pid":46156,"requestId":"QTLXQ-DVAEU","timestamp":"2026-02-25T09:22:06.052Z","operation":"ResourceRegistry.registerAll","msg":"Registering 1 resource(s)..."}
{"level":30,"time":1772011326052,"env":"development","version":"2.8.4","pid":46156,"requestId":"48K7J-NR1GK","timestamp":"2026-02-25T09:22:06.052Z","resourceName":"git-working-directory","operation":"RegisterResource","msg":"Registering resource: 'git-working-directory'"}
{"level":30,"time":1772011326052,"env":"development","version":"2.8.4","pid":46156,"requestId":"48K7J-NR1GK","timestamp":"2026-02-25T09:22:06.052Z","resourceName":"git-working-directory","operation":"RegisterResource","msg":"Resource 'git-working-directory' registered successfully."}
{"level":20,"time":1772011326053,"env":"development","version":"2.8.4","pid":46156,"requestId":"TKWLB-W6HIN","timestamp":"2026-02-25T09:22:06.053Z","operation":"PromptRegistry.registerAll","msg":"Registering 1 prompts..."}
{"level":20,"time":1772011326053,"env":"development","version":"2.8.4","pid":46156,"requestId":"TKWLB-W6HIN","timestamp":"2026-02-25T09:22:06.053Z","operation":"PromptRegistry.registerAll","msg":"Registering prompt: git_wrapup"}
{"level":30,"time":1772011326053,"env":"development","version":"2.8.4","pid":46156,"requestId":"TKWLB-W6HIN","timestamp":"2026-02-25T09:22:06.053Z","operation":"PromptRegistry.registerAll","msg":"Registered prompt: git_wrapup"}
{"level":30,"time":1772011326053,"env":"development","version":"2.8.4","pid":46156,"requestId":"TKWLB-W6HIN","timestamp":"2026-02-25T09:22:06.053Z","operation":"PromptRegistry.registerAll","msg":"Successfully registered 1 prompts"}
{"level":30,"time":1772011326053,"env":"development","version":"2.8.4","pid":46156,"requestId":"6WNO4-6L27X","timestamp":"2026-02-25T09:22:06.046Z","operation":"createMcpServerInstance","msg":"All MCP capabilities registered successfully"}
{"level":30,"time":1772011326053,"env":"development","version":"2.8.4","pid":46156,"transport":"stdio","requestId":"PZZOA-M2B8K","timestamp":"2026-02-25T09:22:06.045Z","operation":"connectStdioTransport","transportType":"Stdio","msg":"Attempting to connect stdio transport..."}
{"level":20,"time":1772011326053,"env":"development","version":"2.8.4","pid":46156,"transport":"stdio","requestId":"PZZOA-M2B8K","timestamp":"2026-02-25T09:22:06.045Z","operation":"connectStdioTransport","transportType":"Stdio","msg":"Creating StdioServerTransport instance..."}
{"level":20,"time":1772011326053,"env":"development","version":"2.8.4","pid":46156,"transport":"stdio","requestId":"PZZOA-M2B8K","timestamp":"2026-02-25T09:22:06.045Z","operation":"connectStdioTransport","transportType":"Stdio","msg":"Connecting McpServer instance to StdioServerTransport..."}
{"level":30,"time":1772011326053,"env":"development","version":"2.8.4","pid":46156,"transport":"stdio","requestId":"PZZOA-M2B8K","timestamp":"2026-02-25T09:22:06.045Z","operation":"connectStdioTransport","transportType":"Stdio","msg":"MCP Server connected and listening via stdio transport."}
{"level":30,"time":1772011326053,"env":"development","version":"2.8.4","pid":46156,"applicationName":"@cyanheads/git-mcp-server","applicationVersion":"2.8.4","nodeEnvironment":"development","requestId":"9RTFX-8ISQE","timestamp":"2026-02-25T09:22:06.045Z","operation":"ServerStartup","msg":"@cyanheads/git-mcp-server is now running and ready."}
{"level":30,"time":1772011683900,"env":"development","version":"2.8.4","pid":40332,"requestId":"II3K6-LUBE1","timestamp":"2026-02-25T09:28:03.897Z","operation":"loggerInit","msg":"Logger initialized. MCP level: debug."}
{"level":30,"time":1772011683900,"env":"development","version":"2.8.4","pid":40332,"requestId":"75KOP-OVQ69","timestamp":"2026-02-25T09:28:03.900Z","operation":"LoggerInit","msg":"Logger initialized. Effective MCP logging level: debug."}
{"level":30,"time":1772011683900,"env":"development","version":"2.8.4","pid":40332,"runtime":"node","runtimeVersion":"Node.js 25.6.1","requestId":"N9CB1-BGXT5","timestamp":"2026-02-25T09:28:03.900Z","operation":"RuntimeDetection","msg":"Runtime detected: Node.js 25.6.1"}
{"level":30,"time":1772011683901,"env":"development","version":"2.8.4","pid":40332,"requestId":"WB7W3-21TL0","timestamp":"2026-02-25T09:28:03.901Z","operation":"StorageInit","msg":"Storage service initialized with provider: in-memory"}
{"level":30,"time":1772011683901,"env":"development","version":"2.8.4","pid":40332,"applicationName":"@cyanheads/git-mcp-server","applicationVersion":"2.8.4","nodeEnvironment":"development","requestId":"VPGJG-4GOXJ","timestamp":"2026-02-25T09:28:03.901Z","operation":"ServerStartup","msg":"Starting @cyanheads/git-mcp-server (v2.8.4)..."}
{"level":30,"time":1772011683901,"env":"development","version":"2.8.4","pid":40332,"transport":"stdio","requestId":"3ZL1M-DA7KX","timestamp":"2026-02-25T09:28:03.901Z","operation":"TransportManager.start","msg":"Starting transport: stdio"}
{"level":30,"time":1772011683901,"env":"development","version":"2.8.4","pid":40332,"requestId":"V2RAM-82BF9","timestamp":"2026-02-25T09:28:03.901Z","operation":"createMcpServerInstance","msg":"Initializing MCP server instance"}
{"level":20,"time":1772011683901,"env":"development","version":"2.8.4","pid":40332,"requestId":"21QCW-XL781","timestamp":"2026-02-25T09:28:03.901Z","newConfigState":{"appName":"@cyanheads/git-mcp-server","appVersion":"2.8.4","environment":"development"},"operation":"RequestContextService.configure","msg":"RequestContextService configuration updated"}
{"level":20,"time":1772011683904,"env":"development","version":"2.8.4","pid":40332,"requestId":"V2RAM-82BF9","timestamp":"2026-02-25T09:28:03.901Z","operation":"createMcpServerInstance","msg":"Registering all MCP capabilities via registries..."}
{"level":30,"time":1772011683905,"env":"development","version":"2.8.4","pid":40332,"requestId":"Q66ED-KINQB","timestamp":"2026-02-25T09:28:03.905Z","operation":"ToolRegistry.registerAll","msg":"Registering 28 tool(s)..."}
{"level":20,"time":1772011683905,"env":"development","version":"2.8.4","pid":40332,"toolName":"git_add","requestId":"T5QN8-UPFNS","timestamp":"2026-02-25T09:28:03.905Z","operation":"ToolRegistry.registerTool","msg":"Registering tool: 'git_add'"}
{"level":30,"time":1772011683905,"env":"development","version":"2.8.4","pid":40332,"toolName":"git_add","requestId":"T5QN8-UPFNS","timestamp":"2026-02-25T09:28:03.905Z","operation":"ToolRegistry.registerTool","msg":"Tool 'git_add' registered successfully."}
{"level":20,"time":1772011683905,"env":"development","version":"2.8.4","pid":40332,"toolName":"git_blame","requestId":"5UUMU-PGC2Z","timestamp":"2026-02-25T09:28:03.905Z","operation":"ToolRegistry.registerTool","msg":"Registering tool: 'git_blame'"}
{"level":30,"time":1772011683905,"env":"development","version":"2.8.4","pid":40332,"toolName":"git_blame","requestId":"5UUMU-PGC2Z","timestamp":"2026-02-25T09:28:03.905Z","operation":"ToolRegistry.registerTool","msg":"Tool 'git_blame' registered successfully."}
{"level":20,"time":1772011683905,"env":"development","version":"2.8.4","pid":40332,"toolName":"git_branch","requestId":"YRFWQ-M5YPW","timestamp":"2026-02-25T09:28:03.905Z","operation":"ToolRegistry.registerTool","msg":"Registering tool: 'git_branch'"}
{"level":30,"time":1772011683905,"env":"development","version":"2.8.4","pid":40332,"toolName":"git_branch","requestId":"YRFWQ-M5YPW","timestamp":"2026-02-25T09:28:03.905Z","operation":"ToolRegistry.registerTool","msg":"Tool 'git_branch' registered successfully."}
{"level":20,"time":1772011683906,"env":"development","version":"2.8.4","pid":40332,"toolName":"git_changelog_analyze","requestId":"S2Y01-XL8AC","timestamp":"2026-02-25T09:28:03.906Z","operation":"ToolRegistry.registerTool","msg":"Registering tool: 'git_changelog_analyze'"}
{"level":30,"time":1772011683906,"env":"development","version":"2.8.4","pid":40332,"toolName":"git_changelog_analyze","requestId":"S2Y01-XL8AC","timestamp":"2026-02-25T09:28:03.906Z","operation":"ToolRegistry.registerTool","msg":"Tool 'git_changelog_analyze' registered successfully."}
{"level":20,"time":1772011683906,"env":"development","version":"2.8.4","pid":40332,"toolName":"git_checkout","requestId":"TQMJG-19T3E","timestamp":"2026-02-25T09:28:03.906Z","operation":"ToolRegistry.registerTool","msg":"Registering tool: 'git_checkout'"}
{"level":30,"time":1772011683906,"env":"development","version":"2.8.4","pid":40332,"toolName":"git_checkout","requestId":"TQMJG-19T3E","timestamp":"2026-02-25T09:28:03.906Z","operation":"ToolRegistry.registerTool","msg":"Tool 'git_checkout' registered successfully."}
{"level":20,"time":1772011683906,"env":"development","version":"2.8.4","pid":40332,"toolName":"git_cherry_pick","requestId":"M7IT1-D9ELY","timestamp":"2026-02-25T09:28:03.906Z","operation":"ToolRegistry.registerTool","msg":"Registering tool: 'git_cherry_pick'"}
{"level":30,"time":1772011683906,"env":"development","version":"2.8.4","pid":40332,"toolName":"git_cherry_pick","requestId":"M7IT1-D9ELY","timestamp":"2026-02-25T09:28:03.906Z","operation":"ToolRegistry.registerTool","msg":"Tool 'git_cherry_pick' registered successfully."}
{"level":20,"time":1772011683906,"env":"development","version":"2.8.4","pid":40332,"toolName":"git_clean","requestId":"QJX1J-ANAF2","timestamp":"2026-02-25T09:28:03.906Z","operation":"ToolRegistry.registerTool","msg":"Registering tool: 'git_clean'"}
{"level":30,"time":1772011683906,"env":"development","version":"2.8.4","pid":40332,"toolName":"git_clean","requestId":"QJX1J-ANAF2","timestamp":"2026-02-25T09:28:03.906Z","operation":"ToolRegistry.registerTool","msg":"Tool 'git_clean' registered successfully."}
{"level":20,"time":1772011683906,"env":"development","version":"2.8.4","pid":40332,"toolName":"git_clear_working_dir","requestId":"F83D1-NNWUI","timestamp":"2026-02-25T09:28:03.906Z","operation":"ToolRegistry.registerTool","msg":"Registering tool: 'git_clear_working_dir'"}
{"level":30,"time":1772011683906,"env":"development","version":"2.8.4","pid":40332,"toolName":"git_clear_working_dir","requestId":"F83D1-NNWUI","timestamp":"2026-02-25T09:28:03.906Z","operation":"ToolRegistry.registerTool","msg":"Tool 'git_clear_working_dir' registered successfully."}
{"level":20,"time":1772011683906,"env":"development","version":"2.8.4","pid":40332,"toolName":"git_clone","requestId":"HXHFU-UX6PZ","timestamp":"2026-02-25T09:28:03.906Z","operation":"ToolRegistry.registerTool","msg":"Registering tool: 'git_clone'"}
{"level":30,"time":1772011683906,"env":"development","version":"2.8.4","pid":40332,"toolName":"git_clone","requestId":"HXHFU-UX6PZ","timestamp":"2026-02-25T09:28:03.906Z","operation":"ToolRegistry.registerTool","msg":"Tool 'git_clone' registered successfully."}
{"level":20,"time":1772011683906,"env":"development","version":"2.8.4","pid":40332,"toolName":"git_commit","requestId":"QBH2P-SVC9B","timestamp":"2026-02-25T09:28:03.906Z","operation":"ToolRegistry.registerTool","msg":"Registering tool: 'git_commit'"}
{"level":30,"time":1772011683906,"env":"development","version":"2.8.4","pid":40332,"toolName":"git_commit","requestId":"QBH2P-SVC9B","timestamp":"2026-02-25T09:28:03.906Z","operation":"ToolRegistry.registerTool","msg":"Tool 'git_commit' registered successfully."}
{"level":20,"time":1772011683906,"env":"development","version":"2.8.4","pid":40332,"toolName":"git_diff","requestId":"QS0D9-QUR71","timestamp":"2026-02-25T09:28:03.906Z","operation":"ToolRegistry.registerTool","msg":"Registering tool: 'git_diff'"}
{"level":30,"time":1772011683906,"env":"development","version":"2.8.4","pid":40332,"toolName":"git_diff","requestId":"QS0D9-QUR71","timestamp":"2026-02-25T09:28:03.906Z","operation":"ToolRegistry.registerTool","msg":"Tool 'git_diff' registered successfully."}
{"level":20,"time":1772011683906,"env":"development","version":"2.8.4","pid":40332,"toolName":"git_fetch","requestId":"HW0LZ-NR7NX","timestamp":"2026-02-25T09:28:03.906Z","operation":"ToolRegistry.registerTool","msg":"Registering tool: 'git_fetch'"}
{"level":30,"time":1772011683906,"env":"development","version":"2.8.4","pid":40332,"toolName":"git_fetch","requestId":"HW0LZ-NR7NX","timestamp":"2026-02-25T09:28:03.906Z","operation":"ToolRegistry.registerTool","msg":"Tool 'git_fetch' registered successfully."}
{"level":20,"time":1772011683906,"env":"development","version":"2.8.4","pid":40332,"toolName":"git_init","requestId":"JXY77-ETS08","timestamp":"2026-02-25T09:28:03.906Z","operation":"ToolRegistry.registerTool","msg":"Registering tool: 'git_init'"}
{"level":30,"time":1772011683906,"env":"development","version":"2.8.4","pid":40332,"toolName":"git_init","requestId":"JXY77-ETS08","timestamp":"2026-02-25T09:28:03.906Z","operation":"ToolRegistry.registerTool","msg":"Tool 'git_init' registered successfully."}
{"level":20,"time":1772011683906,"env":"development","version":"2.8.4","pid":40332,"toolName":"git_log","requestId":"TN449-ZDHI2","timestamp":"2026-02-25T09:28:03.906Z","operation":"ToolRegistry.registerTool","msg":"Registering tool: 'git_log'"}
{"level":30,"time":1772011683906,"env":"development","version":"2.8.4","pid":40332,"toolName":"git_log","requestId":"TN449-ZDHI2","timestamp":"2026-02-25T09:28:03.906Z","operation":"ToolRegistry.registerTool","msg":"Tool 'git_log' registered successfully."}
{"level":20,"time":1772011683906,"env":"development","version":"2.8.4","pid":40332,"toolName":"git_merge","requestId":"9Y8QK-TJESP","timestamp":"2026-02-25T09:28:03.906Z","operation":"ToolRegistry.registerTool","msg":"Registering tool: 'git_merge'"}
{"level":30,"time":1772011683906,"env":"development","version":"2.8.4","pid":40332,"toolName":"git_merge","requestId":"9Y8QK-TJESP","timestamp":"2026-02-25T09:28:03.906Z","operation":"ToolRegistry.registerTool","msg":"Tool 'git_merge' registered successfully."}
{"level":20,"time":1772011683906,"env":"development","version":"2.8.4","pid":40332,"toolName":"git_pull","requestId":"UE1TP-15CGX","timestamp":"2026-02-25T09:28:03.906Z","operation":"ToolRegistry.registerTool","msg":"Registering tool: 'git_pull'"}
{"level":30,"time":1772011683906,"env":"development","version":"2.8.4","pid":40332,"toolName":"git_pull","requestId":"UE1TP-15CGX","timestamp":"2026-02-25T09:28:03.906Z","operation":"ToolRegistry.registerTool","msg":"Tool 'git_pull' registered successfully."}
{"level":20,"time":1772011683906,"env":"development","version":"2.8.4","pid":40332,"toolName":"git_push","requestId":"BTMW5-40RTO","timestamp":"2026-02-25T09:28:03.906Z","operation":"ToolRegistry.registerTool","msg":"Registering tool: 'git_push'"}
{"level":30,"time":1772011683906,"env":"development","version":"2.8.4","pid":40332,"toolName":"git_push","requestId":"BTMW5-40RTO","timestamp":"2026-02-25T09:28:03.906Z","operation":"ToolRegistry.registerTool","msg":"Tool 'git_push' registered successfully."}
{"level":20,"time":1772011683906,"env":"development","version":"2.8.4","pid":40332,"toolName":"git_rebase","requestId":"J1FC3-RV62M","timestamp":"2026-02-25T09:28:03.906Z","operation":"ToolRegistry.registerTool","msg":"Registering tool: 'git_rebase'"}
{"level":30,"time":1772011683906,"env":"development","version":"2.8.4","pid":40332,"toolName":"git_rebase","requestId":"J1FC3-RV62M","timestamp":"2026-02-25T09:28:03.906Z","operation":"ToolRegistry.registerTool","msg":"Tool 'git_rebase' registered successfully."}
{"level":20,"time":1772011683906,"env":"development","version":"2.8.4","pid":40332,"toolName":"git_reflog","requestId":"Q9FEJ-WGRFT","timestamp":"2026-02-25T09:28:03.906Z","operation":"ToolRegistry.registerTool","msg":"Registering tool: 'git_reflog'"}
{"level":30,"time":1772011683906,"env":"development","version":"2.8.4","pid":40332,"toolName":"git_reflog","requestId":"Q9FEJ-WGRFT","timestamp":"2026-02-25T09:28:03.906Z","operation":"ToolRegistry.registerTool","msg":"Tool 'git_reflog' registered successfully."}
{"level":20,"time":1772011683906,"env":"development","version":"2.8.4","pid":40332,"toolName":"git_remote","requestId":"TWVC4-UZ5UN","timestamp":"2026-02-25T09:28:03.906Z","operation":"ToolRegistry.registerTool","msg":"Registering tool: 'git_remote'"}
{"level":30,"time":1772011683906,"env":"development","version":"2.8.4","pid":40332,"toolName":"git_remote","requestId":"TWVC4-UZ5UN","timestamp":"2026-02-25T09:28:03.906Z","operation":"ToolRegistry.registerTool","msg":"Tool 'git_remote' registered successfully."}
{"level":20,"time":1772011683906,"env":"development","version":"2.8.4","pid":40332,"toolName":"git_reset","requestId":"B0LD9-SAAXO","timestamp":"2026-02-25T09:28:03.906Z","operation":"ToolRegistry.registerTool","msg":"Registering tool: 'git_reset'"}
{"level":30,"time":1772011683906,"env":"development","version":"2.8.4","pid":40332,"toolName":"git_reset","requestId":"B0LD9-SAAXO","timestamp":"2026-02-25T09:28:03.906Z","operation":"ToolRegistry.registerTool","msg":"Tool 'git_reset' registered successfully."}
{"level":20,"time":1772011683907,"env":"development","version":"2.8.4","pid":40332,"toolName":"git_set_working_dir","requestId":"G7A8A-B897K","timestamp":"2026-02-25T09:28:03.907Z","operation":"ToolRegistry.registerTool","msg":"Registering tool: 'git_set_working_dir'"}
{"level":30,"time":1772011683907,"env":"development","version":"2.8.4","pid":40332,"toolName":"git_set_working_dir","requestId":"G7A8A-B897K","timestamp":"2026-02-25T09:28:03.907Z","operation":"ToolRegistry.registerTool","msg":"Tool 'git_set_working_dir' registered successfully."}
{"level":20,"time":1772011683907,"env":"development","version":"2.8.4","pid":40332,"toolName":"git_show","requestId":"LG3KM-LWJLK","timestamp":"2026-02-25T09:28:03.907Z","operation":"ToolRegistry.registerTool","msg":"Registering tool: 'git_show'"}
{"level":30,"time":1772011683907,"env":"development","version":"2.8.4","pid":40332,"toolName":"git_show","requestId":"LG3KM-LWJLK","timestamp":"2026-02-25T09:28:03.907Z","operation":"ToolRegistry.registerTool","msg":"Tool 'git_show' registered successfully."}
{"level":20,"time":1772011683907,"env":"development","version":"2.8.4","pid":40332,"toolName":"git_stash","requestId":"MZEKY-27S55","timestamp":"2026-02-25T09:28:03.907Z","operation":"ToolRegistry.registerTool","msg":"Registering tool: 'git_stash'"}
{"level":30,"time":1772011683907,"env":"development","version":"2.8.4","pid":40332,"toolName":"git_stash","requestId":"MZEKY-27S55","timestamp":"2026-02-25T09:28:03.907Z","operation":"ToolRegistry.registerTool","msg":"Tool 'git_stash' registered successfully."}
{"level":20,"time":1772011683907,"env":"development","version":"2.8.4","pid":40332,"toolName":"git_status","requestId":"O41UN-FHFHD","timestamp":"2026-02-25T09:28:03.907Z","operation":"ToolRegistry.registerTool","msg":"Registering tool: 'git_status'"}
{"level":30,"time":1772011683907,"env":"development","version":"2.8.4","pid":40332,"toolName":"git_status","requestId":"O41UN-FHFHD","timestamp":"2026-02-25T09:28:03.907Z","operation":"ToolRegistry.registerTool","msg":"Tool 'git_status' registered successfully."}
{"level":20,"time":1772011683907,"env":"development","version":"2.8.4","pid":40332,"toolName":"git_tag","requestId":"I2WVW-C37MS","timestamp":"2026-02-25T09:28:03.907Z","operation":"ToolRegistry.registerTool","msg":"Registering tool: 'git_tag'"}
{"level":30,"time":1772011683907,"env":"development","version":"2.8.4","pid":40332,"toolName":"git_tag","requestId":"I2WVW-C37MS","timestamp":"2026-02-25T09:28:03.907Z","operation":"ToolRegistry.registerTool","msg":"Tool 'git_tag' registered successfully."}
{"level":20,"time":1772011683907,"env":"development","version":"2.8.4","pid":40332,"toolName":"git_worktree","requestId":"ZV07Y-3TATS","timestamp":"2026-02-25T09:28:03.907Z","operation":"ToolRegistry.registerTool","msg":"Registering tool: 'git_worktree'"}
{"level":30,"time":1772011683907,"env":"development","version":"2.8.4","pid":40332,"toolName":"git_worktree","requestId":"ZV07Y-3TATS","timestamp":"2026-02-25T09:28:03.907Z","operation":"ToolRegistry.registerTool","msg":"Tool 'git_worktree' registered successfully."}
{"level":20,"time":1772011683907,"env":"development","version":"2.8.4","pid":40332,"toolName":"git_wrapup_instructions","requestId":"8LE3Q-WINY7","timestamp":"2026-02-25T09:28:03.907Z","operation":"ToolRegistry.registerTool","msg":"Registering tool: 'git_wrapup_instructions'"}
{"level":30,"time":1772011683907,"env":"development","version":"2.8.4","pid":40332,"toolName":"git_wrapup_instructions","requestId":"8LE3Q-WINY7","timestamp":"2026-02-25T09:28:03.907Z","operation":"ToolRegistry.registerTool","msg":"Tool 'git_wrapup_instructions' registered successfully."}
{"level":30,"time":1772011683907,"env":"development","version":"2.8.4","pid":40332,"requestId":"RGLCL-WKRN7","timestamp":"2026-02-25T09:28:03.907Z","operation":"ResourceRegistry.registerAll","msg":"Registering 1 resource(s)..."}
{"level":30,"time":1772011683907,"env":"development","version":"2.8.4","pid":40332,"requestId":"TBXXZ-VJKD0","timestamp":"2026-02-25T09:28:03.907Z","resourceName":"git-working-directory","operation":"RegisterResource","msg":"Registering resource: 'git-working-directory'"}
{"level":30,"time":1772011683908,"env":"development","version":"2.8.4","pid":40332,"requestId":"TBXXZ-VJKD0","timestamp":"2026-02-25T09:28:03.907Z","resourceName":"git-working-directory","operation":"RegisterResource","msg":"Resource 'git-working-directory' registered successfully."}
{"level":20,"time":1772011683908,"env":"development","version":"2.8.4","pid":40332,"requestId":"AQRSW-Y20HE","timestamp":"2026-02-25T09:28:03.908Z","operation":"PromptRegistry.registerAll","msg":"Registering 1 prompts..."}
{"level":20,"time":1772011683908,"env":"development","version":"2.8.4","pid":40332,"requestId":"AQRSW-Y20HE","timestamp":"2026-02-25T09:28:03.908Z","operation":"PromptRegistry.registerAll","msg":"Registering prompt: git_wrapup"}
{"level":30,"time":1772011683908,"env":"development","version":"2.8.4","pid":40332,"requestId":"AQRSW-Y20HE","timestamp":"2026-02-25T09:28:03.908Z","operation":"PromptRegistry.registerAll","msg":"Registered prompt: git_wrapup"}
{"level":30,"time":1772011683908,"env":"development","version":"2.8.4","pid":40332,"requestId":"AQRSW-Y20HE","timestamp":"2026-02-25T09:28:03.908Z","operation":"PromptRegistry.registerAll","msg":"Successfully registered 1 prompts"}
{"level":30,"time":1772011683908,"env":"development","version":"2.8.4","pid":40332,"requestId":"V2RAM-82BF9","timestamp":"2026-02-25T09:28:03.901Z","operation":"createMcpServerInstance","msg":"All MCP capabilities registered successfully"}
{"level":30,"time":1772011683908,"env":"development","version":"2.8.4","pid":40332,"transport":"stdio","requestId":"3ZL1M-DA7KX","timestamp":"2026-02-25T09:28:03.901Z","operation":"connectStdioTransport","transportType":"Stdio","msg":"Attempting to connect stdio transport..."}
{"level":20,"time":1772011683908,"env":"development","version":"2.8.4","pid":40332,"transport":"stdio","requestId":"3ZL1M-DA7KX","timestamp":"2026-02-25T09:28:03.901Z","operation":"connectStdioTransport","transportType":"Stdio","msg":"Creating StdioServerTransport instance..."}
{"level":20,"time":1772011683909,"env":"development","version":"2.8.4","pid":40332,"transport":"stdio","requestId":"3ZL1M-DA7KX","timestamp":"2026-02-25T09:28:03.901Z","operation":"connectStdioTransport","transportType":"Stdio","msg":"Connecting McpServer instance to StdioServerTransport..."}
{"level":30,"time":1772011683909,"env":"development","version":"2.8.4","pid":40332,"transport":"stdio","requestId":"3ZL1M-DA7KX","timestamp":"2026-02-25T09:28:03.901Z","operation":"connectStdioTransport","transportType":"Stdio","msg":"MCP Server connected and listening via stdio transport."}
{"level":30,"time":1772011683909,"env":"development","version":"2.8.4","pid":40332,"applicationName":"@cyanheads/git-mcp-server","applicationVersion":"2.8.4","nodeEnvironment":"development","requestId":"VPGJG-4GOXJ","timestamp":"2026-02-25T09:28:03.901Z","operation":"ServerStartup","msg":"@cyanheads/git-mcp-server is now running and ready."}
{"level":30,"time":1772083546728,"env":"development","version":"2.8.4","pid":37096,"requestId":"KKM2U-MGAFN","timestamp":"2026-02-26T05:25:46.726Z","operation":"loggerInit","msg":"Logger initialized. MCP level: debug."}
{"level":30,"time":1772083546728,"env":"development","version":"2.8.4","pid":37096,"requestId":"A8O4H-2T6LX","timestamp":"2026-02-26T05:25:46.728Z","operation":"LoggerInit","msg":"Logger initialized. Effective MCP logging level: debug."}
{"level":30,"time":1772083546728,"env":"development","version":"2.8.4","pid":37096,"runtime":"node","runtimeVersion":"Node.js 25.6.1","requestId":"Q0CT4-UBOEP","timestamp":"2026-02-26T05:25:46.728Z","operation":"RuntimeDetection","msg":"Runtime detected: Node.js 25.6.1"}
{"level":30,"time":1772083546728,"env":"development","version":"2.8.4","pid":37096,"requestId":"VVZIL-IPVMG","timestamp":"2026-02-26T05:25:46.728Z","operation":"StorageInit","msg":"Storage service initialized with provider: in-memory"}
{"level":30,"time":1772083546728,"env":"development","version":"2.8.4","pid":37096,"applicationName":"@cyanheads/git-mcp-server","applicationVersion":"2.8.4","nodeEnvironment":"development","requestId":"1G5W0-ESUXY","timestamp":"2026-02-26T05:25:46.728Z","operation":"ServerStartup","msg":"Starting @cyanheads/git-mcp-server (v2.8.4)..."}
{"level":30,"time":1772083546729,"env":"development","version":"2.8.4","pid":37096,"transport":"stdio","requestId":"PA1F2-HJ2SI","timestamp":"2026-02-26T05:25:46.729Z","operation":"TransportManager.start","msg":"Starting transport: stdio"}
{"level":30,"time":1772083546729,"env":"development","version":"2.8.4","pid":37096,"requestId":"GWNES-QJPY4","timestamp":"2026-02-26T05:25:46.729Z","operation":"createMcpServerInstance","msg":"Initializing MCP server instance"}
{"level":20,"time":1772083546729,"env":"development","version":"2.8.4","pid":37096,"requestId":"AWY2E-3BAOZ","timestamp":"2026-02-26T05:25:46.729Z","newConfigState":{"appName":"@cyanheads/git-mcp-server","appVersion":"2.8.4","environment":"development"},"operation":"RequestContextService.configure","msg":"RequestContextService configuration updated"}
{"level":20,"time":1772083546732,"env":"development","version":"2.8.4","pid":37096,"requestId":"GWNES-QJPY4","timestamp":"2026-02-26T05:25:46.729Z","operation":"createMcpServerInstance","msg":"Registering all MCP capabilities via registries..."}
{"level":30,"time":1772083546732,"env":"development","version":"2.8.4","pid":37096,"requestId":"FR6E8-PECRZ","timestamp":"2026-02-26T05:25:46.732Z","operation":"ToolRegistry.registerAll","msg":"Registering 28 tool(s)..."}
{"level":20,"time":1772083546733,"env":"development","version":"2.8.4","pid":37096,"toolName":"git_add","requestId":"VA8IU-1EMZI","timestamp":"2026-02-26T05:25:46.733Z","operation":"ToolRegistry.registerTool","msg":"Registering tool: 'git_add'"}
{"level":30,"time":1772083546733,"env":"development","version":"2.8.4","pid":37096,"toolName":"git_add","requestId":"VA8IU-1EMZI","timestamp":"2026-02-26T05:25:46.733Z","operation":"ToolRegistry.registerTool","msg":"Tool 'git_add' registered successfully."}
{"level":20,"time":1772083546733,"env":"development","version":"2.8.4","pid":37096,"toolName":"git_blame","requestId":"ACZG0-OO23B","timestamp":"2026-02-26T05:25:46.733Z","operation":"ToolRegistry.registerTool","msg":"Registering tool: 'git_blame'"}
{"level":30,"time":1772083546733,"env":"development","version":"2.8.4","pid":37096,"toolName":"git_blame","requestId":"ACZG0-OO23B","timestamp":"2026-02-26T05:25:46.733Z","operation":"ToolRegistry.registerTool","msg":"Tool 'git_blame' registered successfully."}
{"level":20,"time":1772083546733,"env":"development","version":"2.8.4","pid":37096,"toolName":"git_branch","requestId":"OABBW-4B4V2","timestamp":"2026-02-26T05:25:46.733Z","operation":"ToolRegistry.registerTool","msg":"Registering tool: 'git_branch'"}
{"level":30,"time":1772083546733,"env":"development","version":"2.8.4","pid":37096,"toolName":"git_branch","requestId":"OABBW-4B4V2","timestamp":"2026-02-26T05:25:46.733Z","operation":"ToolRegistry.registerTool","msg":"Tool 'git_branch' registered successfully."}
{"level":20,"time":1772083546733,"env":"development","version":"2.8.4","pid":37096,"toolName":"git_changelog_analyze","requestId":"T4KMP-NMZX1","timestamp":"2026-02-26T05:25:46.733Z","operation":"ToolRegistry.registerTool","msg":"Registering tool: 'git_changelog_analyze'"}
{"level":30,"time":1772083546733,"env":"development","version":"2.8.4","pid":37096,"toolName":"git_changelog_analyze","requestId":"T4KMP-NMZX1","timestamp":"2026-02-26T05:25:46.733Z","operation":"ToolRegistry.registerTool","msg":"Tool 'git_changelog_analyze' registered successfully."}
{"level":20,"time":1772083546733,"env":"development","version":"2.8.4","pid":37096,"toolName":"git_checkout","requestId":"O0G15-GTD8X","timestamp":"2026-02-26T05:25:46.733Z","operation":"ToolRegistry.registerTool","msg":"Registering tool: 'git_checkout'"}
{"level":30,"time":1772083546733,"env":"development","version":"2.8.4","pid":37096,"toolName":"git_checkout","requestId":"O0G15-GTD8X","timestamp":"2026-02-26T05:25:46.733Z","operation":"ToolRegistry.registerTool","msg":"Tool 'git_checkout' registered successfully."}
{"level":20,"time":1772083546734,"env":"development","version":"2.8.4","pid":37096,"toolName":"git_cherry_pick","requestId":"1TAZW-CBFJ4","timestamp":"2026-02-26T05:25:46.734Z","operation":"ToolRegistry.registerTool","msg":"Registering tool: 'git_cherry_pick'"}
{"level":30,"time":1772083546734,"env":"development","version":"2.8.4","pid":37096,"toolName":"git_cherry_pick","requestId":"1TAZW-CBFJ4","timestamp":"2026-02-26T05:25:46.734Z","operation":"ToolRegistry.registerTool","msg":"Tool 'git_cherry_pick' registered successfully."}
{"level":20,"time":1772083546734,"env":"development","version":"2.8.4","pid":37096,"toolName":"git_clean","requestId":"M1X84-R39C6","timestamp":"2026-02-26T05:25:46.734Z","operation":"ToolRegistry.registerTool","msg":"Registering tool: 'git_clean'"}
{"level":30,"time":1772083546734,"env":"development","version":"2.8.4","pid":37096,"toolName":"git_clean","requestId":"M1X84-R39C6","timestamp":"2026-02-26T05:25:46.734Z","operation":"ToolRegistry.registerTool","msg":"Tool 'git_clean' registered successfully."}
{"level":20,"time":1772083546734,"env":"development","version":"2.8.4","pid":37096,"toolName":"git_clear_working_dir","requestId":"UPFVF-P64WS","timestamp":"2026-02-26T05:25:46.734Z","operation":"ToolRegistry.registerTool","msg":"Registering tool: 'git_clear_working_dir'"}
{"level":30,"time":1772083546734,"env":"development","version":"2.8.4","pid":37096,"toolName":"git_clear_working_dir","requestId":"UPFVF-P64WS","timestamp":"2026-02-26T05:25:46.734Z","operation":"ToolRegistry.registerTool","msg":"Tool 'git_clear_working_dir' registered successfully."}
{"level":20,"time":1772083546734,"env":"development","version":"2.8.4","pid":37096,"toolName":"git_clone","requestId":"T223D-335IK","timestamp":"2026-02-26T05:25:46.734Z","operation":"ToolRegistry.registerTool","msg":"Registering tool: 'git_clone'"}
{"level":30,"time":1772083546734,"env":"development","version":"2.8.4","pid":37096,"toolName":"git_clone","requestId":"T223D-335IK","timestamp":"2026-02-26T05:25:46.734Z","operation":"ToolRegistry.registerTool","msg":"Tool 'git_clone' registered successfully."}
{"level":20,"time":1772083546734,"env":"development","version":"2.8.4","pid":37096,"toolName":"git_commit","requestId":"EWHN6-QAV7J","timestamp":"2026-02-26T05:25:46.734Z","operation":"ToolRegistry.registerTool","msg":"Registering tool: 'git_commit'"}
{"level":30,"time":1772083546734,"env":"development","version":"2.8.4","pid":37096,"toolName":"git_commit","requestId":"EWHN6-QAV7J","timestamp":"2026-02-26T05:25:46.734Z","operation":"ToolRegistry.registerTool","msg":"Tool 'git_commit' registered successfully."}
{"level":20,"time":1772083546734,"env":"development","version":"2.8.4","pid":37096,"toolName":"git_diff","requestId":"HP37Q-SODPS","timestamp":"2026-02-26T05:25:46.734Z","operation":"ToolRegistry.registerTool","msg":"Registering tool: 'git_diff'"}
{"level":30,"time":1772083546734,"env":"development","version":"2.8.4","pid":37096,"toolName":"git_diff","requestId":"HP37Q-SODPS","timestamp":"2026-02-26T05:25:46.734Z","operation":"ToolRegistry.registerTool","msg":"Tool 'git_diff' registered successfully."}
{"level":20,"time":1772083546734,"env":"development","version":"2.8.4","pid":37096,"toolName":"git_fetch","requestId":"6Y1WY-5IZO8","timestamp":"2026-02-26T05:25:46.734Z","operation":"ToolRegistry.registerTool","msg":"Registering tool: 'git_fetch'"}
{"level":30,"time":1772083546734,"env":"development","version":"2.8.4","pid":37096,"toolName":"git_fetch","requestId":"6Y1WY-5IZO8","timestamp":"2026-02-26T05:25:46.734Z","operation":"ToolRegistry.registerTool","msg":"Tool 'git_fetch' registered successfully."}
{"level":20,"time":1772083546734,"env":"development","version":"2.8.4","pid":37096,"toolName":"git_init","requestId":"IO8FZ-CWF3C","timestamp":"2026-02-26T05:25:46.734Z","operation":"ToolRegistry.registerTool","msg":"Registering tool: 'git_init'"}
{"level":30,"time":1772083546734,"env":"development","version":"2.8.4","pid":37096,"toolName":"git_init","requestId":"IO8FZ-CWF3C","timestamp":"2026-02-26T05:25:46.734Z","operation":"ToolRegistry.registerTool","msg":"Tool 'git_init' registered successfully."}
{"level":20,"time":1772083546734,"env":"development","version":"2.8.4","pid":37096,"toolName":"git_log","requestId":"K0HX3-MJSE5","timestamp":"2026-02-26T05:25:46.734Z","operation":"ToolRegistry.registerTool","msg":"Registering tool: 'git_log'"}
{"level":30,"time":1772083546734,"env":"development","version":"2.8.4","pid":37096,"toolName":"git_log","requestId":"K0HX3-MJSE5","timestamp":"2026-02-26T05:25:46.734Z","operation":"ToolRegistry.registerTool","msg":"Tool 'git_log' registered successfully."}
{"level":20,"time":1772083546734,"env":"development","version":"2.8.4","pid":37096,"toolName":"git_merge","requestId":"33LLN-OSR31","timestamp":"2026-02-26T05:25:46.734Z","operation":"ToolRegistry.registerTool","msg":"Registering tool: 'git_merge'"}
{"level":30,"time":1772083546734,"env":"development","version":"2.8.4","pid":37096,"toolName":"git_merge","requestId":"33LLN-OSR31","timestamp":"2026-02-26T05:25:46.734Z","operation":"ToolRegistry.registerTool","msg":"Tool 'git_merge' registered successfully."}
{"level":20,"time":1772083546734,"env":"development","version":"2.8.4","pid":37096,"toolName":"git_pull","requestId":"FCD7H-U6G6I","timestamp":"2026-02-26T05:25:46.734Z","operation":"ToolRegistry.registerTool","msg":"Registering tool: 'git_pull'"}
{"level":30,"time":1772083546734,"env":"development","version":"2.8.4","pid":37096,"toolName":"git_pull","requestId":"FCD7H-U6G6I","timestamp":"2026-02-26T05:25:46.734Z","operation":"ToolRegistry.registerTool","msg":"Tool 'git_pull' registered successfully."}
{"level":20,"time":1772083546734,"env":"development","version":"2.8.4","pid":37096,"toolName":"git_push","requestId":"ZS9T0-B5ABL","timestamp":"2026-02-26T05:25:46.734Z","operation":"ToolRegistry.registerTool","msg":"Registering tool: 'git_push'"}
{"level":30,"time":1772083546734,"env":"development","version":"2.8.4","pid":37096,"toolName":"git_push","requestId":"ZS9T0-B5ABL","timestamp":"2026-02-26T05:25:46.734Z","operation":"ToolRegistry.registerTool","msg":"Tool 'git_push' registered successfully."}
{"level":20,"time":1772083546734,"env":"development","version":"2.8.4","pid":37096,"toolName":"git_rebase","requestId":"OZA4A-EQQNG","timestamp":"2026-02-26T05:25:46.734Z","operation":"ToolRegistry.registerTool","msg":"Registering tool: 'git_rebase'"}
{"level":30,"time":1772083546734,"env":"development","version":"2.8.4","pid":37096,"toolName":"git_rebase","requestId":"OZA4A-EQQNG","timestamp":"2026-02-26T05:25:46.734Z","operation":"ToolRegistry.registerTool","msg":"Tool 'git_rebase' registered successfully."}
{"level":20,"time":1772083546734,"env":"development","version":"2.8.4","pid":37096,"toolName":"git_reflog","requestId":"OEIHX-7YOJN","timestamp":"2026-02-26T05:25:46.734Z","operation":"ToolRegistry.registerTool","msg":"Registering tool: 'git_reflog'"}
{"level":30,"time":1772083546734,"env":"development","version":"2.8.4","pid":37096,"toolName":"git_reflog","requestId":"OEIHX-7YOJN","timestamp":"2026-02-26T05:25:46.734Z","operation":"ToolRegistry.registerTool","msg":"Tool 'git_reflog' registered successfully."}
{"level":20,"time":1772083546734,"env":"development","version":"2.8.4","pid":37096,"toolName":"git_remote","requestId":"O21T6-NRP94","timestamp":"2026-02-26T05:25:46.734Z","operation":"ToolRegistry.registerTool","msg":"Registering tool: 'git_remote'"}
{"level":30,"time":1772083546734,"env":"development","version":"2.8.4","pid":37096,"toolName":"git_remote","requestId":"O21T6-NRP94","timestamp":"2026-02-26T05:25:46.734Z","operation":"ToolRegistry.registerTool","msg":"Tool 'git_remote' registered successfully."}
{"level":20,"time":1772083546734,"env":"development","version":"2.8.4","pid":37096,"toolName":"git_reset","requestId":"I2GY6-IPU7U","timestamp":"2026-02-26T05:25:46.734Z","operation":"ToolRegistry.registerTool","msg":"Registering tool: 'git_reset'"}
{"level":30,"time":1772083546734,"env":"development","version":"2.8.4","pid":37096,"toolName":"git_reset","requestId":"I2GY6-IPU7U","timestamp":"2026-02-26T05:25:46.734Z","operation":"ToolRegistry.registerTool","msg":"Tool 'git_reset' registered successfully."}
{"level":20,"time":1772083546734,"env":"development","version":"2.8.4","pid":37096,"toolName":"git_set_working_dir","requestId":"D6N77-RFN0C","timestamp":"2026-02-26T05:25:46.734Z","operation":"ToolRegistry.registerTool","msg":"Registering tool: 'git_set_working_dir'"}
{"level":30,"time":1772083546734,"env":"development","version":"2.8.4","pid":37096,"toolName":"git_set_working_dir","requestId":"D6N77-RFN0C","timestamp":"2026-02-26T05:25:46.734Z","operation":"ToolRegistry.registerTool","msg":"Tool 'git_set_working_dir' registered successfully."}
{"level":20,"time":1772083546734,"env":"development","version":"2.8.4","pid":37096,"toolName":"git_show","requestId":"JSW03-6AG16","timestamp":"2026-02-26T05:25:46.734Z","operation":"ToolRegistry.registerTool","msg":"Registering tool: 'git_show'"}
{"level":30,"time":1772083546734,"env":"development","version":"2.8.4","pid":37096,"toolName":"git_show","requestId":"JSW03-6AG16","timestamp":"2026-02-26T05:25:46.734Z","operation":"ToolRegistry.registerTool","msg":"Tool 'git_show' registered successfully."}
{"level":20,"time":1772083546734,"env":"development","version":"2.8.4","pid":37096,"toolName":"git_stash","requestId":"9PX69-LNRDB","timestamp":"2026-02-26T05:25:46.734Z","operation":"ToolRegistry.registerTool","msg":"Registering tool: 'git_stash'"}
{"level":30,"time":1772083546734,"env":"development","version":"2.8.4","pid":37096,"toolName":"git_stash","requestId":"9PX69-LNRDB","timestamp":"2026-02-26T05:25:46.734Z","operation":"ToolRegistry.registerTool","msg":"Tool 'git_stash' registered successfully."}
{"level":20,"time":1772083546734,"env":"development","version":"2.8.4","pid":37096,"toolName":"git_status","requestId":"K3NHQ-366JX","timestamp":"2026-02-26T05:25:46.734Z","operation":"ToolRegistry.registerTool","msg":"Registering tool: 'git_status'"}
{"level":30,"time":1772083546734,"env":"development","version":"2.8.4","pid":37096,"toolName":"git_status","requestId":"K3NHQ-366JX","timestamp":"2026-02-26T05:25:46.734Z","operation":"ToolRegistry.registerTool","msg":"Tool 'git_status' registered successfully."}
{"level":20,"time":1772083546734,"env":"development","version":"2.8.4","pid":37096,"toolName":"git_tag","requestId":"CXVFK-087UV","timestamp":"2026-02-26T05:25:46.734Z","operation":"ToolRegistry.registerTool","msg":"Registering tool: 'git_tag'"}
{"level":30,"time":1772083546735,"env":"development","version":"2.8.4","pid":37096,"toolName":"git_tag","requestId":"CXVFK-087UV","timestamp":"2026-02-26T05:25:46.734Z","operation":"ToolRegistry.registerTool","msg":"Tool 'git_tag' registered successfully."}
{"level":20,"time":1772083546735,"env":"development","version":"2.8.4","pid":37096,"toolName":"git_worktree","requestId":"S465D-ML5RY","timestamp":"2026-02-26T05:25:46.735Z","operation":"ToolRegistry.registerTool","msg":"Registering tool: 'git_worktree'"}
{"level":30,"time":1772083546735,"env":"development","version":"2.8.4","pid":37096,"toolName":"git_worktree","requestId":"S465D-ML5RY","timestamp":"2026-02-26T05:25:46.735Z","operation":"ToolRegistry.registerTool","msg":"Tool 'git_worktree' registered successfully."}
{"level":20,"time":1772083546735,"env":"development","version":"2.8.4","pid":37096,"toolName":"git_wrapup_instructions","requestId":"R80RM-DXZH4","timestamp":"2026-02-26T05:25:46.735Z","operation":"ToolRegistry.registerTool","msg":"Registering tool: 'git_wrapup_instructions'"}
{"level":30,"time":1772083546735,"env":"development","version":"2.8.4","pid":37096,"toolName":"git_wrapup_instructions","requestId":"R80RM-DXZH4","timestamp":"2026-02-26T05:25:46.735Z","operation":"ToolRegistry.registerTool","msg":"Tool 'git_wrapup_instructions' registered successfully."}
{"level":30,"time":1772083546735,"env":"development","version":"2.8.4","pid":37096,"requestId":"Z4WH2-B07JQ","timestamp":"2026-02-26T05:25:46.735Z","operation":"ResourceRegistry.registerAll","msg":"Registering 1 resource(s)..."}
{"level":30,"time":1772083546735,"env":"development","version":"2.8.4","pid":37096,"requestId":"Y3CJJ-POZ7U","timestamp":"2026-02-26T05:25:46.735Z","resourceName":"git-working-directory","operation":"RegisterResource","msg":"Registering resource: 'git-working-directory'"}
{"level":30,"time":1772083546735,"env":"development","version":"2.8.4","pid":37096,"requestId":"Y3CJJ-POZ7U","timestamp":"2026-02-26T05:25:46.735Z","resourceName":"git-working-directory","operation":"RegisterResource","msg":"Resource 'git-working-directory' registered successfully."}
{"level":20,"time":1772083546735,"env":"development","version":"2.8.4","pid":37096,"requestId":"YN0YK-935U6","timestamp":"2026-02-26T05:25:46.735Z","operation":"PromptRegistry.registerAll","msg":"Registering 1 prompts..."}
{"level":20,"time":1772083546735,"env":"development","version":"2.8.4","pid":37096,"requestId":"YN0YK-935U6","timestamp":"2026-02-26T05:25:46.735Z","operation":"PromptRegistry.registerAll","msg":"Registering prompt: git_wrapup"}
{"level":30,"time":1772083546736,"env":"development","version":"2.8.4","pid":37096,"requestId":"YN0YK-935U6","timestamp":"2026-02-26T05:25:46.735Z","operation":"PromptRegistry.registerAll","msg":"Registered prompt: git_wrapup"}
{"level":30,"time":1772083546736,"env":"development","version":"2.8.4","pid":37096,"requestId":"YN0YK-935U6","timestamp":"2026-02-26T05:25:46.735Z","operation":"PromptRegistry.registerAll","msg":"Successfully registered 1 prompts"}
{"level":30,"time":1772083546736,"env":"development","version":"2.8.4","pid":37096,"requestId":"GWNES-QJPY4","timestamp":"2026-02-26T05:25:46.729Z","operation":"createMcpServerInstance","msg":"All MCP capabilities registered successfully"}
{"level":30,"time":1772083546736,"env":"development","version":"2.8.4","pid":37096,"transport":"stdio","requestId":"PA1F2-HJ2SI","timestamp":"2026-02-26T05:25:46.729Z","operation":"connectStdioTransport","transportType":"Stdio","msg":"Attempting to connect stdio transport..."}
{"level":20,"time":1772083546736,"env":"development","version":"2.8.4","pid":37096,"transport":"stdio","requestId":"PA1F2-HJ2SI","timestamp":"2026-02-26T05:25:46.729Z","operation":"connectStdioTransport","transportType":"Stdio","msg":"Creating StdioServerTransport instance..."}
{"level":20,"time":1772083546736,"env":"development","version":"2.8.4","pid":37096,"transport":"stdio","requestId":"PA1F2-HJ2SI","timestamp":"2026-02-26T05:25:46.729Z","operation":"connectStdioTransport","transportType":"Stdio","msg":"Connecting McpServer instance to StdioServerTransport..."}
{"level":30,"time":1772083546736,"env":"development","version":"2.8.4","pid":37096,"transport":"stdio","requestId":"PA1F2-HJ2SI","timestamp":"2026-02-26T05:25:46.729Z","operation":"connectStdioTransport","transportType":"Stdio","msg":"MCP Server connected and listening via stdio transport."}
{"level":30,"time":1772083546736,"env":"development","version":"2.8.4","pid":37096,"applicationName":"@cyanheads/git-mcp-server","applicationVersion":"2.8.4","nodeEnvironment":"development","requestId":"1G5W0-ESUXY","timestamp":"2026-02-26T05:25:46.728Z","operation":"ServerStartup","msg":"@cyanheads/git-mcp-server is now running and ready."}
{"level":30,"time":1772090110025,"env":"development","version":"2.8.4","pid":30800,"requestId":"1THC1-WT42Y","timestamp":"2026-02-26T07:15:10.024Z","operation":"loggerInit","msg":"Logger initialized. MCP level: debug."}
{"level":30,"time":1772090110026,"env":"development","version":"2.8.4","pid":30800,"requestId":"5ISV9-1PYQX","timestamp":"2026-02-26T07:15:10.026Z","operation":"LoggerInit","msg":"Logger initialized. Effective MCP logging level: debug."}
{"level":30,"time":1772090110026,"env":"development","version":"2.8.4","pid":30800,"runtime":"node","runtimeVersion":"Node.js 25.6.1","requestId":"6QZ91-FAI1Z","timestamp":"2026-02-26T07:15:10.026Z","operation":"RuntimeDetection","msg":"Runtime detected: Node.js 25.6.1"}
{"level":30,"time":1772090110026,"env":"development","version":"2.8.4","pid":30800,"requestId":"3IB9E-GEIFP","timestamp":"2026-02-26T07:15:10.026Z","operation":"StorageInit","msg":"Storage service initialized with provider: in-memory"}
{"level":30,"time":1772090110026,"env":"development","version":"2.8.4","pid":30800,"applicationName":"@cyanheads/git-mcp-server","applicationVersion":"2.8.4","nodeEnvironment":"development","requestId":"MPULZ-WP9PO","timestamp":"2026-02-26T07:15:10.026Z","operation":"ServerStartup","msg":"Starting @cyanheads/git-mcp-server (v2.8.4)..."}
{"level":30,"time":1772090110026,"env":"development","version":"2.8.4","pid":30800,"transport":"stdio","requestId":"BGSCD-FVY9E","timestamp":"2026-02-26T07:15:10.026Z","operation":"TransportManager.start","msg":"Starting transport: stdio"}
{"level":30,"time":1772090110026,"env":"development","version":"2.8.4","pid":30800,"requestId":"EUVRP-JHU35","timestamp":"2026-02-26T07:15:10.026Z","operation":"createMcpServerInstance","msg":"Initializing MCP server instance"}
{"level":20,"time":1772090110027,"env":"development","version":"2.8.4","pid":30800,"requestId":"7XXFS-5693U","timestamp":"2026-02-26T07:15:10.027Z","newConfigState":{"appName":"@cyanheads/git-mcp-server","appVersion":"2.8.4","environment":"development"},"operation":"RequestContextService.configure","msg":"RequestContextService configuration updated"}
{"level":20,"time":1772090110030,"env":"development","version":"2.8.4","pid":30800,"requestId":"EUVRP-JHU35","timestamp":"2026-02-26T07:15:10.026Z","operation":"createMcpServerInstance","msg":"Registering all MCP capabilities via registries..."}
{"level":30,"time":1772090110031,"env":"development","version":"2.8.4","pid":30800,"requestId":"TADNO-0YUHK","timestamp":"2026-02-26T07:15:10.031Z","operation":"ToolRegistry.registerAll","msg":"Registering 28 tool(s)..."}
{"level":20,"time":1772090110031,"env":"development","version":"2.8.4","pid":30800,"toolName":"git_add","requestId":"N2270-FF3VK","timestamp":"2026-02-26T07:15:10.031Z","operation":"ToolRegistry.registerTool","msg":"Registering tool: 'git_add'"}
{"level":30,"time":1772090110032,"env":"development","version":"2.8.4","pid":30800,"toolName":"git_add","requestId":"N2270-FF3VK","timestamp":"2026-02-26T07:15:10.031Z","operation":"ToolRegistry.registerTool","msg":"Tool 'git_add' registered successfully."}
{"level":20,"time":1772090110032,"env":"development","version":"2.8.4","pid":30800,"toolName":"git_blame","requestId":"RAJ7H-0QXKV","timestamp":"2026-02-26T07:15:10.032Z","operation":"ToolRegistry.registerTool","msg":"Registering tool: 'git_blame'"}
{"level":30,"time":1772090110032,"env":"development","version":"2.8.4","pid":30800,"toolName":"git_blame","requestId":"RAJ7H-0QXKV","timestamp":"2026-02-26T07:15:10.032Z","operation":"ToolRegistry.registerTool","msg":"Tool 'git_blame' registered successfully."}
{"level":20,"time":1772090110032,"env":"development","version":"2.8.4","pid":30800,"toolName":"git_branch","requestId":"SJQTN-XUURE","timestamp":"2026-02-26T07:15:10.032Z","operation":"ToolRegistry.registerTool","msg":"Registering tool: 'git_branch'"}
{"level":30,"time":1772090110032,"env":"development","version":"2.8.4","pid":30800,"toolName":"git_branch","requestId":"SJQTN-XUURE","timestamp":"2026-02-26T07:15:10.032Z","operation":"ToolRegistry.registerTool","msg":"Tool 'git_branch' registered successfully."}
{"level":20,"time":1772090110032,"env":"development","version":"2.8.4","pid":30800,"toolName":"git_changelog_analyze","requestId":"04LWB-Q051V","timestamp":"2026-02-26T07:15:10.032Z","operation":"ToolRegistry.registerTool","msg":"Registering tool: 'git_changelog_analyze'"}
{"level":30,"time":1772090110032,"env":"development","version":"2.8.4","pid":30800,"toolName":"git_changelog_analyze","requestId":"04LWB-Q051V","timestamp":"2026-02-26T07:15:10.032Z","operation":"ToolRegistry.registerTool","msg":"Tool 'git_changelog_analyze' registered successfully."}
{"level":20,"time":1772090110032,"env":"development","version":"2.8.4","pid":30800,"toolName":"git_checkout","requestId":"RXH83-ILBEW","timestamp":"2026-02-26T07:15:10.032Z","operation":"ToolRegistry.registerTool","msg":"Registering tool: 'git_checkout'"}
{"level":30,"time":1772090110032,"env":"development","version":"2.8.4","pid":30800,"toolName":"git_checkout","requestId":"RXH83-ILBEW","timestamp":"2026-02-26T07:15:10.032Z","operation":"ToolRegistry.registerTool","msg":"Tool 'git_checkout' registered successfully."}
{"level":20,"time":1772090110032,"env":"development","version":"2.8.4","pid":30800,"toolName":"git_cherry_pick","requestId":"5ZCZH-7GFV1","timestamp":"2026-02-26T07:15:10.032Z","operation":"ToolRegistry.registerTool","msg":"Registering tool: 'git_cherry_pick'"}
{"level":30,"time":1772090110032,"env":"development","version":"2.8.4","pid":30800,"toolName":"git_cherry_pick","requestId":"5ZCZH-7GFV1","timestamp":"2026-02-26T07:15:10.032Z","operation":"ToolRegistry.registerTool","msg":"Tool 'git_cherry_pick' registered successfully."}
{"level":20,"time":1772090110032,"env":"development","version":"2.8.4","pid":30800,"toolName":"git_clean","requestId":"JW6WA-IYRJ4","timestamp":"2026-02-26T07:15:10.032Z","operation":"ToolRegistry.registerTool","msg":"Registering tool: 'git_clean'"}
{"level":30,"time":1772090110032,"env":"development","version":"2.8.4","pid":30800,"toolName":"git_clean","requestId":"JW6WA-IYRJ4","timestamp":"2026-02-26T07:15:10.032Z","operation":"ToolRegistry.registerTool","msg":"Tool 'git_clean' registered successfully."}
{"level":20,"time":1772090110032,"env":"development","version":"2.8.4","pid":30800,"toolName":"git_clear_working_dir","requestId":"KQ8XY-01GNK","timestamp":"2026-02-26T07:15:10.032Z","operation":"ToolRegistry.registerTool","msg":"Registering tool: 'git_clear_working_dir'"}
{"level":30,"time":1772090110032,"env":"development","version":"2.8.4","pid":30800,"toolName":"git_clear_working_dir","requestId":"KQ8XY-01GNK","timestamp":"2026-02-26T07:15:10.032Z","operation":"ToolRegistry.registerTool","msg":"Tool 'git_clear_working_dir' registered successfully."}
{"level":20,"time":1772090110032,"env":"development","version":"2.8.4","pid":30800,"toolName":"git_clone","requestId":"7OTHP-90DD3","timestamp":"2026-02-26T07:15:10.032Z","operation":"ToolRegistry.registerTool","msg":"Registering tool: 'git_clone'"}
{"level":30,"time":1772090110032,"env":"development","version":"2.8.4","pid":30800,"toolName":"git_clone","requestId":"7OTHP-90DD3","timestamp":"2026-02-26T07:15:10.032Z","operation":"ToolRegistry.registerTool","msg":"Tool 'git_clone' registered successfully."}
{"level":20,"time":1772090110032,"env":"development","version":"2.8.4","pid":30800,"toolName":"git_commit","requestId":"NF320-CFPBY","timestamp":"2026-02-26T07:15:10.032Z","operation":"ToolRegistry.registerTool","msg":"Registering tool: 'git_commit'"}
{"level":30,"time":1772090110032,"env":"development","version":"2.8.4","pid":30800,"toolName":"git_commit","requestId":"NF320-CFPBY","timestamp":"2026-02-26T07:15:10.032Z","operation":"ToolRegistry.registerTool","msg":"Tool 'git_commit' registered successfully."}
{"level":20,"time":1772090110032,"env":"development","version":"2.8.4","pid":30800,"toolName":"git_diff","requestId":"YJ4MV-WDM23","timestamp":"2026-02-26T07:15:10.032Z","operation":"ToolRegistry.registerTool","msg":"Registering tool: 'git_diff'"}
{"level":30,"time":1772090110032,"env":"development","version":"2.8.4","pid":30800,"toolName":"git_diff","requestId":"YJ4MV-WDM23","timestamp":"2026-02-26T07:15:10.032Z","operation":"ToolRegistry.registerTool","msg":"Tool 'git_diff' registered successfully."}
{"level":20,"time":1772090110032,"env":"development","version":"2.8.4","pid":30800,"toolName":"git_fetch","requestId":"DUDNI-48WW0","timestamp":"2026-02-26T07:15:10.032Z","operation":"ToolRegistry.registerTool","msg":"Registering tool: 'git_fetch'"}
{"level":30,"time":1772090110033,"env":"development","version":"2.8.4","pid":30800,"toolName":"git_fetch","requestId":"DUDNI-48WW0","timestamp":"2026-02-26T07:15:10.032Z","operation":"ToolRegistry.registerTool","msg":"Tool 'git_fetch' registered successfully."}
{"level":20,"time":1772090110033,"env":"development","version":"2.8.4","pid":30800,"toolName":"git_init","requestId":"8M2ZS-EDGN1","timestamp":"2026-02-26T07:15:10.033Z","operation":"ToolRegistry.registerTool","msg":"Registering tool: 'git_init'"}
{"level":30,"time":1772090110033,"env":"development","version":"2.8.4","pid":30800,"toolName":"git_init","requestId":"8M2ZS-EDGN1","timestamp":"2026-02-26T07:15:10.033Z","operation":"ToolRegistry.registerTool","msg":"Tool 'git_init' registered successfully."}
{"level":20,"time":1772090110033,"env":"development","version":"2.8.4","pid":30800,"toolName":"git_log","requestId":"D7ITD-Z5FAS","timestamp":"2026-02-26T07:15:10.033Z","operation":"ToolRegistry.registerTool","msg":"Registering tool: 'git_log'"}
{"level":30,"time":1772090110033,"env":"development","version":"2.8.4","pid":30800,"toolName":"git_log","requestId":"D7ITD-Z5FAS","timestamp":"2026-02-26T07:15:10.033Z","operation":"ToolRegistry.registerTool","msg":"Tool 'git_log' registered successfully."}
{"level":20,"time":1772090110033,"env":"development","version":"2.8.4","pid":30800,"toolName":"git_merge","requestId":"LYS0I-CPKTB","timestamp":"2026-02-26T07:15:10.033Z","operation":"ToolRegistry.registerTool","msg":"Registering tool: 'git_merge'"}
{"level":30,"time":1772090110033,"env":"development","version":"2.8.4","pid":30800,"toolName":"git_merge","requestId":"LYS0I-CPKTB","timestamp":"2026-02-26T07:15:10.033Z","operation":"ToolRegistry.registerTool","msg":"Tool 'git_merge' registered successfully."}
{"level":20,"time":1772090110033,"env":"development","version":"2.8.4","pid":30800,"toolName":"git_pull","requestId":"JN7CL-1Q977","timestamp":"2026-02-26T07:15:10.033Z","operation":"ToolRegistry.registerTool","msg":"Registering tool: 'git_pull'"}
{"level":30,"time":1772090110033,"env":"development","version":"2.8.4","pid":30800,"toolName":"git_pull","requestId":"JN7CL-1Q977","timestamp":"2026-02-26T07:15:10.033Z","operation":"ToolRegistry.registerTool","msg":"Tool 'git_pull' registered successfully."}
{"level":20,"time":1772090110033,"env":"development","version":"2.8.4","pid":30800,"toolName":"git_push","requestId":"4U1K4-YD6CL","timestamp":"2026-02-26T07:15:10.033Z","operation":"ToolRegistry.registerTool","msg":"Registering tool: 'git_push'"}
{"level":30,"time":1772090110033,"env":"development","version":"2.8.4","pid":30800,"toolName":"git_push","requestId":"4U1K4-YD6CL","timestamp":"2026-02-26T07:15:10.033Z","operation":"ToolRegistry.registerTool","msg":"Tool 'git_push' registered successfully."}
{"level":20,"time":1772090110033,"env":"development","version":"2.8.4","pid":30800,"toolName":"git_rebase","requestId":"698C6-D0PNZ","timestamp":"2026-02-26T07:15:10.033Z","operation":"ToolRegistry.registerTool","msg":"Registering tool: 'git_rebase'"}
{"level":30,"time":1772090110033,"env":"development","version":"2.8.4","pid":30800,"toolName":"git_rebase","requestId":"698C6-D0PNZ","timestamp":"2026-02-26T07:15:10.033Z","operation":"ToolRegistry.registerTool","msg":"Tool 'git_rebase' registered successfully."}
{"level":20,"time":1772090110033,"env":"development","version":"2.8.4","pid":30800,"toolName":"git_reflog","requestId":"DH39S-LRMVX","timestamp":"2026-02-26T07:15:10.033Z","operation":"ToolRegistry.registerTool","msg":"Registering tool: 'git_reflog'"}
{"level":30,"time":1772090110033,"env":"development","version":"2.8.4","pid":30800,"toolName":"git_reflog","requestId":"DH39S-LRMVX","timestamp":"2026-02-26T07:15:10.033Z","operation":"ToolRegistry.registerTool","msg":"Tool 'git_reflog' registered successfully."}
{"level":20,"time":1772090110033,"env":"development","version":"2.8.4","pid":30800,"toolName":"git_remote","requestId":"E9F8D-D3MPG","timestamp":"2026-02-26T07:15:10.033Z","operation":"ToolRegistry.registerTool","msg":"Registering tool: 'git_remote'"}
{"level":30,"time":1772090110033,"env":"development","version":"2.8.4","pid":30800,"toolName":"git_remote","requestId":"E9F8D-D3MPG","timestamp":"2026-02-26T07:15:10.033Z","operation":"ToolRegistry.registerTool","msg":"Tool 'git_remote' registered successfully."}
{"level":20,"time":1772090110033,"env":"development","version":"2.8.4","pid":30800,"toolName":"git_reset","requestId":"5ERGT-YNFQD","timestamp":"2026-02-26T07:15:10.033Z","operation":"ToolRegistry.registerTool","msg":"Registering tool: 'git_reset'"}
{"level":30,"time":1772090110033,"env":"development","version":"2.8.4","pid":30800,"toolName":"git_reset","requestId":"5ERGT-YNFQD","timestamp":"2026-02-26T07:15:10.033Z","operation":"ToolRegistry.registerTool","msg":"Tool 'git_reset' registered successfully."}
{"level":20,"time":1772090110033,"env":"development","version":"2.8.4","pid":30800,"toolName":"git_set_working_dir","requestId":"EO4PH-VU5HS","timestamp":"2026-02-26T07:15:10.033Z","operation":"ToolRegistry.registerTool","msg":"Registering tool: 'git_set_working_dir'"}
{"level":30,"time":1772090110033,"env":"development","version":"2.8.4","pid":30800,"toolName":"git_set_working_dir","requestId":"EO4PH-VU5HS","timestamp":"2026-02-26T07:15:10.033Z","operation":"ToolRegistry.registerTool","msg":"Tool 'git_set_working_dir' registered successfully."}
{"level":20,"time":1772090110033,"env":"development","version":"2.8.4","pid":30800,"toolName":"git_show","requestId":"H6QI4-LJYOF","timestamp":"2026-02-26T07:15:10.033Z","operation":"ToolRegistry.registerTool","msg":"Registering tool: 'git_show'"}
{"level":30,"time":1772090110033,"env":"development","version":"2.8.4","pid":30800,"toolName":"git_show","requestId":"H6QI4-LJYOF","timestamp":"2026-02-26T07:15:10.033Z","operation":"ToolRegistry.registerTool","msg":"Tool 'git_show' registered successfully."}
{"level":20,"time":1772090110033,"env":"development","version":"2.8.4","pid":30800,"toolName":"git_stash","requestId":"DZFL8-Z8EG6","timestamp":"2026-02-26T07:15:10.033Z","operation":"ToolRegistry.registerTool","msg":"Registering tool: 'git_stash'"}
{"level":30,"time":1772090110033,"env":"development","version":"2.8.4","pid":30800,"toolName":"git_stash","requestId":"DZFL8-Z8EG6","timestamp":"2026-02-26T07:15:10.033Z","operation":"ToolRegistry.registerTool","msg":"Tool 'git_stash' registered successfully."}
{"level":20,"time":1772090110033,"env":"development","version":"2.8.4","pid":30800,"toolName":"git_status","requestId":"9V2OF-U4OVD","timestamp":"2026-02-26T07:15:10.033Z","operation":"ToolRegistry.registerTool","msg":"Registering tool: 'git_status'"}
{"level":30,"time":1772090110033,"env":"development","version":"2.8.4","pid":30800,"toolName":"git_status","requestId":"9V2OF-U4OVD","timestamp":"2026-02-26T07:15:10.033Z","operation":"ToolRegistry.registerTool","msg":"Tool 'git_status' registered successfully."}
{"level":20,"time":1772090110033,"env":"development","version":"2.8.4","pid":30800,"toolName":"git_tag","requestId":"CPGMA-37KLZ","timestamp":"2026-02-26T07:15:10.033Z","operation":"ToolRegistry.registerTool","msg":"Registering tool: 'git_tag'"}
{"level":30,"time":1772090110033,"env":"development","version":"2.8.4","pid":30800,"toolName":"git_tag","requestId":"CPGMA-37KLZ","timestamp":"2026-02-26T07:15:10.033Z","operation":"ToolRegistry.registerTool","msg":"Tool 'git_tag' registered successfully."}
{"level":20,"time":1772090110033,"env":"development","version":"2.8.4","pid":30800,"toolName":"git_worktree","requestId":"BM52W-A7TEW","timestamp":"2026-02-26T07:15:10.033Z","operation":"ToolRegistry.registerTool","msg":"Registering tool: 'git_worktree'"}
{"level":30,"time":1772090110033,"env":"development","version":"2.8.4","pid":30800,"toolName":"git_worktree","requestId":"BM52W-A7TEW","timestamp":"2026-02-26T07:15:10.033Z","operation":"ToolRegistry.registerTool","msg":"Tool 'git_worktree' registered successfully."}
{"level":20,"time":1772090110033,"env":"development","version":"2.8.4","pid":30800,"toolName":"git_wrapup_instructions","requestId":"P92I3-QU22V","timestamp":"2026-02-26T07:15:10.033Z","operation":"ToolRegistry.registerTool","msg":"Registering tool: 'git_wrapup_instructions'"}
{"level":30,"time":1772090110033,"env":"development","version":"2.8.4","pid":30800,"toolName":"git_wrapup_instructions","requestId":"P92I3-QU22V","timestamp":"2026-02-26T07:15:10.033Z","operation":"ToolRegistry.registerTool","msg":"Tool 'git_wrapup_instructions' registered successfully."}
{"level":30,"time":1772090110033,"env":"development","version":"2.8.4","pid":30800,"requestId":"Z5370-2M0RA","timestamp":"2026-02-26T07:15:10.033Z","operation":"ResourceRegistry.registerAll","msg":"Registering 1 resource(s)..."}
{"level":30,"time":1772090110033,"env":"development","version":"2.8.4","pid":30800,"requestId":"JNJFN-DHCNQ","timestamp":"2026-02-26T07:15:10.033Z","resourceName":"git-working-directory","operation":"RegisterResource","msg":"Registering resource: 'git-working-directory'"}
{"level":30,"time":1772090110034,"env":"development","version":"2.8.4","pid":30800,"requestId":"JNJFN-DHCNQ","timestamp":"2026-02-26T07:15:10.033Z","resourceName":"git-working-directory","operation":"RegisterResource","msg":"Resource 'git-working-directory' registered successfully."}
{"level":20,"time":1772090110034,"env":"development","version":"2.8.4","pid":30800,"requestId":"5JFYV-TC1OL","timestamp":"2026-02-26T07:15:10.034Z","operation":"PromptRegistry.registerAll","msg":"Registering 1 prompts..."}
{"level":20,"time":1772090110034,"env":"development","version":"2.8.4","pid":30800,"requestId":"5JFYV-TC1OL","timestamp":"2026-02-26T07:15:10.034Z","operation":"PromptRegistry.registerAll","msg":"Registering prompt: git_wrapup"}
{"level":30,"time":1772090110035,"env":"development","version":"2.8.4","pid":30800,"requestId":"5JFYV-TC1OL","timestamp":"2026-02-26T07:15:10.034Z","operation":"PromptRegistry.registerAll","msg":"Registered prompt: git_wrapup"}
{"level":30,"time":1772090110035,"env":"development","version":"2.8.4","pid":30800,"requestId":"5JFYV-TC1OL","timestamp":"2026-02-26T07:15:10.034Z","operation":"PromptRegistry.registerAll","msg":"Successfully registered 1 prompts"}
{"level":30,"time":1772090110035,"env":"development","version":"2.8.4","pid":30800,"requestId":"EUVRP-JHU35","timestamp":"2026-02-26T07:15:10.026Z","operation":"createMcpServerInstance","msg":"All MCP capabilities registered successfully"}
{"level":30,"time":1772090110035,"env":"development","version":"2.8.4","pid":30800,"transport":"stdio","requestId":"BGSCD-FVY9E","timestamp":"2026-02-26T07:15:10.026Z","operation":"connectStdioTransport","transportType":"Stdio","msg":"Attempting to connect stdio transport..."}
{"level":20,"time":1772090110035,"env":"development","version":"2.8.4","pid":30800,"transport":"stdio","requestId":"BGSCD-FVY9E","timestamp":"2026-02-26T07:15:10.026Z","operation":"connectStdioTransport","transportType":"Stdio","msg":"Creating StdioServerTransport instance..."}
{"level":20,"time":1772090110035,"env":"development","version":"2.8.4","pid":30800,"transport":"stdio","requestId":"BGSCD-FVY9E","timestamp":"2026-02-26T07:15:10.026Z","operation":"connectStdioTransport","transportType":"Stdio","msg":"Connecting McpServer instance to StdioServerTransport..."}
{"level":30,"time":1772090110035,"env":"development","version":"2.8.4","pid":30800,"transport":"stdio","requestId":"BGSCD-FVY9E","timestamp":"2026-02-26T07:15:10.026Z","operation":"connectStdioTransport","transportType":"Stdio","msg":"MCP Server connected and listening via stdio transport."}
{"level":30,"time":1772090110035,"env":"development","version":"2.8.4","pid":30800,"applicationName":"@cyanheads/git-mcp-server","applicationVersion":"2.8.4","nodeEnvironment":"development","requestId":"MPULZ-WP9PO","timestamp":"2026-02-26T07:15:10.026Z","operation":"ServerStartup","msg":"@cyanheads/git-mcp-server is now running and ready."}
{"level":30,"time":1772093779014,"env":"development","version":"2.8.4","pid":33884,"requestId":"7Q2F1-WROR9","timestamp":"2026-02-26T08:16:19.012Z","operation":"loggerInit","msg":"Logger initialized. MCP level: debug."}
{"level":30,"time":1772093779014,"env":"development","version":"2.8.4","pid":33884,"requestId":"DE04K-ABK2U","timestamp":"2026-02-26T08:16:19.014Z","operation":"LoggerInit","msg":"Logger initialized. Effective MCP logging level: debug."}
{"level":30,"time":1772093779014,"env":"development","version":"2.8.4","pid":33884,"runtime":"node","runtimeVersion":"Node.js 25.6.1","requestId":"C0XI7-JBHJY","timestamp":"2026-02-26T08:16:19.014Z","operation":"RuntimeDetection","msg":"Runtime detected: Node.js 25.6.1"}
{"level":30,"time":1772093779015,"env":"development","version":"2.8.4","pid":33884,"requestId":"BLYAW-N4T5E","timestamp":"2026-02-26T08:16:19.015Z","operation":"StorageInit","msg":"Storage service initialized with provider: in-memory"}
{"level":30,"time":1772093779015,"env":"development","version":"2.8.4","pid":33884,"applicationName":"@cyanheads/git-mcp-server","applicationVersion":"2.8.4","nodeEnvironment":"development","requestId":"ZO58M-KYIDP","timestamp":"2026-02-26T08:16:19.015Z","operation":"ServerStartup","msg":"Starting @cyanheads/git-mcp-server (v2.8.4)..."}
{"level":30,"time":1772093779015,"env":"development","version":"2.8.4","pid":33884,"transport":"stdio","requestId":"TE8UY-JKIYX","timestamp":"2026-02-26T08:16:19.015Z","operation":"TransportManager.start","msg":"Starting transport: stdio"}
{"level":30,"time":1772093779015,"env":"development","version":"2.8.4","pid":33884,"requestId":"VAROX-L7CME","timestamp":"2026-02-26T08:16:19.015Z","operation":"createMcpServerInstance","msg":"Initializing MCP server instance"}
{"level":20,"time":1772093779015,"env":"development","version":"2.8.4","pid":33884,"requestId":"RIVSU-JM02N","timestamp":"2026-02-26T08:16:19.015Z","newConfigState":{"appName":"@cyanheads/git-mcp-server","appVersion":"2.8.4","environment":"development"},"operation":"RequestContextService.configure","msg":"RequestContextService configuration updated"}
{"level":20,"time":1772093779018,"env":"development","version":"2.8.4","pid":33884,"requestId":"VAROX-L7CME","timestamp":"2026-02-26T08:16:19.015Z","operation":"createMcpServerInstance","msg":"Registering all MCP capabilities via registries..."}
{"level":30,"time":1772093779019,"env":"development","version":"2.8.4","pid":33884,"requestId":"M8SVX-6KMGM","timestamp":"2026-02-26T08:16:19.018Z","operation":"ToolRegistry.registerAll","msg":"Registering 28 tool(s)..."}
{"level":20,"time":1772093779019,"env":"development","version":"2.8.4","pid":33884,"toolName":"git_add","requestId":"I9FEX-8I6Q4","timestamp":"2026-02-26T08:16:19.019Z","operation":"ToolRegistry.registerTool","msg":"Registering tool: 'git_add'"}
{"level":30,"time":1772093779019,"env":"development","version":"2.8.4","pid":33884,"toolName":"git_add","requestId":"I9FEX-8I6Q4","timestamp":"2026-02-26T08:16:19.019Z","operation":"ToolRegistry.registerTool","msg":"Tool 'git_add' registered successfully."}
{"level":20,"time":1772093779019,"env":"development","version":"2.8.4","pid":33884,"toolName":"git_blame","requestId":"UG66D-FJLU5","timestamp":"2026-02-26T08:16:19.019Z","operation":"ToolRegistry.registerTool","msg":"Registering tool: 'git_blame'"}
{"level":30,"time":1772093779019,"env":"development","version":"2.8.4","pid":33884,"toolName":"git_blame","requestId":"UG66D-FJLU5","timestamp":"2026-02-26T08:16:19.019Z","operation":"ToolRegistry.registerTool","msg":"Tool 'git_blame' registered successfully."}
{"level":20,"time":1772093779019,"env":"development","version":"2.8.4","pid":33884,"toolName":"git_branch","requestId":"RC5W2-P1H66","timestamp":"2026-02-26T08:16:19.019Z","operation":"ToolRegistry.registerTool","msg":"Registering tool: 'git_branch'"}
{"level":30,"time":1772093779019,"env":"development","version":"2.8.4","pid":33884,"toolName":"git_branch","requestId":"RC5W2-P1H66","timestamp":"2026-02-26T08:16:19.019Z","operation":"ToolRegistry.registerTool","msg":"Tool 'git_branch' registered successfully."}
{"level":20,"time":1772093779019,"env":"development","version":"2.8.4","pid":33884,"toolName":"git_changelog_analyze","requestId":"PA229-M7OHV","timestamp":"2026-02-26T08:16:19.019Z","operation":"ToolRegistry.registerTool","msg":"Registering tool: 'git_changelog_analyze'"}
{"level":30,"time":1772093779019,"env":"development","version":"2.8.4","pid":33884,"toolName":"git_changelog_analyze","requestId":"PA229-M7OHV","timestamp":"2026-02-26T08:16:19.019Z","operation":"ToolRegistry.registerTool","msg":"Tool 'git_changelog_analyze' registered successfully."}
{"level":20,"time":1772093779020,"env":"development","version":"2.8.4","pid":33884,"toolName":"git_checkout","requestId":"WWTKU-P26RX","timestamp":"2026-02-26T08:16:19.019Z","operation":"ToolRegistry.registerTool","msg":"Registering tool: 'git_checkout'"}
{"level":30,"time":1772093779020,"env":"development","version":"2.8.4","pid":33884,"toolName":"git_checkout","requestId":"WWTKU-P26RX","timestamp":"2026-02-26T08:16:19.019Z","operation":"ToolRegistry.registerTool","msg":"Tool 'git_checkout' registered successfully."}
{"level":20,"time":1772093779020,"env":"development","version":"2.8.4","pid":33884,"toolName":"git_cherry_pick","requestId":"FIRMM-GQAOS","timestamp":"2026-02-26T08:16:19.020Z","operation":"ToolRegistry.registerTool","msg":"Registering tool: 'git_cherry_pick'"}
{"level":30,"time":1772093779020,"env":"development","version":"2.8.4","pid":33884,"toolName":"git_cherry_pick","requestId":"FIRMM-GQAOS","timestamp":"2026-02-26T08:16:19.020Z","operation":"ToolRegistry.registerTool","msg":"Tool 'git_cherry_pick' registered successfully."}
{"level":20,"time":1772093779020,"env":"development","version":"2.8.4","pid":33884,"toolName":"git_clean","requestId":"GMUUA-W7NCP","timestamp":"2026-02-26T08:16:19.020Z","operation":"ToolRegistry.registerTool","msg":"Registering tool: 'git_clean'"}
{"level":30,"time":1772093779020,"env":"development","version":"2.8.4","pid":33884,"toolName":"git_clean","requestId":"GMUUA-W7NCP","timestamp":"2026-02-26T08:16:19.020Z","operation":"ToolRegistry.registerTool","msg":"Tool 'git_clean' registered successfully."}
{"level":20,"time":1772093779020,"env":"development","version":"2.8.4","pid":33884,"toolName":"git_clear_working_dir","requestId":"9JC1G-NCXSO","timestamp":"2026-02-26T08:16:19.020Z","operation":"ToolRegistry.registerTool","msg":"Registering tool: 'git_clear_working_dir'"}
{"level":30,"time":1772093779020,"env":"development","version":"2.8.4","pid":33884,"toolName":"git_clear_working_dir","requestId":"9JC1G-NCXSO","timestamp":"2026-02-26T08:16:19.020Z","operation":"ToolRegistry.registerTool","msg":"Tool 'git_clear_working_dir' registered successfully."}
{"level":20,"time":1772093779020,"env":"development","version":"2.8.4","pid":33884,"toolName":"git_clone","requestId":"D8J69-HQD1F","timestamp":"2026-02-26T08:16:19.020Z","operation":"ToolRegistry.registerTool","msg":"Registering tool: 'git_clone'"}
{"level":30,"time":1772093779020,"env":"development","version":"2.8.4","pid":33884,"toolName":"git_clone","requestId":"D8J69-HQD1F","timestamp":"2026-02-26T08:16:19.020Z","operation":"ToolRegistry.registerTool","msg":"Tool 'git_clone' registered successfully."}
{"level":20,"time":1772093779020,"env":"development","version":"2.8.4","pid":33884,"toolName":"git_commit","requestId":"7N79T-OAMD9","timestamp":"2026-02-26T08:16:19.020Z","operation":"ToolRegistry.registerTool","msg":"Registering tool: 'git_commit'"}
{"level":30,"time":1772093779020,"env":"development","version":"2.8.4","pid":33884,"toolName":"git_commit","requestId":"7N79T-OAMD9","timestamp":"2026-02-26T08:16:19.020Z","operation":"ToolRegistry.registerTool","msg":"Tool 'git_commit' registered successfully."}
{"level":20,"time":1772093779020,"env":"development","version":"2.8.4","pid":33884,"toolName":"git_diff","requestId":"GB5I7-WXDJF","timestamp":"2026-02-26T08:16:19.020Z","operation":"ToolRegistry.registerTool","msg":"Registering tool: 'git_diff'"}
{"level":30,"time":1772093779020,"env":"development","version":"2.8.4","pid":33884,"toolName":"git_diff","requestId":"GB5I7-WXDJF","timestamp":"2026-02-26T08:16:19.020Z","operation":"ToolRegistry.registerTool","msg":"Tool 'git_diff' registered successfully."}
{"level":20,"time":1772093779020,"env":"development","version":"2.8.4","pid":33884,"toolName":"git_fetch","requestId":"40JR6-G7AIR","timestamp":"2026-02-26T08:16:19.020Z","operation":"ToolRegistry.registerTool","msg":"Registering tool: 'git_fetch'"}
{"level":30,"time":1772093779020,"env":"development","version":"2.8.4","pid":33884,"toolName":"git_fetch","requestId":"40JR6-G7AIR","timestamp":"2026-02-26T08:16:19.020Z","operation":"ToolRegistry.registerTool","msg":"Tool 'git_fetch' registered successfully."}
{"level":20,"time":1772093779020,"env":"development","version":"2.8.4","pid":33884,"toolName":"git_init","requestId":"3NPJM-4N6CK","timestamp":"2026-02-26T08:16:19.020Z","operation":"ToolRegistry.registerTool","msg":"Registering tool: 'git_init'"}
{"level":30,"time":1772093779020,"env":"development","version":"2.8.4","pid":33884,"toolName":"git_init","requestId":"3NPJM-4N6CK","timestamp":"2026-02-26T08:16:19.020Z","operation":"ToolRegistry.registerTool","msg":"Tool 'git_init' registered successfully."}
{"level":20,"time":1772093779020,"env":"development","version":"2.8.4","pid":33884,"toolName":"git_log","requestId":"XGVJU-YB7Y9","timestamp":"2026-02-26T08:16:19.020Z","operation":"ToolRegistry.registerTool","msg":"Registering tool: 'git_log'"}
{"level":30,"time":1772093779020,"env":"development","version":"2.8.4","pid":33884,"toolName":"git_log","requestId":"XGVJU-YB7Y9","timestamp":"2026-02-26T08:16:19.020Z","operation":"ToolRegistry.registerTool","msg":"Tool 'git_log' registered successfully."}
{"level":20,"time":1772093779020,"env":"development","version":"2.8.4","pid":33884,"toolName":"git_merge","requestId":"GZZC2-1T20K","timestamp":"2026-02-26T08:16:19.020Z","operation":"ToolRegistry.registerTool","msg":"Registering tool: 'git_merge'"}
{"level":30,"time":1772093779020,"env":"development","version":"2.8.4","pid":33884,"toolName":"git_merge","requestId":"GZZC2-1T20K","timestamp":"2026-02-26T08:16:19.020Z","operation":"ToolRegistry.registerTool","msg":"Tool 'git_merge' registered successfully."}
{"level":20,"time":1772093779020,"env":"development","version":"2.8.4","pid":33884,"toolName":"git_pull","requestId":"RFG3N-CWTG3","timestamp":"2026-02-26T08:16:19.020Z","operation":"ToolRegistry.registerTool","msg":"Registering tool: 'git_pull'"}
{"level":30,"time":1772093779020,"env":"development","version":"2.8.4","pid":33884,"toolName":"git_pull","requestId":"RFG3N-CWTG3","timestamp":"2026-02-26T08:16:19.020Z","operation":"ToolRegistry.registerTool","msg":"Tool 'git_pull' registered successfully."}
{"level":20,"time":1772093779020,"env":"development","version":"2.8.4","pid":33884,"toolName":"git_push","requestId":"LSNGE-C59KW","timestamp":"2026-02-26T08:16:19.020Z","operation":"ToolRegistry.registerTool","msg":"Registering tool: 'git_push'"}
{"level":30,"time":1772093779020,"env":"development","version":"2.8.4","pid":33884,"toolName":"git_push","requestId":"LSNGE-C59KW","timestamp":"2026-02-26T08:16:19.020Z","operation":"ToolRegistry.registerTool","msg":"Tool 'git_push' registered successfully."}
{"level":20,"time":1772093779020,"env":"development","version":"2.8.4","pid":33884,"toolName":"git_rebase","requestId":"MDJ2L-0WAZR","timestamp":"2026-02-26T08:16:19.020Z","operation":"ToolRegistry.registerTool","msg":"Registering tool: 'git_rebase'"}
{"level":30,"time":1772093779020,"env":"development","version":"2.8.4","pid":33884,"toolName":"git_rebase","requestId":"MDJ2L-0WAZR","timestamp":"2026-02-26T08:16:19.020Z","operation":"ToolRegistry.registerTool","msg":"Tool 'git_rebase' registered successfully."}
{"level":20,"time":1772093779020,"env":"development","version":"2.8.4","pid":33884,"toolName":"git_reflog","requestId":"DYM91-RXELT","timestamp":"2026-02-26T08:16:19.020Z","operation":"ToolRegistry.registerTool","msg":"Registering tool: 'git_reflog'"}
{"level":30,"time":1772093779020,"env":"development","version":"2.8.4","pid":33884,"toolName":"git_reflog","requestId":"DYM91-RXELT","timestamp":"2026-02-26T08:16:19.020Z","operation":"ToolRegistry.registerTool","msg":"Tool 'git_reflog' registered successfully."}
{"level":20,"time":1772093779020,"env":"development","version":"2.8.4","pid":33884,"toolName":"git_remote","requestId":"Q7JQ9-PVL4P","timestamp":"2026-02-26T08:16:19.020Z","operation":"ToolRegistry.registerTool","msg":"Registering tool: 'git_remote'"}
{"level":30,"time":1772093779020,"env":"development","version":"2.8.4","pid":33884,"toolName":"git_remote","requestId":"Q7JQ9-PVL4P","timestamp":"2026-02-26T08:16:19.020Z","operation":"ToolRegistry.registerTool","msg":"Tool 'git_remote' registered successfully."}
{"level":20,"time":1772093779020,"env":"development","version":"2.8.4","pid":33884,"toolName":"git_reset","requestId":"AIAU3-9UQAV","timestamp":"2026-02-26T08:16:19.020Z","operation":"ToolRegistry.registerTool","msg":"Registering tool: 'git_reset'"}
{"level":30,"time":1772093779020,"env":"development","version":"2.8.4","pid":33884,"toolName":"git_reset","requestId":"AIAU3-9UQAV","timestamp":"2026-02-26T08:16:19.020Z","operation":"ToolRegistry.registerTool","msg":"Tool 'git_reset' registered successfully."}
{"level":20,"time":1772093779020,"env":"development","version":"2.8.4","pid":33884,"toolName":"git_set_working_dir","requestId":"22DHE-ZWAQB","timestamp":"2026-02-26T08:16:19.020Z","operation":"ToolRegistry.registerTool","msg":"Registering tool: 'git_set_working_dir'"}
{"level":30,"time":1772093779020,"env":"development","version":"2.8.4","pid":33884,"toolName":"git_set_working_dir","requestId":"22DHE-ZWAQB","timestamp":"2026-02-26T08:16:19.020Z","operation":"ToolRegistry.registerTool","msg":"Tool 'git_set_working_dir' registered successfully."}
{"level":20,"time":1772093779020,"env":"development","version":"2.8.4","pid":33884,"toolName":"git_show","requestId":"W5IFP-ORN22","timestamp":"2026-02-26T08:16:19.020Z","operation":"ToolRegistry.registerTool","msg":"Registering tool: 'git_show'"}
{"level":30,"time":1772093779020,"env":"development","version":"2.8.4","pid":33884,"toolName":"git_show","requestId":"W5IFP-ORN22","timestamp":"2026-02-26T08:16:19.020Z","operation":"ToolRegistry.registerTool","msg":"Tool 'git_show' registered successfully."}
{"level":20,"time":1772093779021,"env":"development","version":"2.8.4","pid":33884,"toolName":"git_stash","requestId":"OVCR9-JS4Q5","timestamp":"2026-02-26T08:16:19.021Z","operation":"ToolRegistry.registerTool","msg":"Registering tool: 'git_stash'"}
{"level":30,"time":1772093779021,"env":"development","version":"2.8.4","pid":33884,"toolName":"git_stash","requestId":"OVCR9-JS4Q5","timestamp":"2026-02-26T08:16:19.021Z","operation":"ToolRegistry.registerTool","msg":"Tool 'git_stash' registered successfully."}
{"level":20,"time":1772093779021,"env":"development","version":"2.8.4","pid":33884,"toolName":"git_status","requestId":"2VRN1-VN2P7","timestamp":"2026-02-26T08:16:19.021Z","operation":"ToolRegistry.registerTool","msg":"Registering tool: 'git_status'"}
{"level":30,"time":1772093779021,"env":"development","version":"2.8.4","pid":33884,"toolName":"git_status","requestId":"2VRN1-VN2P7","timestamp":"2026-02-26T08:16:19.021Z","operation":"ToolRegistry.registerTool","msg":"Tool 'git_status' registered successfully."}
{"level":20,"time":1772093779021,"env":"development","version":"2.8.4","pid":33884,"toolName":"git_tag","requestId":"5VH26-1YIEA","timestamp":"2026-02-26T08:16:19.021Z","operation":"ToolRegistry.registerTool","msg":"Registering tool: 'git_tag'"}
{"level":30,"time":1772093779021,"env":"development","version":"2.8.4","pid":33884,"toolName":"git_tag","requestId":"5VH26-1YIEA","timestamp":"2026-02-26T08:16:19.021Z","operation":"ToolRegistry.registerTool","msg":"Tool 'git_tag' registered successfully."}
{"level":20,"time":1772093779021,"env":"development","version":"2.8.4","pid":33884,"toolName":"git_worktree","requestId":"K6ZJQ-QICHP","timestamp":"2026-02-26T08:16:19.021Z","operation":"ToolRegistry.registerTool","msg":"Registering tool: 'git_worktree'"}
{"level":30,"time":1772093779021,"env":"development","version":"2.8.4","pid":33884,"toolName":"git_worktree","requestId":"K6ZJQ-QICHP","timestamp":"2026-02-26T08:16:19.021Z","operation":"ToolRegistry.registerTool","msg":"Tool 'git_worktree' registered successfully."}
{"level":20,"time":1772093779021,"env":"development","version":"2.8.4","pid":33884,"toolName":"git_wrapup_instructions","requestId":"AMODD-1S3KK","timestamp":"2026-02-26T08:16:19.021Z","operation":"ToolRegistry.registerTool","msg":"Registering tool: 'git_wrapup_instructions'"}
{"level":30,"time":1772093779021,"env":"development","version":"2.8.4","pid":33884,"toolName":"git_wrapup_instructions","requestId":"AMODD-1S3KK","timestamp":"2026-02-26T08:16:19.021Z","operation":"ToolRegistry.registerTool","msg":"Tool 'git_wrapup_instructions' registered successfully."}
{"level":30,"time":1772093779021,"env":"development","version":"2.8.4","pid":33884,"requestId":"VY9X4-SIQKK","timestamp":"2026-02-26T08:16:19.021Z","operation":"ResourceRegistry.registerAll","msg":"Registering 1 resource(s)..."}
{"level":30,"time":1772093779021,"env":"development","version":"2.8.4","pid":33884,"requestId":"43RG0-DWWG6","timestamp":"2026-02-26T08:16:19.021Z","resourceName":"git-working-directory","operation":"RegisterResource","msg":"Registering resource: 'git-working-directory'"}
{"level":30,"time":1772093779021,"env":"development","version":"2.8.4","pid":33884,"requestId":"43RG0-DWWG6","timestamp":"2026-02-26T08:16:19.021Z","resourceName":"git-working-directory","operation":"RegisterResource","msg":"Resource 'git-working-directory' registered successfully."}
{"level":20,"time":1772093779022,"env":"development","version":"2.8.4","pid":33884,"requestId":"Q5CZA-13QRR","timestamp":"2026-02-26T08:16:19.021Z","operation":"PromptRegistry.registerAll","msg":"Registering 1 prompts..."}
{"level":20,"time":1772093779022,"env":"development","version":"2.8.4","pid":33884,"requestId":"Q5CZA-13QRR","timestamp":"2026-02-26T08:16:19.021Z","operation":"PromptRegistry.registerAll","msg":"Registering prompt: git_wrapup"}
{"level":30,"time":1772093779022,"env":"development","version":"2.8.4","pid":33884,"requestId":"Q5CZA-13QRR","timestamp":"2026-02-26T08:16:19.021Z","operation":"PromptRegistry.registerAll","msg":"Registered prompt: git_wrapup"}
{"level":30,"time":1772093779022,"env":"development","version":"2.8.4","pid":33884,"requestId":"Q5CZA-13QRR","timestamp":"2026-02-26T08:16:19.021Z","operation":"PromptRegistry.registerAll","msg":"Successfully registered 1 prompts"}
{"level":30,"time":1772093779022,"env":"development","version":"2.8.4","pid":33884,"requestId":"VAROX-L7CME","timestamp":"2026-02-26T08:16:19.015Z","operation":"createMcpServerInstance","msg":"All MCP capabilities registered successfully"}
{"level":30,"time":1772093779022,"env":"development","version":"2.8.4","pid":33884,"transport":"stdio","requestId":"TE8UY-JKIYX","timestamp":"2026-02-26T08:16:19.015Z","operation":"connectStdioTransport","transportType":"Stdio","msg":"Attempting to connect stdio transport..."}
{"level":20,"time":1772093779022,"env":"development","version":"2.8.4","pid":33884,"transport":"stdio","requestId":"TE8UY-JKIYX","timestamp":"2026-02-26T08:16:19.015Z","operation":"connectStdioTransport","transportType":"Stdio","msg":"Creating StdioServerTransport instance..."}
{"level":20,"time":1772093779022,"env":"development","version":"2.8.4","pid":33884,"transport":"stdio","requestId":"TE8UY-JKIYX","timestamp":"2026-02-26T08:16:19.015Z","operation":"connectStdioTransport","transportType":"Stdio","msg":"Connecting McpServer instance to StdioServerTransport..."}
{"level":30,"time":1772093779022,"env":"development","version":"2.8.4","pid":33884,"transport":"stdio","requestId":"TE8UY-JKIYX","timestamp":"2026-02-26T08:16:19.015Z","operation":"connectStdioTransport","transportType":"Stdio","msg":"MCP Server connected and listening via stdio transport."}
{"level":30,"time":1772093779022,"env":"development","version":"2.8.4","pid":33884,"applicationName":"@cyanheads/git-mcp-server","applicationVersion":"2.8.4","nodeEnvironment":"development","requestId":"ZO58M-KYIDP","timestamp":"2026-02-26T08:16:19.015Z","operation":"ServerStartup","msg":"@cyanheads/git-mcp-server is now running and ready."}
